NUTS_ID,g_open,g_close
AL011,13.5808690210997,1247.88381745393
AL012,138.804965186844,2064.86911428009
AL013,6.17695874702898,1141.92531994225
AL014,67.1954613400341,1723.89405177046
AL015,36.8434882573136,1478.46165153736
AL021,52.4560066455467,1559.07416349312
AL022,112.172733665622,1879.72544884051
AL031,70.4744864471353,1681.49415447093
AL032,184.518353223089,2222.95323665173
AL033,59.8437085854002,1649.07294730107
AL034,9.91971088674669,1277.20999714998
AL035,111.867522013254,1867.56985790225
AT111,25.2907121944042,1440.90160703461
AT112,30.4013373845043,1557.28591700312
AT113,20.8324801957211,1429.08585284816
AT121,12.597433000948,1161.73036035907
AT122,19.1591351056845,1151.45826259017
AT123,21.7658450994513,1294.0794526914
AT124,12.9889251155374,1142.54014467603
AT125,21.1349051231851,1418.74101161995
AT126,28.3407409013423,1488.48917965312
AT127,31.9452336861396,1494.55835853701
AT130,35.1741616269366,1526.6929560376
AT211,3.44907484180172,1072.3004788575
AT212,1.38262422069628,668.228014629903
AT213,3.57523634601221,989.378394832134
AT221,13.8940097457968,1270.83430744208
AT222,1.91928927313926,737.512901657379
AT223,3.7418152156929,867.8824278742
AT224,15.5962949456644,1308.13134206076
AT225,12.6830511849469,1205.95797266183
AT226,2.30039406513767,712.108268399617
AT311,15.4071851188272,1276.98512395531
AT312,15.0383724502494,1306.44514604336
AT313,8.69558382277914,1114.39219068489
AT314,9.89256779185206,1085.28978718521
AT315,10.7531164879705,1076.2887086287
AT321,0.43480851672615,499.294689537323
AT322,0.708344140610982,593.489527500718
AT323,10.5383555272719,1032.74746993705
AT331,2.11418011547832,594.693768647824
AT332,0.371121407172855,496.3925296335
AT333,0.185122691850162,400.370698334365
AT334,0.194647433237951,365.867069636204
AT335,1.46446618210735,685.572288489645
AT341,3.54048686742999,594.182896719965
AT342,15.0416242655412,1050.65765990436
BE100,65.7099956734372,1339.8856655189
BE211,70.4896556485749,1321.47611847152
BE212,71.1795126821674,1351.88950003313
BE213,67.7610852813817,1341.71976618259
BE221,64.5699849436215,1362.97658248886
BE222,64.473684931903,1355.37518410728
BE223,61.3932463977648,1348.63518810881
BE231,49.8349368655408,1223.65034000579
BE232,63.7685930304634,1281.73317252332
BE233,67.9820286942092,1284.6747660664
BE234,62.9281914063718,1265.99870375777
BE235,50.5647868482569,1214.07920609315
BE236,68.2160491873816,1300.90447923235
BE241,58.2324642610388,1288.28582197975
BE242,67.304468168707,1364.55777756222
BE251,74.0445595675341,1293.89188793949
BE252,81.6499397884915,1300.49033516439
BE253,79.263838150761,1297.69909036182
BE254,64.6707087044123,1279.66558047811
BE255,81.2374897983197,1299.36479871981
BE256,72.7417881895623,1302.05199818371
BE257,67.8187467539629,1285.35370622103
BE258,87.9407763322013,1293.15430811167
BE310,53.5539609305961,1268.69111332687
BE321,39.1271660687024,1142.61609055267
BE322,44.5578002021176,1201.2524164293
BE323,36.8367622978538,1137.8358026174
BE324,72.7364842270796,1300.46460509281
BE325,37.7000005239533,1147.74894807602
BE326,36.9359613553207,1144.90495849417
BE327,52.4086258275113,1224.297558169
BE331,45.3670559097451,1242.97278826206
BE332,49.0881674772225,1271.11848232038
BE334,54.4145371996974,1299.00398938539
BE335,33.1858469776096,1132.13396079252
BE336,21.7897885448106,1021.83549085827
BE341,29.5098193107269,1199.7178366521
BE342,21.4597135216014,1071.95739897277
BE343,28.9940266745968,1128.4313925733
BE344,25.6519997476149,1090.49391466688
BE345,30.5516999100843,1168.26137842356
BE351,37.0867355943447,1166.35541129673
BE352,48.3148390229806,1237.56544427509
BE353,37.9640725170415,1147.49405524716
BG311,26.9672438647515,1691.45421512974
BG312,26.1641583891426,1636.14784001514
BG313,29.461870257094,1699.89537573183
BG314,31.7751411863843,1802.63685018531
BG315,20.9484747185933,1441.3139601534
BG321,27.3330454251633,1656.56308390261
BG322,16.1208582819546,1399.54238872901
BG323,33.043878706757,1750.02758701155
BG324,37.8675724961826,1678.95113508061
BG325,33.4519370287379,1722.25116687333
BG331,35.2587097744291,1566.0772295496
BG332,28.8154711604641,1541.14554212647
BG333,34.3031475883314,1607.16103661441
BG334,32.4303613172402,1606.46872260547
BG341,38.4896910042926,1595.80192856214
BG342,32.0958449085932,1618.8238852892
BG343,43.1571668510174,1718.74984029486
BG344,25.6276175737001,1611.17023346974
BG411,9.07334439029814,1245.41453917798
BG412,9.46639171320652,1226.38235905264
BG413,9.16589280952005,1189.72353415142
BG414,6.93686970878686,1221.09796763847
BG415,7.17849031805382,1212.03349250138
BG421,19.3063909165502,1509.27737472224
BG422,42.4906577894214,1770.64485580656
BG423,9.72675995439017,1226.61826716428
BG424,6.92223459955338,1065.68330199975
BG425,35.5157940742867,1598.48493383853
CH011,9.64190892377658,987.929558389833
CH012,0.21564849914459,371.971180535031
CH013,17.2734359176426,1204.52729837145
CH021,6.94319923505693,792.576010846601
CH022,9.45199541108098,1008.09957914594
CH023,21.9110133468262,1190.66807034398
CH024,11.0138210394663,1012.94216487955
CH025,26.0953074504825,1152.83558993555
CH031,39.9280925202405,1371.29804734974
CH032,26.117293562462,1228.34202951698
CH033,19.7518192584134,1230.51594994906
CH040,18.4906588700759,1211.99225539018
CH051,1.79703334073647,576.680561226229
CH052,16.3555636441889,1210.66630419069
CH053,16.4667551212681,1088.85239146304
CH054,16.1863563222776,1068.76966292646
CH055,9.07795231142988,891.433352383494
CH056,0.402820242017937,351.078700596613
CH057,19.9541745901152,1268.37692556205
CH061,10.1011306515721,1037.96100103777
CH062,0.516502658739678,371.155300874656
CH063,5.12270452038562,793.513597007573
CH064,1.53609733978736,704.20429448642
CH065,1.32538059639743,623.402628358775
CH066,10.6117663284777,1058.20406048749
CH070,4.43830442824362,757.769202411331
CY000,284.750543826726,2544.32119619222
CZ010,26.4876309086598,1356.2122252958
CZ020,18.1561869535605,1237.41821346566
CZ031,10.7819698146239,1077.54829229902
CZ032,11.1552841156597,1079.02866165045
CZ041,7.43719963497912,967.465848247073
CZ042,16.7594210172539,1184.80077314175
CZ051,10.2376512964512,1076.27295067454
CZ052,9.44334216160803,1143.52997474448
CZ053,9.72032313507231,1157.93907437362
CZ063,8.20603641868543,1105.82784238033
CZ064,11.9368288762304,1311.51172345015
CZ071,8.21998027261791,1145.80242982015
CZ072,8.74321633176824,1156.1307830277
CZ080,10.4858941152911,1113.9062413713
DE111,38.7478039584774,1341.39777256228
DE112,28.8799480251584,1215.22201763669
DE113,30.6072737010226,1259.72519925611
DE114,21.205907774667,1136.01469016219
DE115,40.4849397239906,1358.81954416333
DE116,34.2868557232062,1306.48737395666
DE117,42.7071545909406,1398.16215696834
DE118,38.2961365654975,1351.61414849901
DE119,29.5064069197328,1261.68008053261
DE11A,24.9141502844044,1214.43205854969
DE11B,27.128538238,1222.74671820666
DE11C,13.0153351880117,1119.04855088187
DE11D,19.4047808051356,1154.82523178601
DE121,39.2994346911248,1283.22957433469
DE122,49.5932191304086,1448.01450399816
DE123,46.7969124957198,1415.64562071334
DE124,39.0609712171731,1280.17546066033
DE125,50.1044729836392,1459.96473019851
DE126,51.6112908359865,1489.10253047121
DE127,27.9490586445101,1242.08041998483
DE128,43.8354780024556,1397.15617472139
DE129,30.4761963655827,1199.88598024021
DE12A,22.2113655164681,1100.5327505012
DE12B,32.8399169241473,1235.54639982815
DE12C,17.4421794779806,1034.08360493329
DE131,36.4239180891587,1226.66980680319
DE132,26.7901863788645,1114.10324645229
DE133,41.9966997386643,1274.12303892899
DE134,43.5457400222019,1313.84753104832
DE135,13.7357056848427,1016.78370937414
DE136,11.106095805301,990.078407924656
DE137,10.6238194759572,1037.70542032544
DE138,14.2897212399604,1169.0251951443
DE139,28.9126838284367,1233.08333882799
DE13A,12.9122581156363,1089.21899318273
DE141,15.7851598958979,1056.83206973583
DE142,23.6306510438038,1150.83332444386
DE143,15.9676923845968,1052.54991182985
DE144,14.674077557429,1145.32016028788
DE145,14.1326490204644,1099.63331201646
DE146,13.6198547574242,1104.15996957745
DE147,18.337625136803,1237.90833225311
DE148,14.0487682768528,1102.77947354832
DE149,10.6499050890472,1047.66837109647
DE211,16.2008261480926,1210.18870692501
DE212,24.8770704149645,1232.33578614097
DE213,11.6595228198206,1187.56662493394
DE214,16.607227788316,1259.20875214803
DE215,9.09253470952867,961.583962381925
DE216,10.338835574744,962.13311417608
DE217,20.219745083828,1192.12376580543
DE218,19.0304423192138,1208.6791039152
DE219,15.2026900457978,1191.22239861367
DE21A,18.2795467239096,1221.10833478461
DE21B,19.6257365921216,1216.09630207902
DE21C,21.0034911477226,1178.13379412374
DE21D,5.30336438714113,782.507723213637
DE21E,18.5131553305973,1134.91996262472
DE21F,7.19858027783429,933.996340297773
DE21G,14.665515754647,1208.66683696025
DE21H,21.6313797880943,1196.72020591787
DE21I,18.1075194654628,1217.01548028488
DE21J,18.4636137075163,1216.01394889239
DE21K,10.2282944585854,1123.92693851996
DE21L,20.8740912717662,1160.88913836628
DE21M,11.0919104628573,1107.1628703766
DE21N,14.6207602589046,1026.10720853367
DE221,16.857117467278,1234.98433928928
DE222,8.11653408452257,1221.87154406994
DE223,11.1980692910639,1190.95650736438
DE224,7.26200479224152,1149.90440121071
DE225,2.93129722358188,970.065645819742
DE226,16.6021563995481,1227.596417338
DE227,15.819802171977,1218.9720034429
DE228,9.46865184970093,1223.21533516089
DE229,3.6500578962685,972.119287214222
DE22A,14.128733953726,1247.00460754883
DE22B,11.5269811748097,1174.66738889394
DE22C,13.6479977894214,1233.77014966271
DE231,14.2747607342012,1173.632815679
DE232,14.8308656813508,1247.58777915738
DE233,12.6297432357341,1139.57500769514
DE234,14.2612316231454,1148.01432145915
DE235,10.3299598036519,1078.48279715464
DE236,14.4269173763492,1156.58624983458
DE237,10.8989084872262,1088.81243747909
DE238,14.4093911625756,1220.7003943962
DE239,12.2938255639984,1157.69510178663
DE23A,8.26590873674861,1024.35992449104
DE241,24.4285696638482,1249.57043230019
DE242,13.149210669918,1085.35818512055
DE243,13.142225893533,1109.00769818017
DE244,10.9914276605206,990.892820886469
DE245,21.6467144119024,1205.00746546826
DE246,13.8071220088224,1089.43127885479
DE247,14.69047684971,1128.08356265928
DE248,20.2481627508353,1201.57288980593
DE249,9.68110745282038,980.312646979254
DE24A,9.83431330901632,1022.27224744126
DE24B,13.0130374983293,1073.80634025675
DE24C,17.7849188181798,1171.96181289179
DE24D,7.84084353361214,970.882429865994
DE251,19.5450379096068,1169.326876542
DE252,24.0356727204183,1252.42796983902
DE253,23.2418759841513,1249.30225611838
DE254,23.5728912017956,1272.03533230667
DE255,23.5290029280884,1270.11176503544
DE256,20.2156511882431,1186.60667386276
DE257,23.7709030189655,1244.56222342711
DE258,22.4050463468205,1235.4688650056
DE259,17.8239243757316,1171.81237460285
DE25A,24.3280769606039,1207.00473810877
DE25B,19.7152941996138,1215.82048191461
DE25C,18.9751728102107,1199.8735885639
DE261,35.7494662716349,1279.23786037521
DE262,23.7911227643243,1216.37657541414
DE263,29.4778849352551,1263.13315431623
DE264,29.5666395676099,1227.37203654041
DE265,18.9400737213197,1133.22332899686
DE266,16.244612778405,1106.93761732295
DE267,20.8124753170179,1189.57442359548
DE268,27.2621593153481,1240.44757424303
DE269,28.395439260917,1210.55091187871
DE26A,25.0148155547777,1191.19859353528
DE26B,24.3695124836316,1220.8596797925
DE26C,29.4405821348731,1259.68071295451
DE271,20.0333318158629,1183.49281508609
DE272,14.9828559564693,1038.79853345214
DE273,10.2534866824226,943.147364381153
DE274,14.5727265855536,1084.70507992722
DE275,19.5339376947115,1190.45573809753
DE276,19.0215479425178,1178.76052608589
DE277,17.2200974442564,1208.82603888148
DE278,17.3334416076603,1168.03120388347
DE279,16.2234395265802,1173.9414435432
DE27A,15.2048567137097,1109.08790383945
DE27B,11.8362859488905,964.804625110893
DE27C,16.2078541469255,1101.63514976118
DE27D,17.8425456557546,1197.16229927075
DE27E,7.01088788513035,819.682586390777
DE300,33.6378820856699,1338.58816396846
DE401,34.1482492617422,1289.16909852076
DE402,33.9860665169633,1326.45780222333
DE403,29.9053652691826,1277.92975960513
DE404,32.5376179716648,1328.10018674158
DE405,29.0126279202661,1265.01618350433
DE406,31.9880697348836,1308.75522196333
DE407,34.6712712841875,1298.23977718051
DE408,32.8559343241763,1290.44188087487
DE409,28.4450317417169,1268.26220523028
DE40A,28.0529227100459,1260.08712999651
DE40B,34.4403937620567,1310.96821323927
DE40C,30.5522869540487,1299.42116328156
DE40D,26.0533075820814,1217.27998136908
DE40E,31.6270440022177,1291.28085043566
DE40F,30.2315779624245,1211.28769779943
DE40G,32.9414466057999,1315.78856750941
DE40H,30.9435471746461,1297.2171741881
DE40I,23.5708335401939,1186.29146325542
DE501,41.8990126199736,1197.19909031528
DE502,38.542773451037,1180.44376951338
DE600,37.806155588751,1189.76313816517
DE711,46.7461874356405,1427.3118552437
DE712,41.4120406030422,1425.70612396047
DE713,46.236131433739,1447.09095791453
DE714,30.0070556980424,1280.77456405751
DE715,41.897215097114,1381.83811473208
DE716,44.5908946723054,1381.49008746633
DE717,47.1578690226917,1460.85094965384
DE718,30.4850463633009,1277.25966829849
DE719,27.685431977949,1213.63522868344
DE71A,31.7992926778626,1325.73030951471
DE71B,31.1848706117803,1248.71908589196
DE71C,45.0048762294497,1422.88361123151
DE71D,29.9516128941718,1234.79282324005
DE71E,30.9319568909299,1284.41592713772
DE721,28.9363208839831,1233.09368639535
DE722,22.0243370863599,1125.00734383607
DE723,26.9654595314608,1184.4158289261
DE724,22.9369248071574,1126.33840529185
DE725,20.7907636875416,1099.35291448963
DE731,26.2892512576159,1120.76002112505
DE732,18.6314231019443,1065.43367374578
DE733,26.2732350735404,1120.18951893815
DE734,26.9796057281604,1118.25507700086
DE735,25.1908500244828,1124.21763160271
DE736,20.2956467229817,1053.17119824378
DE737,29.0397541697381,1119.05413570836
DE803,26.6812476432297,1109.13343501648
DE804,28.0502491203771,1162.42131487297
DE80J,22.3856325597829,1140.65018272292
DE80K,24.5124916878888,1114.91779564873
DE80L,21.3282981489675,1051.31674334311
DE80M,28.3730050019677,1118.05027113044
DE80N,23.6839974685218,1127.89496308819
DE80O,29.651497293181,1180.30955720992
DE911,43.208029505942,1272.39300516424
DE912,42.9182211757269,1241.37003042498
DE913,40.637174042556,1282.10973632032
DE914,39.0457352259227,1249.11108808593
DE916,22.1843064629582,1055.5034320564
DE917,40.2251650881051,1268.0532539586
DE918,31.4523831350288,1132.43514878357
DE91A,45.5558008415348,1269.34317245603
DE91B,41.9656292710167,1246.32291552454
DE91C,26.7843224916604,1105.53813332121
DE922,44.4986800967618,1223.81523433695
DE923,41.9722171906751,1196.26419732262
DE925,43.0458966585186,1211.51700788437
DE926,32.8762498074643,1127.80986884192
DE927,47.5521985803097,1268.89353665991
DE928,48.3656164498809,1267.17927380841
DE929,48.34309148319,1272.43423657641
DE931,38.5479422100402,1236.61821220852
DE932,37.3772442882973,1158.12972539812
DE933,35.7844751370941,1185.74541604625
DE934,34.2039288157886,1214.83963059497
DE935,33.6401374243059,1193.28494528593
DE936,40.729246163262,1185.77248683478
DE937,38.8545859795349,1182.01345201462
DE938,37.2979358330487,1205.99439628555
DE939,35.8136880943323,1152.04154939866
DE93A,32.8476560805954,1186.2086235312
DE93B,42.8969449039524,1227.37995100998
DE941,41.8825965233245,1193.09245628563
DE942,40.2178912677813,1123.52869259125
DE943,44.8171016145443,1202.27522787764
DE944,48.709184455548,1251.10268272119
DE945,41.739044520117,1146.79233791182
DE946,45.3506941191687,1199.02109806838
DE947,40.032305865384,1132.37830541301
DE948,45.664378832173,1209.28863112664
DE949,49.1755740266961,1226.4366585514
DE94A,43.2865728640008,1167.12988009366
DE94B,52.9534375235792,1246.2472314884
DE94C,43.6769102516131,1163.45118308695
DE94D,43.048725017731,1196.99160100848
DE94E,48.3753696732897,1246.78654606309
DE94F,45.0016702190039,1219.29821770533
DE94G,43.1928116101804,1196.74088111651
DE94H,41.1384912245658,1147.7244753251
DEA11,67.6461507539881,1423.27954648753
DEA12,67.5219353950261,1422.85730745738
DEA13,59.2876482103254,1346.26022104202
DEA14,70.1474591173654,1445.89363258645
DEA15,65.6046756967418,1363.23207539813
DEA16,64.6052340807482,1399.23756948105
DEA17,64.7155590173723,1397.82133261559
DEA18,43.1914190917464,1230.574502558
DEA19,50.0814635454579,1289.93227630218
DEA1A,49.9310268384869,1274.69771738277
DEA1B,60.3816920119372,1325.91082907891
DEA1C,62.5625481964809,1378.90986508529
DEA1D,68.4547986327703,1412.51751614817
DEA1E,65.8208048970686,1376.56840625983
DEA1F,64.7496609490857,1387.40975052084
DEA22,55.7741460550626,1315.48816939303
DEA23,67.3865265733107,1422.61663663491
DEA24,55.9737414837676,1335.42212562066
DEA26,55.0921904074386,1269.01299053148
DEA27,68.6356998014273,1409.32018205098
DEA28,33.5748509002573,1116.5625185655
DEA29,65.1586069868253,1344.38805959434
DEA2A,31.8103691122266,1153.72845239158
DEA2B,49.7348120980936,1287.57168372611
DEA2C,48.8409186347184,1282.59402924263
DEA2D,47.2815455580188,1197.80696605533
DEA31,64.780258070432,1396.99079342013
DEA32,63.4178792454337,1374.05517913169
DEA33,57.6360492801048,1304.26655414449
DEA34,55.9861420844206,1280.33234190768
DEA35,58.8496586184343,1308.5623099424
DEA36,63.5404264221768,1364.23496913106
DEA37,52.7006569589622,1274.29013974269
DEA38,55.1281442970574,1291.11625949356
DEA41,48.6321054159958,1258.35509217313
DEA42,51.2803617762148,1274.30621519752
DEA43,46.9309902899455,1248.641880658
DEA44,32.3128117845844,1139.16809005583
DEA45,40.8115920055188,1191.26404895549
DEA46,48.9893826530067,1262.14811087329
DEA47,37.5014492230332,1148.77927208521
DEA51,55.7502785367815,1302.35737124683
DEA52,58.9216622499205,1306.46371286508
DEA53,46.7617054445863,1216.86957555157
DEA54,59.3999919101944,1304.13526194623
DEA55,64.3772197336667,1375.86873572946
DEA56,51.0304711235534,1257.50435765397
DEA57,20.6260842112273,1006.30866482958
DEA58,31.8297290591581,1115.36902172508
DEA59,19.7601090759935,1035.69881930048
DEA5A,15.9153679566422,1017.66685655143
DEA5B,45.3701170617804,1194.81175074474
DEA5C,58.6593508743004,1299.47814434436
DEB11,40.3591283703816,1274.61300775427
DEB12,35.2230969661093,1166.5670183757
DEB13,27.2807739866345,1154.14272155737
DEB14,31.1023729181473,1239.3360064304
DEB15,23.8274005293731,1130.65830388891
DEB17,36.9223211757115,1232.39428556102
DEB18,40.0337714212197,1250.81432397344
DEB1A,32.6543589222173,1213.97041207534
DEB1B,25.6143925413803,1137.23838107029
DEB1C,29.9322548112763,1196.16619800081
DEB1D,30.0672482258093,1187.77359675251
DEB21,31.271357200179,1221.16405306147
DEB22,27.7711639776874,1165.82694894843
DEB23,21.8384615890187,1090.57011243876
DEB24,20.735735529581,1057.63765149479
DEB25,29.9347889310299,1214.33433252782
DEB31,52.7947941064096,1507.55221005568
DEB32,33.5265738754113,1265.70475747739
DEB33,47.4630139120114,1447.50390599
DEB34,54.3611788584941,1533.92905110297
DEB35,42.2904781332689,1408.71130160366
DEB36,42.599367734497,1409.70868714675
DEB37,34.0857118687459,1252.23995523581
DEB38,54.9595203033338,1544.00470918222
DEB39,52.4258816708664,1502.29475946296
DEB3A,32.4874682498533,1232.95213099292
DEB3B,43.5208696792683,1412.98875491552
DEB3C,41.7797400754801,1388.51880061053
DEB3D,36.1234770538845,1320.65347955524
DEB3E,54.4760450240916,1526.06484099261
DEB3F,32.9303834678173,1255.10845802675
DEB3G,29.5547481765196,1207.00865920354
DEB3H,45.7064913156913,1428.2794625921
DEB3I,54.4368760487038,1535.62337614259
DEB3J,40.6650099285109,1381.33817544139
DEB3K,35.1774371956444,1274.1413981731
DEC01,37.4220199934055,1317.12974688854
DEC02,33.0189166119627,1260.20330990106
DEC03,32.2873215239597,1267.04560502308
DEC04,36.260193040957,1310.37761067892
DEC05,34.1988387504141,1263.09812550086
DEC06,25.5499521115976,1179.47713133479
DED21,33.351098255958,1266.60771335658
DED2C,30.9097828790144,1258.49519216067
DED2D,25.1476916937974,1226.46811420949
DED2E,35.3407540017997,1283.44903865052
DED2F,19.9557320444618,1127.43425273487
DED41,28.6811360684502,1178.46162123737
DED42,13.5726507330708,969.479347501924
DED43,26.6149358372242,1154.11278540129
DED44,14.5663561948347,1014.7422424779
DED45,27.433373034392,1147.14795086628
DED51,40.7463522663523,1337.27756622358
DED52,38.1274208602412,1293.31750332566
DED53,37.7366686608198,1313.04278986596
DEE01,35.7982785544158,1314.86006743831
DEE02,42.4296229866345,1312.88616759192
DEE03,37.3189108607859,1294.8701557043
DEE04,35.7012847732191,1237.50496735555
DEE05,37.5828479053024,1314.30229038255
DEE06,34.7225413611773,1286.26177351716
DEE07,37.0718707301333,1261.93672737611
DEE08,37.667563471871,1255.83021047274
DEE09,30.1214600262694,1122.98712057349
DEE0A,30.6299418048725,1167.55078352181
DEE0B,40.3895278890813,1293.77758762504
DEE0C,38.5825088068172,1286.17749302621
DEE0D,34.7288353467332,1262.59410262714
DEE0E,34.1042210881597,1313.16006811898
DEF01,20.180318211807,1003.51960366951
DEF02,28.9819024643373,1052.02996036011
DEF03,30.6777518806145,1102.04496792041
DEF04,30.0448500556891,1096.38813662327
DEF05,26.7164227881115,1067.18315894437
DEF06,32.9839767933617,1152.91047138565
DEF07,20.4139640661236,1009.86574781013
DEF08,29.1527694734445,1074.04651348501
DEF09,36.2163085671113,1156.10819585391
DEF0A,28.5720169018787,1070.24667151081
DEF0B,28.0041999080451,1060.66918593839
DEF0C,22.8123073946966,1016.15916388978
DEF0D,31.4908898578911,1106.736269793
DEF0E,31.2429764062845,1101.35030473437
DEF0F,33.3293133120663,1138.48650760587
DEG01,29.0620281391869,1157.83109981443
DEG02,29.9938074537509,1190.92519549449
DEG03,33.283331125886,1193.81281435516
DEG04,8.65163050734167,980.69550998299
DEG05,30.1262196698236,1155.74954816079
DEG06,24.709419625948,1082.39922703856
DEG07,22.37470080955,1079.59762703287
DEG09,28.1110294090201,1155.77686429064
DEG0A,30.392681610546,1189.81432686194
DEG0B,14.2468854093716,1052.25402673185
DEG0C,22.7661856666118,1100.74493793516
DEG0D,32.5774993753409,1218.37240313283
DEG0E,12.902924101402,1070.30664201669
DEG0F,17.1046363942807,1025.08571700753
DEG0G,30.8113096563491,1169.66546385008
DEG0H,8.54947331702562,1021.79204866062
DEG0I,15.9566537385435,1021.98468828381
DEG0J,32.4018402352521,1189.01338668866
DEG0K,16.4125346798568,1040.00868298802
DEG0L,24.9826753845462,1127.07609547616
DEG0M,33.8737563871011,1228.60972542148
DEG0N,22.9799485033283,1105.48563040925
DEG0P,22.5755548463803,1095.53789905844
DK011,15.211903240443,1078.26757939071
DK012,14.673489485148,1067.11034924022
DK013,12.8390181601937,1037.73417622973
DK014,5.3752373524365,875.41853854619
DK021,13.6184142105648,1025.60889309929
DK022,14.7823129429273,1005.28232829917
DK031,18.6533699302578,981.920659222736
DK032,16.4065454942988,978.411945370987
DK041,16.6438502312704,957.976846576998
DK042,14.1665151316978,933.471272249884
DK050,12.631844955159,935.71073843349
EE001,0.436594843978302,827.752551982945
EE004,0.411686259286678,887.407554475981
EE006,0.450331526527946,865.917283409507
EE007,0.405653284411151,889.636691528865
EE008,0.732738428125106,955.448320509821
EL301,218.357120377558,2346.69439864184
EL302,180.84237171612,2238.3094517523
EL303,238.704429788894,2428.3975071436
EL304,258.666654972448,2496.04754031946
EL305,227.788306640165,2388.10313457843
EL306,158.895125247665,2159.43845611969
EL307,170.843260916773,2156.30903979674
EL411,198.109217242728,2192.41047762307
EL412,199.262847468257,2279.35754601436
EL421,347.902814138612,2547.00409768881
EL431,291.098030985813,2261.93688795986
EL432,307.884626381417,2289.58148863808
EL433,241.563476713053,2097.67886738945
EL434,256.699608928257,2189.41449302066
EL511,66.1572569417329,1881.77334841772
EL512,42.4768294008272,1609.33459771349
EL513,55.5289645461113,1743.99505736444
EL514,22.8503065465818,1447.82814373445
EL515,57.8704672295388,1766.72050559446
EL521,65.2598208992096,1923.33148728764
EL522,82.9703492162361,2018.14827774859
EL523,70.2782193255574,2013.11984996942
EL524,45.7400175460066,1774.86241007496
EL525,45.1748878448872,1783.28058789606
EL526,54.1116788058586,1825.41441874388
EL527,74.5191427057124,1891.09694936551
EL531,24.904399184751,1574.32944936317
EL532,12.6640776788802,1384.06219247523
EL533,14.8932375898289,1444.96694885587
EL541,117.888581971964,1893.05577140025
EL542,132.02537891289,1986.84633164746
EL543,35.4836085819988,1475.11294965799
EL611,60.8455385400909,1782.23876522323
EL612,78.0329475603195,1982.29815022542
EL613,96.727909253293,1993.6662883793
EL621,190.017609111344,2022.74850356153
EL622,161.431419758392,2106.36659743087
EL623,192.543165917088,2037.53831706662
EL624,181.575704671176,2126.78278702498
EL631,127.320319596602,1934.32361687756
EL632,87.4088472597068,1688.47722765643
EL633,182.617696956654,2051.69959107326
EL641,140.439471562052,2087.84113659273
EL642,166.588765150335,2127.87571216345
EL643,29.7910549160411,1460.14376774074
EL644,78.2659058754798,1815.84909741335
EL645,31.7649472546617,1446.6172646839
EL651,105.679012346422,1778.73955352865
EL652,108.654919731194,1866.70075431546
EL653,157.312079532286,1918.84225669418
ES111,216.633710018582,1619.26117959917
ES112,126.475828501245,1405.10631853585
ES113,94.7253552978063,1430.32739531311
ES114,192.737297014429,1656.48554575435
ES120,119.51247707184,1276.81208922172
ES130,110.0585859126,1268.51403014427
ES211,89.4109730273762,1388.47757641101
ES212,141.202658639194,1487.59064349354
ES213,143.302797629091,1481.24036403296
ES220,91.0430430718083,1548.394871402
ES230,58.3268182228876,1395.48493405388
ES241,69.2758903731666,1520.47900040135
ES242,59.2969772452766,1454.47497635603
ES243,111.19597909778,1849.03890242347
ES300,99.504186498223,1837.31003136654
ES411,51.8369371965793,1404.86861801288
ES412,49.6293735635046,1262.15927535218
ES413,39.4107111657809,1161.46079508271
ES414,41.1454043208317,1251.88177436355
ES415,70.7536444356347,1537.82083900113
ES416,55.6372224493687,1432.54834501434
ES417,35.1827621889586,1301.71495752172
ES418,66.9391369449763,1555.19206044314
ES419,62.0204434315181,1485.72299093882
ES421,113.282407599441,1907.70152771662
ES422,126.2740276989,2094.48270473386
ES423,67.3041595799503,1667.67268481216
ES424,40.8078163880429,1404.29915396048
ES425,123.763673582496,2061.05613721504
ES431,221.045869092844,2309.83535054768
ES432,185.662319666838,2193.06834783957
ES511,125.82346588661,1769.92645849058
ES512,128.744662682917,1659.20119911891
ES513,63.7190118795953,1437.13671757215
ES514,208.016130567182,2125.73393963222
ES521,279.952383692208,2269.04910998674
ES522,160.813154472845,1848.39828134524
ES523,198.193603698281,2053.28089292548
ES532,306.56712054531,2304.22508593492
ES533,361.155223466279,2411.48706531658
ES611,230.866431522205,2125.32449690935
ES612,376.464561451807,2471.68842995323
ES613,223.531477387662,2356.60163944909
ES614,119.022983412897,1831.38418008006
ES615,316.90306593246,2471.58369047648
ES616,176.628679576378,2194.82539860939
ES617,267.60486045184,2229.67761735234
ES618,321.91475248982,2598.62759507246
ES620,256.601229457451,2300.25573361335
ES630,468.036173399715,2412.57516046117
ES640,477.014744632922,2645.22801240383
ES704,684.137120945113,2959.0875291874
ES705,629.609026925816,2787.84896158631
ES707,386.904746636394,1995.70802691109
ES709,498.466594202324,2359.58444501515
FI193,0.00329715667748221,762.698488704246
FI194,0.0307550736805926,728.728310358011
FI195,0.0435820115029631,712.86630305545
FI196,0.0140371981559547,780.354075998419
FI197,0.0069685281829965,782.806965946291
FI1B1,0.0659395040180043,839.347575520242
FI1C1,0.0603808584845284,829.846508239483
FI1C2,0.0273959479903685,822.51278340755
FI1C3,0.0265293032142188,826.003981443027
FI1C4,0.0106135999655911,854.035877420924
FI1C5,0.00731756084861223,833.089413940665
FI1D1,0.00427021013517527,814.157758798777
FI1D2,4.01268248128421e-05,764.930365684172
FI1D3,0.00056503679527504,741.27865486189
FI1D5,0.0359937782359813,693.393580918295
FI1D7,0.00531060184354943,500.224475648573
FI1D8,0,664.810194881151
FI1D9,0.0087841062253787,660.41981017312
FI200,0.55285704535033,734.278543946732
FR101,94.4504241321857,1526.85609188197
FR102,74.9888066991095,1399.59512695545
FR103,77.3966742798463,1357.91058837227
FR104,76.4440656940037,1423.38743334638
FR105,89.848715931822,1485.05713247006
FR106,91.0019955828541,1501.76090108169
FR107,89.0976720610459,1497.09017690456
FR108,84.1485611073564,1391.04298315403
FRB01,78.6566485347599,1437.82164456081
FRB02,70.4617742985145,1316.99205660936
FRB03,92.4089853797285,1483.34574495549
FRB04,98.8364301060755,1502.33065177716
FRB05,84.7640339871504,1442.88748748725
FRB06,78.1698158289268,1413.54759475318
FRC11,45.1405811782643,1329.71465584805
FRC12,63.5807996863947,1373.98855849181
FRC13,54.1626285885124,1411.2128945565
FRC14,69.5989957005165,1396.78053875056
FRC21,27.0126953501241,1139.26094752991
FRC22,37.5528119618583,1235.73021371865
FRC23,43.3315612691488,1358.1089732647
FRC24,35.3157702534383,1288.58600386102
FRD11,95.2669689428834,1246.32850561429
FRD12,108.065169674509,1250.45190004708
FRD13,75.791357187977,1237.14817636261
FRD21,79.673943878997,1269.77480108531
FRD22,83.5404600685614,1217.40047472363
FRE11,63.0576624172562,1247.01373158251
FRE12,71.8225284290646,1199.53512905474
FRE21,60.1256567862547,1277.95026174045
FRE22,72.8319087688649,1301.95008419668
FRE23,70.9088171609909,1231.33898181162
FRF11,47.2728889786941,1382.7256145239
FRF12,38.2479932683801,1304.7050810397
FRF21,42.3584389728406,1210.06775658521
FRF22,67.156245897884,1374.59764879529
FRF23,59.0421365140103,1334.80204605947
FRF24,43.511981165361,1267.28518447455
FRF31,42.6079248565517,1295.58379905774
FRF32,43.1219206333429,1253.94083544436
FRF33,41.575924374207,1320.70812405315
FRF34,33.639037471425,1205.02459655772
FRG01,134.153131618927,1508.76995860484
FRG02,118.841543609189,1530.2829833844
FRG03,95.9949060079701,1362.06973830448
FRG04,95.472540733265,1440.17574925943
FRG05,132.795373027719,1553.1849363399
FRH01,118.491568647451,1240.53735550176
FRH02,144.029765968288,1295.33381587177
FRH03,118.200018814405,1388.77343805987
FRH04,131.625564748335,1375.42549710751
FRI11,114.337235066363,1641.91856315137
FRI12,153.721303116418,1779.33218939373
FRI13,158.096048089979,1768.16631701698
FRI14,121.333107493604,1719.16017104109
FRI15,110.708517215373,1485.05856780778
FRI21,56.4090773038773,1302.65123874951
FRI22,55.799985281019,1223.61327257424
FRI23,82.2550388924893,1417.79014768307
FRI31,119.137259721507,1601.02259225656
FRI32,142.058170037521,1674.49103968045
FRI33,110.204448634848,1531.62290307584
FRI34,105.708801698936,1536.10334402502
FRJ11,119.75565630712,1662.69718004233
FRJ12,106.755171340387,1815.56520488392
FRJ13,132.103679243078,1806.41983391527
FRJ14,17.5838787741132,1005.42699612371
FRJ15,98.4479793877214,1409.54409221594
FRJ21,45.7460585736889,1111.45484426618
FRJ22,49.3624133658982,1305.9580359196
FRJ23,95.8661487539395,1555.62489369388
FRJ24,120.506958079792,1695.37428678458
FRJ25,95.9490147732989,1596.88064263232
FRJ26,49.1995548483306,1106.36898783198
FRJ27,91.1244340569745,1573.82803316464
FRJ28,112.81445534321,1727.06545385957
FRK11,68.5608539733295,1391.7521824268
FRK12,24.2789137222,1031.18564304266
FRK13,19.4726179290728,1005.12658429397
FRK14,37.4763710911109,1124.46857838491
FRK21,45.1275775155454,1383.1382815644
FRK22,51.4918555324508,1410.79162213704
FRK23,44.0088467417192,1390.56146022314
FRK24,25.1510451734666,1136.38982442952
FRK25,47.7187103671452,1293.64111605603
FRK26,58.9701325864934,1469.531647042
FRK27,3.8584259121395,652.349876469368
FRK28,8.50382504524738,934.165184940584
FRL01,17.8013035818942,1078.58429301759
FRL02,3.1220591888013,680.809800657774
FRL03,49.0551791414825,1197.64117134669
FRL04,129.966979953696,1936.23619141498
FRL05,106.854083380989,1751.21334956411
FRL06,77.0020632791451,1702.09874219102
FRM01,113.065663889691,1608.73269550391
FRM02,114.137812413969,1598.45005663888
HR031,22.3442254892007,1247.81261043102
HR032,17.3738286833258,1167.61273040494
HR033,63.6854521733203,1598.3696700561
HR034,81.1424180556166,1739.10771342688
HR035,72.6166440056029,1684.51164051908
HR036,61.9847047635112,1675.22980369368
HR037,129.97891646916,1960.16808335252
HR041,55.6486549083706,1718.94188053191
HR042,54.3623759892136,1706.414207173
HR043,35.18113445306,1548.39456139416
HR044,35.2824247919078,1566.39116050367
HR045,39.3203601764264,1620.81586558307
HR046,33.0535822593146,1566.03387825275
HR047,42.4582926146899,1639.6743019949
HR048,34.5097500766726,1599.88392666611
HR049,32.6734631188298,1556.58044299837
HR04A,39.501300306191,1657.52059255763
HR04B,33.8152916294562,1680.77309591795
HR04C,35.4237920784771,1696.75384463058
HR04D,45.8012339793668,1499.99511849245
HR04E,57.5783837677115,1711.75219289665
HU110,28.7077628187028,1676.03566561468
HU120,22.6534552161943,1608.31022639261
HU211,26.0489046477881,1609.30036551459
HU212,22.2838020254268,1544.37829215283
HU213,24.6040485919081,1533.24056697632
HU221,26.6985007087082,1566.38943774608
HU222,22.9806089774932,1502.0222759164
HU223,26.8148595004021,1533.35988346119
HU231,33.7491191204332,1627.64817180465
HU232,31.277939979075,1596.16545532119
HU233,29.9768381216424,1632.40012117878
HU311,7.1796983670614,1450.14219670757
HU312,11.4378092398271,1502.19301165975
HU313,9.6889642841753,1418.40908101357
HU321,14.544699329188,1580.31955142696
HU322,18.655353326962,1634.13222340294
HU323,8.68840826878849,1511.89150601204
HU331,27.0885731642407,1662.76908103647
HU332,19.8657953385962,1632.57376087849
HU333,23.5777158282889,1664.70153606911
IE041,54.2485643468023,909.23300774395
IE042,75.7732330275618,1014.08890253545
IE051,87.134661846421,1078.80079388991
IE052,81.9007423062854,1058.39755973107
IE053,107.035094332041,1090.61432964783
IE061,74.5009086704042,1027.54263222122
IE062,64.0204224443027,987.785391672404
IE063,62.1783542390136,993.518665430456
IS001,5.20413433194839,328.917107300163
IS002,3.85991628201411,166.348374237345
ITC11,18.313583843853,1168.75359737211
ITC12,26.8253754785083,1475.10666097223
ITC13,19.9008011902508,1451.2352178965
ITC14,4.92454822688285,842.861632435822
ITC15,29.9942447402767,1753.01484823902
ITC16,25.1547386802962,1268.37949395629
ITC17,54.9628143535794,1839.77015859486
ITC18,49.2461842890786,1754.58130201426
ITC20,0.563120395693969,384.441761499762
ITC31,36.2106626569935,1300.53752256402
ITC32,64.7328021805031,1609.87856213275
ITC33,44.585950726579,1460.84759543434
ITC34,55.0988874936956,1574.65711923133
ITC41,27.1550938307399,1643.39466321132
ITC42,17.0913824051856,1368.09643066915
ITC43,15.5947042930105,1351.50035047867
ITC44,0.64169723898565,477.269249538439
ITC46,15.1418919539398,1331.26480795598
ITC47,21.2095485508114,1441.61108302252
ITC48,35.2230475234177,1813.62011114909
ITC49,36.1925461236244,1923.72814440441
ITC4A,36.0424254667286,1980.02217873199
ITC4B,32.8405667468853,1954.54464992447
ITC4C,38.9866642378102,1914.04433987932
ITC4D,44.4245089401738,1934.44557773588
ITF11,22.4562457339767,1186.71341266601
ITF12,86.0862656154422,1677.40095801685
ITF13,85.6056516165059,1683.87310187922
ITF14,101.642757552675,1724.8282612443
ITF21,68.6281456715294,1530.9667446617
ITF22,112.362305128498,1772.85992279173
ITF31,182.480329938667,2052.64773938313
ITF32,119.73046796868,1775.80195023866
ITF33,213.199158217174,2160.84520643745
ITF34,104.106577936092,1686.16980946419
ITF35,128.859866290462,1787.47606705418
ITF43,218.11803166646,2152.20610187065
ITF44,256.046944782127,2277.91851705474
ITF45,274.927826260805,2360.47828448092
ITF46,183.079409033735,2082.00111577703
ITF47,180.68381247057,2015.49561398487
ITF48,177.311030812266,2028.60422648774
ITF51,84.0476925488562,1573.6767468172
ITF52,166.143815556106,1973.19148589424
ITF61,98.4047007897017,1671.7943594527
ITF62,207.599074567512,2100.01274459116
ITF63,148.196972971625,1835.19129800715
ITF64,204.475903521709,2041.01965819864
ITF65,203.6653355558,2038.98836021447
ITG11,316.314314084174,2452.96607028245
ITG12,216.958262466519,2064.59571204018
ITG13,183.156934915832,1921.39266346957
ITG14,276.128860066332,2299.98502019103
ITG15,281.041291178828,2316.42288818347
ITG16,228.118240340047,2106.03240724105
ITG17,247.132397571168,2167.9211653275
ITG18,319.34306717713,2459.46857726446
ITG19,329.478778869155,2489.53097054305
ITG25,206.100192609217,1902.2217172029
ITG26,178.529847178169,1797.90629685008
ITG27,222.348158534014,2052.61887220028
ITG28,227.57969397601,2036.84491990411
ITG29,215.503462110091,1897.27781256584
ITG2A,176.699991764356,1822.90008302612
ITG2B,254.925193265095,2181.66182681168
ITG2C,246.5813724513,2157.76537831359
ITH10,0.737834397197196,539.953931562336
ITH20,4.41954750276168,882.241491247685
ITH31,29.3715412235684,1778.45009432446
ITH32,20.2011334006706,1581.09809222202
ITH33,2.83211805912266,820.863286953163
ITH34,24.8263602315349,1749.80796835006
ITH35,36.615326692926,1892.96684718541
ITH36,36.4615090281313,1933.85577294275
ITH37,35.3654826908474,1944.34215309742
ITH41,13.4714420111356,1415.29431555297
ITH42,12.1604545605914,1278.78299528875
ITH43,29.0770009126171,1650.17927024897
ITH44,29.2670807117324,1496.9840149656
ITH51,24.1382083536823,1590.4788519626
ITH52,26.7193993616025,1584.22026240093
ITH53,27.542961118832,1674.58301925595
ITH54,32.2496370327403,1723.69505040432
ITH55,49.6993195302897,1873.26873752584
ITH56,35.3861482138659,1926.77222229329
ITH57,49.295449328438,1908.87253440661
ITH58,61.1838625826831,1782.68442466328
ITH59,81.7195297528643,1897.43110488924
ITI11,36.3800044810529,1418.14784752284
ITI12,59.7697176747223,1541.36771949965
ITI13,73.0003694133841,1684.40761157786
ITI14,82.8728964884384,1751.20878187133
ITI15,76.0629579171868,1753.72426905618
ITI16,179.668602133253,2074.09745151263
ITI17,149.903103436202,1998.77102047899
ITI18,79.300717447815,1721.27716448159
ITI19,124.242569053447,1887.60171042692
ITI1A,177.373658927899,2013.29454319848
ITI21,88.4966987225061,1720.5433786788
ITI22,122.398715208804,1872.72680758827
ITI31,91.9914137334718,1857.98079205663
ITI32,116.467334280567,1957.01772658695
ITI33,97.4005897547457,1802.37629566444
ITI34,76.2330221940497,1634.72127949063
ITI35,126.815742056574,1927.21020129264
ITI41,177.113422398243,2035.87141778783
ITI42,58.3321649160897,1449.4074590227
ITI43,174.653859729625,2047.70023498507
ITI44,182.066232552174,2052.01008506107
ITI45,101.444308348547,1713.13441668883
LI000,8.24645882946981,841.277964796055
LT011,1.4517441613527,1067.12540059574
LT021,2.33702496686466,1093.94088380009
LT022,2.14260895801511,1074.97230335327
LT023,2.51173027011404,989.981072494939
LT024,2.72207109828724,1079.87701873191
LT025,1.69469422619755,1050.26290150997
LT026,1.91199135862593,1017.98422578608
LT027,2.57854121430792,1046.05305136673
LT028,1.60517771258011,965.490950096849
LT029,1.19808450862151,1035.18103835671
LU000,29.8783653014521,1208.32158458878
LV003,1.72185762478353,905.66012712017
LV005,0.939284046382966,1011.43126646753
LV006,2.35792510471506,1030.66760156237
LV007,1.4526963505691,966.782576138328
LV008,0.931262727126974,964.471902209557
LV009,1.78474955422603,1012.6156073501
ME000,17.8433460145865,1137.53283425165
MK001,30.0361957690634,1681.36437791468
MK002,13.969433623964,1390.90033028762
MK003,5.95212216344547,1192.03938216841
MK004,33.170082337628,1711.42915585348
MK005,14.406256732942,1418.76039236489
MK006,3.3405104953734,1065.49124500563
MK007,14.7598463906433,1397.94919477342
MK008,14.9360000740627,1430.39562460137
NL111,44.901586420297,1151.57786934727
NL112,40.4936869374478,1130.54049975284
NL113,42.9956108249723,1137.96399560452
NL124,40.6119991688265,1120.9175547777
NL125,40.5589691722638,1139.99955898508
NL126,44.1127244850488,1144.36791529176
NL131,45.6647723652365,1149.33936811862
NL132,48.6318572133748,1187.31530040795
NL133,48.4116209603796,1168.84804078207
NL211,50.0647219533942,1182.18957580781
NL212,53.8594051876343,1205.90976435125
NL213,53.3098579269811,1223.76042682292
NL221,52.1873916895695,1214.60952652696
NL224,57.2152338983424,1247.98908837147
NL225,55.1499717325931,1254.20416609847
NL226,53.7572060134457,1255.04478756764
NL230,50.8243419240088,1193.96675702688
NL310,58.3235171274956,1239.78609650326
NL321,51.8825750159226,1169.76063376877
NL323,59.7152966466577,1178.88730546861
NL324,62.9370560105112,1204.01339671588
NL325,59.366028946879,1203.91532994156
NL327,58.0342576467152,1229.52663485939
NL328,56.2020316471813,1165.32350812715
NL329,59.016839043725,1209.36853929517
NL332,67.7878522141488,1222.28199698589
NL333,69.6307092486742,1253.84349215393
NL337,65.7420243677297,1222.94293188244
NL33A,62.9371756123337,1251.06454331126
NL33B,63.9269725453936,1239.66180169356
NL33C,69.3622500138122,1262.89049925878
NL341,70.0500066441408,1283.78046186649
NL342,70.6768605369436,1279.8340699383
NL411,69.0713606883844,1285.19359386793
NL412,64.0982623394082,1280.54953309185
NL413,59.6745199635291,1282.14554006963
NL414,62.6180191744556,1316.59156992651
NL421,62.0018775697754,1325.28761462201
NL422,64.8339323284002,1341.70623323552
NL423,62.8070187873904,1336.89562754043
NO011,0.682952903617951,761.824358287314
NO012,0.876536682928722,780.845711923149
NO021,0.233030707732767,498.415083906232
NO022,0.256085644542063,355.524066808613
NO031,2.28688947861887,844.257296948122
NO032,0.668577226896601,472.943250471556
NO033,3.10341577645564,837.785609518856
NO034,0.932807965792684,496.847321222794
NO041,3.14472101449717,566.124333272471
NO042,3.96430470413148,585.78063811707
NO043,3.98945951345056,504.66086499779
NO051,2.08690638468511,375.606535305933
NO052,1.30654281492163,322.614217216577
NO053,2.93399779454052,390.836411992554
NO060,0.873545991060252,428.736287200098
NO071,0.816889185214577,335.872373936297
NO072,0.782060635658246,272.408780181836
NO073,0.0893143949151063,305.748455752193
PL213,13.3600541756381,1230.26892903425
PL214,12.8524894306759,1198.44054172041
PL217,12.700558924491,1222.68848256893
PL218,6.22153212716737,1052.1640694519
PL219,3.55617644050075,872.370872961007
PL21A,13.9328513544531,1181.7378492446
PL224,10.3290957337992,1183.46905738939
PL225,10.6702541020817,1045.47700581487
PL227,17.1378631373919,1245.64437356382
PL228,12.08870100679,1195.33030625497
PL229,14.6121137469014,1229.21164094712
PL22A,14.7344144602137,1225.70656401642
PL22B,10.406408713263,1178.51997080994
PL22C,17.1728896302083,1234.69901143867
PL411,13.2433885795141,1166.44911657054
PL414,13.9536004713652,1227.99853620938
PL415,18.2297921079623,1254.74563920604
PL416,15.8535630878006,1244.50252919491
PL417,20.5246916972189,1260.79213530443
PL418,17.4148489539583,1241.02692341591
PL424,22.7058263077845,1184.53339680363
PL426,13.8679832252926,1046.6546650906
PL427,14.9256870481062,1125.66607027693
PL428,19.6343478238177,1153.89112905783
PL431,22.7373705234274,1254.83230141135
PL432,25.0975654518731,1289.54227573187
PL514,23.3230314920871,1277.37283902349
PL515,18.363951148388,1118.47175784838
PL516,24.8540914131242,1264.58728933447
PL517,14.8251637677142,1083.78226523791
PL518,21.8304935576052,1261.77212434978
PL523,18.7161080801861,1233.63580242353
PL524,16.5522980379574,1247.72218701351
PL613,10.4446486616102,1168.20206023563
PL616,8.2555649615595,1148.58546622578
PL617,11.1517968613999,1183.95531180416
PL618,8.35162966733558,1099.86150703053
PL619,11.9376165139059,1205.08148280324
PL621,6.32924489345132,1082.20744345319
PL622,6.17408778843157,1083.00096161442
PL623,4.31236462708397,1083.9896792321
PL633,11.3483966776901,1009.3416100846
PL634,9.30125426455084,987.909179479839
PL636,10.126620714985,1013.05790737961
PL637,7.66681730075451,1041.82701104356
PL638,8.34822794769901,1074.86907756483
PL711,11.8154891796767,1206.72598814917
PL712,12.1133102682292,1209.67374114432
PL713,10.8223788021464,1187.9339256521
PL714,13.6995279807286,1220.94799374589
PL715,13.2225739280257,1232.76032810354
PL721,7.70510155520056,1147.00977771198
PL722,8.39365130950985,1197.2453291675
PL811,6.76898885097182,1210.83061184347
PL812,6.69182356817296,1202.55650109418
PL814,6.88631652560668,1205.40898755956
PL815,8.01613135324292,1214.31204845497
PL821,5.20488432730277,1067.71136433815
PL822,8.50524909051818,1199.81132814694
PL823,9.00040858884984,1216.76505804228
PL824,9.41397447397405,1240.11406708026
PL841,3.9249315774602,1102.76901782231
PL842,4.8313509938956,1140.98728570479
PL843,3.31862817766409,1081.17846392416
PL911,11.7061628139227,1272.8063087512
PL912,9.66851032242043,1226.28763810311
PL913,11.8865921529691,1255.72601322229
PL921,10.7178731433764,1211.17773115234
PL922,8.3032392929171,1181.72057907332
PL923,11.084553847984,1195.63172499774
PL924,6.5431482126664,1163.25815210109
PL925,7.49690652914104,1185.48466607445
PL926,11.7358137803156,1229.68287742919
PT111,219.519178909407,1809.68598294196
PT112,249.958855002021,1935.5181978173
PT119,205.188417478486,1827.80334700117
PT11A,272.483784307727,1960.97528620608
PT11B,99.7640300058786,1557.43103772798
PT11C,204.941930961554,1830.68994206813
PT11D,118.256054573903,1748.72812552435
PT11E,85.4051840844477,1645.09654619399
PT150,348.202065515932,2320.87480601592
PT16B,350.351629562014,2176.12722716451
PT16D,298.61592749329,2056.71819764669
PT16E,257.981460291049,2027.8092182713
PT16F,271.298551143261,2008.85814793638
PT16G,178.672319420257,1811.53148868496
PT16H,213.43458950472,2150.31123098546
PT16I,248.822399650089,2081.47563252053
PT16J,121.056072893368,1733.56300973357
PT170,362.229120166733,2346.09305635242
PT181,322.504276015169,2256.63732105239
PT184,310.389364950603,2405.19625039654
PT185,309.237834720632,2290.17029944997
PT186,262.016738778033,2291.58585133549
PT187,295.602371925976,2367.34124201036
PT300,525.717124486076,2289.6704012929
RO111,9.82821497676635,1399.68246027476
RO112,2.03118376255467,1075.093422521
RO113,3.88817526729549,1202.12619789485
RO114,2.76991448517028,1083.73853433331
RO115,7.65766722073778,1459.58165422771
RO116,5.98937193000387,1357.61436250252
RO121,4.1250470749577,1161.53832588801
RO122,0.879503456411106,1015.76697888236
RO123,0.273755022109113,984.536890549598
RO124,0.180831816334915,866.36539640126
RO125,2.93318804801751,1177.92548156549
RO126,4.17985213136667,1137.28264956654
RO211,5.37381401027663,1279.40374186512
RO212,12.2281444556232,1457.40129775946
RO213,10.2916317296091,1511.68755987613
RO214,3.39166206344881,1149.87765105476
RO215,2.88293160992499,999.044880973348
RO216,10.4678843119699,1560.94345892794
RO221,23.1998918151065,1771.65766552988
RO222,12.6164600312983,1497.5625246736
RO223,29.0338773833187,1649.32043858132
RO224,15.5860366102342,1676.98285417303
RO225,20.2691139763394,1650.05691017745
RO226,8.808980615013,1411.80483577775
RO311,5.28584721913441,1243.54388114237
RO312,28.4399540762452,1780.5752462325
RO313,6.79312407703076,1433.86045791153
RO314,22.4843761692109,1749.50446936025
RO315,24.0935472534926,1759.58397079849
RO316,5.5829509898562,1312.45816208092
RO317,22.0563229109176,1790.13557180843
RO321,16.0107065430198,1701.59836650687
RO322,14.9685618554181,1690.02457886212
RO411,28.0894131340851,1798.05523186714
RO412,10.8810655423938,1371.16256851506
RO413,21.9983880155187,1631.46284466067
RO414,19.9044152832021,1730.68053799755
RO415,7.5975994720021,1267.45637279529
RO421,16.0342247180486,1521.62328596162
RO422,14.6836471637044,1332.94946218522
RO423,4.26439205533178,1134.59852345016
RO424,28.1725956409568,1635.41861967687
RS110,49.2474701599888,1769.042281824
RS121,30.8658478379893,1691.50471521052
RS122,43.6890828654597,1753.22790047531
RS123,34.7434671059859,1702.72729914218
RS124,29.8840871095767,1717.90246309465
RS125,27.7741950000835,1687.74063748621
RS126,39.8103445339227,1758.85657813995
RS127,37.623279622563,1710.75756509579
RS211,11.1212011245569,1146.18781788013
RS212,33.6595454732555,1570.17396124974
RS213,34.3850439857815,1611.44707161782
RS214,20.0789439947329,1336.52013327961
RS215,25.5403768177304,1514.00156367426
RS216,21.669964164799,1434.71466851491
RS217,9.7415132516129,1172.69761268539
RS218,35.5513513416082,1601.4719538769
RS221,22.7587484318855,1570.32571226041
RS222,23.8225822242756,1533.3812773003
RS223,18.594628294972,1457.74443505422
RS224,14.5165165976986,1353.33622449254
RS225,22.5871177197327,1492.55588923769
RS226,7.71849049897198,1198.24134299405
RS227,41.8373756195708,1724.65289417206
RS228,8.84452038354788,1207.52890746011
RS229,15.5626662594403,1364.1588239531
SE110,2.88704333492095,893.170002226073
SE121,2.20663827592029,871.465553900744
SE122,3.99004589047805,906.740436940678
SE123,4.62981385270026,900.997611776061
SE124,1.89941671247686,861.366888771985
SE125,2.22910850923702,901.855298820628
SE211,2.57299646059174,826.703003204403
SE212,4.307994686965,881.798974659862
SE213,5.93591714196174,895.892451123024
SE214,2.89014646363731,864.711532067655
SE221,6.17758052151077,896.184814680738
SE224,8.21927127137049,945.722423482916
SE231,4.13610533675934,893.512631978635
SE232,3.67076818189517,869.337346538284
SE311,1.39095896394617,800.724205400621
SE312,0.441734577605346,671.607561531812
SE313,1.00737606776756,714.497240418315
SE321,0.330762470588416,628.455658221686
SE322,0.104024599974054,485.661981569639
SE331,0.0722795959350553,510.698389800669
SE332,0.197160036550959,443.404811524387
SI031,24.4802709589202,1515.67705300021
SI032,23.1587793738233,1434.72542963831
SI033,8.30492586786613,1153.09880711077
SI034,15.5423156098052,1246.00120787736
SI035,15.7620524656535,1323.7799545659
SI036,28.1306746330371,1454.44683947101
SI037,22.8089755165703,1304.21802374121
SI038,9.96783658221578,1117.8622252514
SI041,12.4719601443141,1261.74439625935
SI042,4.48137965548728,953.062557117509
SI043,8.06153574344551,1137.17928448183
SI044,28.5152414732899,1435.97220231533
SK010,19.883970310937,1445.84701634873
SK021,18.2112196575354,1451.14496961221
SK022,6.70715115573676,1164.48269717283
SK023,15.3341734832798,1469.16932783945
SK031,1.38033581255473,870.28020183101
SK032,3.72163022751646,1145.99533174735
SK041,1.90228322443531,1032.23364131226
SK042,3.15350199085574,1252.2446093813
TR100,95.4350394941113,1799.27341690905
TR211,73.6041761598173,1772.8092106984
TR212,75.0536243173083,1896.51348414364
TR213,51.8823511412744,1629.97099505751
TR221,63.0235316900862,1735.14951023037
TR222,95.3655511727316,1826.7496221131
TR310,140.879225291342,2194.46719882144
TR321,141.773298713307,2242.73914415082
TR322,46.0981632866722,1768.16244882505
TR323,141.560275838317,2093.10847458297
TR331,82.8172425629269,2001.14454238825
TR332,11.9316657584321,1426.15273849864
TR333,15.0901083490004,1415.14055589152
TR334,40.339377777263,1727.64851642824
TR411,49.5697125295663,1626.53163136037
TR412,14.1593358710397,1464.31712878695
TR413,24.8492759397812,1499.42355601806
TR421,84.5819681094378,1769.30299657405
TR422,64.4391599449511,1677.38184576091
TR423,43.7897594247992,1471.85635068981
TR424,8.30930686021831,1164.22002516895
TR425,75.1455571648938,1751.75698254578
TR510,11.3365075469777,1450.43146140409
TR521,12.888899306161,1544.60749040051
TR522,16.3695401642216,1569.73320965276
TR611,76.4865941105801,1755.76340043716
TR612,11.0289726513386,1414.18054082073
TR613,21.9978550199117,1547.01790911485
TR621,138.057584940483,2151.64387140864
TR622,82.7591309745064,1890.48637469867
TR631,227.966488882362,2555.6323891792
TR632,15.932107126114,1723.22405052251
TR633,147.602561440889,2379.16967774023
TR711,13.0956767358118,1537.39834907767
TR712,17.5683701937019,1641.12189987287
TR713,7.06737601949608,1355.24784229914
TR714,10.2123254289305,1467.51584581595
TR715,11.7639402643386,1506.10271927067
TR721,3.32461421404399,1308.43636537441
TR722,2.57118492194303,1295.12828332471
TR723,7.96510222381188,1369.89782382209
TR811,69.8965492928671,1553.88385455936
TR812,14.5674005679841,1230.53031397064
TR813,62.4070001422865,1509.55601783708
TR821,8.48123281729196,1141.40492829471
TR822,5.10904430506162,1203.59726927954
TR823,21.1303055456373,1288.98987693328
TR831,47.8250311486958,1470.35718310302
TR832,16.8875369174058,1399.44443095082
TR833,9.49570890933661,1349.64511404013
TR834,17.2487794182983,1380.73184073844
TR901,14.1104747929888,1108.28199732662
TR902,32.0018680688807,1372.01383770593
TR903,13.2886130165968,1152.67134633895
TR904,8.6475859654698,916.003001012603
TR905,2.96680832971156,843.207695239677
TR906,0.624920865900216,986.345880932912
TRA11,0.0036955550087246,814.888630543638
TRA12,0.4005766089214,1136.61547962859
TRA13,0.0646165768383316,898.02479811097
TRA21,0.0585209807433012,965.540074258336
TRA22,0.0254437239997259,827.099838847955
TRA23,1.75971832607189,1299.59049425153
TRA24,0,597.91210484908
TRB11,2.93912748979029,1641.77156973053
TRB12,2.53949140293634,1689.58438349863
TRB13,0.296034512554896,1274.43819966895
TRB14,0.806754138890576,1334.58148982923
TRB21,0.0628126951819763,969.20834449159
TRB22,0.178796529065642,1257.60863071634
TRB23,0.579075663168035,1291.56864543821
TRB24,1.8312621496536,1196.90362668249
TRC11,66.4012627575352,2308.70684260778
TRC12,24.3576452866889,2085.32193578405
TRC13,93.1658634664026,2346.63258143218
TRC21,76.775390387995,2522.28112264341
TRC22,16.5141837048468,2056.29928715812
TRC31,58.9461297725068,2417.71729507543
TRC32,29.3489934259092,2128.71568297232
TRC33,38.0914185676517,1952.90656896481
TRC34,18.0517479048681,1868.57123771077
UKC11,47.1191501850203,975.71777375014
UKC12,40.3282993355978,923.177721926085
UKC13,43.1942173042135,948.334946032533
UKC14,29.5906499012371,817.542783620908
UKC21,27.4991813256336,783.412279074772
UKC22,41.5855207348714,904.629294849935
UKC23,41.6742822495954,913.660914168117
UKD11,25.9905152017988,799.042873762395
UKD12,23.2072029844861,774.493653557465
UKD33,51.724417618087,1027.15858792423
UKD34,61.4871559352949,1090.486635929
UKD35,47.0029621102863,997.86715220752
UKD36,53.6547108632599,1028.55922989045
UKD37,37.8100839311219,922.352372182909
UKD41,46.3324900667497,980.413171587915
UKD42,61.2052334276516,1064.86805215008
UKD44,44.8040589282278,956.779900576219
UKD45,44.5301792183293,959.187007884866
UKD46,34.4408444742537,895.179384561541
UKD47,62.4428173216258,1076.71165719201
UKD61,68.1175948874569,1128.54264771533
UKD62,56.7896153101712,1061.254274904
UKD63,67.1516607456093,1112.83267453432
UKD71,70.2356884529336,1133.88733029942
UKD72,72.6190424408941,1143.10138326644
UKD73,68.9171028300461,1116.56598928208
UKD74,72.6190424408941,1143.10138326644
UKE11,54.7297356022584,1077.06226510129
UKE12,51.5208552789147,1049.37511360184
UKE13,57.4976367464524,1103.97732308897
UKE21,53.9830002569671,1058.38684129167
UKE22,35.9705443045896,900.998335440309
UKE31,55.2262466656834,1082.07950352989
UKE32,42.591551276854,985.762770351984
UKE41,34.4887548141279,902.248727686501
UKE42,50.2917984172221,1031.26244591754
UKE44,36.2050935040831,916.610682389717
UKE45,54.02118362764,1071.45431824596
UKF11,55.5915366847174,1099.63513168633
UKF12,50.8400387527828,1056.91188974779
UKF13,42.5284570857875,978.335903340013
UKF14,57.3765837942617,1116.32704049105
UKF15,57.2042131207301,1102.98960500446
UKF16,56.5295990334202,1109.46202017782
UKF21,56.2904720265596,1108.11995651467
UKF22,55.4445476257427,1103.52168137702
UKF24,59.8242199269418,1130.37470645318
UKF25,59.6844775373015,1142.84270466643
UKF30,55.6209820720378,1102.18435401981
UKG11,62.2442068605419,1109.02761045637
UKG12,65.0056960437058,1151.99749655439
UKG13,60.6806546683902,1122.19239068119
UKG21,58.1508643896709,1071.12623122483
UKG22,54.8116100330087,1036.763528343
UKG23,45.9207925915572,998.014792494825
UKG24,51.0075665979005,1039.64809282347
UKG31,56.3230683427455,1084.08085698508
UKG32,59.4305623944507,1105.44273782477
UKG33,60.2554661942135,1116.4279098412
UKG36,59.2426353941974,1113.68628479928
UKG37,56.5288143322021,1088.54820493944
UKG38,54.6347908727847,1073.08038562328
UKG39,55.1638053637885,1075.77090965593
UKH11,61.195600545745,1157.65277796054
UKH12,62.8480947608978,1169.54290319066
UKH14,59.6724950487771,1144.43660986769
UKH15,61.1664499189369,1125.00522730507
UKH16,56.4999531505089,1111.00970359274
UKH17,56.0975790394347,1115.57690508443
UKH21,62.8795192854568,1159.48043129105
UKH23,67.811649305258,1195.45083609109
UKH24,63.2765130602742,1166.18517149933
UKH25,62.9838992146906,1161.50365011523
UKH31,72.5657093109829,1194.86043014901
UKH32,73.1772844458914,1196.96481366761
UKH34,64.7241688562975,1163.01175414225
UKH35,67.4509646407379,1183.21867749389
UKH36,70.0612257530307,1185.10419614486
UKH37,72.2713976422253,1193.81286739062
UKI31,80.0509469462115,1281.18328483021
UKI32,80.4620575734532,1279.75291338246
UKI33,81.7148221463729,1275.30128668184
UKI34,82.9891067060305,1271.26605239633
UKI41,78.1842124805428,1258.10987572941
UKI42,80.1221261922973,1279.76715598216
UKI43,80.0509469462115,1281.18328483021
UKI44,82.0091953644707,1265.07929164777
UKI45,82.9315741177167,1271.16075905563
UKI51,77.4149396704879,1225.95100379312
UKI52,75.9293024967732,1232.62819817546
UKI53,77.7772771063887,1253.20349680839
UKI54,80.0509469462115,1281.18328483021
UKI61,78.1585549582003,1231.36757782491
UKI62,82.957134454533,1271.04941415756
UKI63,84.3780098548505,1280.54537201253
UKI71,79.6442989002357,1279.51316782505
UKI72,78.2622918871048,1273.83721920873
UKI73,78.2932261313957,1273.27334458579
UKI74,79.0835042349687,1275.63288986254
UKI75,87.5444489515993,1301.72102923143
UKJ11,70.6912075817799,1176.30964670197
UKJ12,63.9534326471301,1164.9911322198
UKJ13,69.0168530560572,1188.57486799841
UKJ14,69.9541160089551,1176.32629836257
UKJ21,85.3433276312869,1205.8266196776
UKJ22,85.4665261363427,1207.89744959103
UKJ25,78.8301671338315,1226.76989566285
UKJ26,82.1917038598261,1237.71648285571
UKJ27,80.2708997486504,1196.93934794518
UKJ28,82.9981401954547,1211.89198038648
UKJ31,82.0680896624745,1212.41281007576
UKJ32,86.6066609097734,1230.8923333658
UKJ34,91.0325296777577,1218.92314872881
UKJ35,84.0253130346892,1219.52353091441
UKJ36,74.6711810188265,1167.75599806513
UKJ37,68.4142745982368,1155.99324980049
UKJ41,74.483024907389,1193.78748608746
UKJ43,75.2155814572684,1200.07680300455
UKJ44,71.2775310014955,1160.30543922386
UKJ45,76.9276643890605,1187.861539853
UKJ46,77.8019039420894,1200.75465387963
UKK11,76.6333486649498,1138.32768218611
UKK12,76.2050764799499,1147.16487768286
UKK13,67.3152989748124,1156.1729490835
UKK14,66.914965450888,1153.79385349827
UKK15,67.0113528387582,1119.4727589368
UKK21,85.2383476284927,1159.72188512104
UKK22,86.034870721704,1132.91102448957
UKK23,79.6306480217475,1099.17788761573
UKK30,120.453023114313,1143.77969323812
UKK41,98.1504696274088,1098.19614531809
UKK42,112.47077349832,1174.75092267853
UKK43,89.7290739861193,1064.23406901996
UKL11,75.8198039315622,999.933063964412
UKL12,43.456233158969,844.191475092226
UKL13,39.2632116976574,853.996583385626
UKL14,72.7182205230295,996.121129123646
UKL15,56.8440634997046,979.897983486535
UKL16,62.2363979697242,1037.0471251175
UKL17,64.9937481810589,1001.15699308207
UKL18,86.2059983652757,1090.52425801606
UKL21,69.8798420192434,1116.98805505011
UKL22,66.0721831775741,1053.46408849565
UKL23,54.7666520320647,999.118344991908
UKL24,40.2277862602078,886.52784941851
UKM50,22.6054129157587,682.284198988698
UKM61,23.8402540128891,649.419298881601
UKM62,18.1858699637828,627.831582231166
UKM63,28.0948160220784,696.298193783979
UKM64,46.4739123967298,714.026600645003
UKM66,30.4606239671818,569.770518748775
UKM71,20.4604464221938,703.913322763886
UKM72,30.5484629577896,849.653164466237
UKM73,28.0240683547851,798.003741409969
UKM75,25.4757210585653,793.034449447295
UKM76,26.0229653126334,839.826607964294
UKM77,18.2627031001277,699.691489105244
UKM78,24.040740770536,800.579600898358
UKM81,27.7689413842114,805.280300571994
UKM82,32.2527581217755,887.095860183163
UKM83,34.4397545113665,872.70866337743
UKM84,27.3931989749726,856.156852082828
UKM91,21.3149659559975,746.671300374612
UKM92,27.6724337701945,799.486347638112
UKM93,29.6347886792287,809.115061604444
UKM94,39.7464480842046,850.49072679825
UKM95,17.6488335649129,731.570391449787
UKN06,56.8081058504572,957.647750482628
UKN07,55.5382724070799,968.868677138974
UKN08,54.9435280417879,936.628803114795
UKN09,66.844815558078,994.156964079501
UKN10,48.9776569535011,859.394778827445
UKN11,52.7516762493168,937.800827398749
UKN12,51.4426040839576,890.11480435765
UKN13,51.827576022273,945.289228647534
UKN14,51.7841479098443,929.735001836251
UKN15,47.4978970696391,901.669724427038
UKN16,45.4404262687242,873.88714668778
