cntr,year,hdd_calendar,hdd_octmar,cdd_jja
AL,1950,2012.74,,278.39
AL,1951,1977.99,1544.6,183.21
AL,1952,2080.11,1872.28,252.08
AL,1953,2314.59,1844.15,182.62
AL,1954,2258.83,1925.31,199.94
AL,1955,1909.79,1583.1,184.26
AL,1956,2346.15,1832.98,239.11
AL,1957,2077.3,1799.94,242.65
AL,1958,2277.46,1776.59,219.57
AL,1959,2391.62,1824.51,129.78
AL,1960,2083.77,1792.33,188.51
AL,1961,2133.92,1699.32,195.73
AL,1962,2244.7,1756.61,263.36
AL,1963,2152.66,1840.22,244.78
AL,1964,2381.61,1806.77,159.22
AL,1965,2524.14,1972.6,212.19
AL,1966,2240.41,1847.37,206.49
AL,1967,2378.26,1895.66,202.04
AL,1968,2396.71,1936.25,162.03
AL,1969,2193.85,1881.06,147.17
AL,1970,2309.16,1755.09,184.46
AL,1971,2340.35,1862.23,196.67
AL,1972,2246.01,1819.34,156.95
AL,1973,2347.96,2051.85,185.68
AL,1974,2420.55,1806.91,212.44
AL,1975,2440.55,2068.4,158.47
AL,1976,2534.28,2011.68,78.14
AL,1977,2167.61,1752.67,209.97
AL,1978,2413.84,1829.23,167.13
AL,1979,2241.78,1834.75,162.17
AL,1980,2535.39,1909.64,193.53
AL,1981,2421.53,1916.1,180.12
AL,1982,2357.39,1970.51,220.37
AL,1983,2467.92,2009.63,121.92
AL,1984,2418.66,1946.73,141.75
AL,1985,2319.5,1886.04,208.5
AL,1986,2326.1,1810.86,175.25
AL,1987,2381.65,2072.43,261.53
AL,1988,2371.06,1854.89,292.75
AL,1989,2239.79,1939.01,173.15
AL,1990,2191.01,1847.61,195.34
AL,1991,2549.73,1831.94,159.8
AL,1992,2461.3,2146.38,201.35
AL,1993,2432.89,2019.83,231.24
AL,1994,2170.45,1732.65,239.36
AL,1995,2421.94,1896.51,176.41
AL,1996,2382.84,1996.56,203.7
AL,1997,2324.64,1787.88,188.82
AL,1998,2236.72,1841.3,330.04
AL,1999,2145.66,2004.22,292.05
AL,2000,2205.76,1942.64,310.92
AL,2001,2114.33,1566.68,320.36
AL,2002,2040.29,1843.95,250.85
AL,2003,2191.56,1866.05,364.01
AL,2004,2182.76,1839.56,251.48
AL,2005,2275.97,1868.97,190.52
AL,2006,2295.38,1956.9,218.27
AL,2007,2082.02,1727.09,303.22
AL,2008,2075.32,1838.11,278.2
AL,2009,2052.07,1809.9,200.69
AL,2010,1985.22,1701.71,231.04
AL,2011,2293.23,1656.53,240.04
AL,2012,2381.65,2207.21,385.75
AL,2013,2125.46,1809.07,276.88
AL,2014,2152.32,1685.75,215.7
AL,2015,2362.72,1952.67,262.77
AL,2016,2221.35,1792.9,255.99
AL,2017,2388.31,2016.83,333.7
AL,2018,2086.15,1909.6,201.09
AL,2019,2167.54,1873.66,323.48
AL,2020,2262.56,1769.76,244.82
AL,2021,2230.09,1794.43,366.63
AL,2022,2240.65,1986.81,318.58
AL,2023,2113.44,1720.25,285.35
AL,2024,1983.28,1579.9,427.87
AT,1950,3676.61,,104.28
AT,1951,3557.77,2892.34,58.98
AT,1952,3962.99,2916.42,101.82
AT,1953,3675.52,3050.25,53.15
AT,1954,4064.93,3056.97,40.1
AT,1955,3979.6,2976.05,30.78
AT,1956,4271,3200.87,37.77
AT,1957,3708.62,2842.18,74.04
AT,1958,3779.9,2947.47,47.79
AT,1959,3645.93,2749.5,45.48
AT,1960,3774.88,2897.24,36.19
AT,1961,3600.75,2680.04,55.02
AT,1962,4205.51,3026.09,58.16
AT,1963,4157.14,3463.42,72.56
AT,1964,3979.31,3179.68,69.35
AT,1965,4079.75,3055.54,41.84
AT,1966,3650.07,2898.08,37.33
AT,1967,3675.51,2762.99,71.16
AT,1968,3840.75,2865.52,51.2
AT,1969,3954.71,3065.14,48.8
AT,1970,3969.3,3072.75,58.17
AT,1971,3776.51,2976.62,75.21
AT,1972,3871.61,2743.14,56.98
AT,1973,3871.46,2966.57,52.21
AT,1974,3589.91,2713.16,56.6
AT,1975,3606.17,2758.18,45.15
AT,1976,3810.79,2962.42,58.93
AT,1977,3598,2658.41,41.12
AT,1978,3958.17,2817.95,30.21
AT,1979,3824.62,2984,40.73
AT,1980,4060.9,2858.8,36.86
AT,1981,3737.79,2946.09,65.21
AT,1982,3685.82,3005.98,54
AT,1983,3561.35,2674.66,103.16
AT,1984,3894.53,2986.96,37.13
AT,1985,4004.85,3085.37,57.45
AT,1986,3861.87,3080.57,70.63
AT,1987,3923.61,3142.49,49.4
AT,1988,3597.87,2711.85,79.68
AT,1989,3425.91,2607.03,47.54
AT,1990,3461.89,2558.73,73.66
AT,1991,3834.29,2829.77,61.38
AT,1992,3456.48,2821.47,134.67
AT,1993,3654.86,2873.32,74.05
AT,1994,3252.32,2655.48,131.22
AT,1995,3625.48,2667.7,83.09
AT,1996,4010.55,3119.44,48.36
AT,1997,3605.97,2779.3,49.35
AT,1998,3499.23,2656.19,97.85
AT,1999,3472.29,2861.59,54.82
AT,2000,3239.04,2800.67,98.56
AT,2001,3539.45,2500.15,87.67
AT,2002,3280.56,2635.65,95
AT,2003,3563.93,2839.78,169.76
AT,2004,3610.44,2895.34,69
AT,2005,3720.69,2855.56,64.87
AT,2006,3532.79,3071.64,106.97
AT,2007,3258.29,2274.92,113.6
AT,2008,3318.02,2738.88,80.93
AT,2009,3435.05,2794.24,81.78
AT,2010,3788.73,2869.82,101.53
AT,2011,3341.99,2863.06,88.26
AT,2012,3451.8,2761.12,125.92
AT,2013,3539.15,2856.18,134.66
AT,2014,3019.47,2432.84,72.96
AT,2015,3186.5,2460.88,177.49
AT,2016,3317.31,2460.22,90.43
AT,2017,3380.67,2736.91,147.1
AT,2018,3117.51,2738.72,144.4
AT,2019,3120.6,2468.04,160.09
AT,2020,3186.92,2409.27,95.4
AT,2021,3492.03,2642.91,116.86
AT,2022,3107.25,2586.15,143.23
AT,2023,3036.44,2386.98,132.65
AT,2024,2897.6,2233.99,172.85
BE,1950,3025.67,,52.7
BE,1951,2974.42,2403.31,20.24
BE,1952,3207.32,2269.55,48.9
BE,1953,2963.68,2561.93,29.28
BE,1954,3277.58,2323.58,11.86
BE,1955,3394.67,2441.83,30.29
BE,1956,3582.48,2642.81,6.82
BE,1957,3038.79,2153.84,51.63
BE,1958,3178.69,2422.22,17.36
BE,1959,2946.23,2313.8,64.43
BE,1960,3073.67,2265.3,12.23
BE,1961,2932.88,2163,20.79
BE,1962,3592.43,2472.24,4.82
BE,1963,3686.97,2917.46,14.22
BE,1964,3306.49,2549.48,45
BE,1965,3356,2523.44,5.98
BE,1966,3081.07,2379.18,23.27
BE,1967,3073.95,2224.29,31.36
BE,1968,3273.32,2413.25,20.01
BE,1969,3256.14,2484.11,43.2
BE,1970,3245.55,2518.95,36.85
BE,1971,3149.21,2385.32,26
BE,1972,3284.36,2292.18,18.64
BE,1973,3243.22,2388.8,48.91
BE,1974,3052.01,2271.63,13.54
BE,1975,3132.83,2233.86,56.14
BE,1976,3157.89,2495.73,111.84
BE,1977,3069.29,2268.28,13.85
BE,1978,3350.1,2256.87,16.58
BE,1979,3440.94,2637.2,11.62
BE,1980,3370.94,2297.82,20.02
BE,1981,3233.17,2419.69,18.98
BE,1982,3046.87,2502.76,42.05
BE,1983,3085.73,2281.29,74.92
BE,1984,3228.67,2411,31.12
BE,1985,3431.42,2522.6,23.21
BE,1986,3261.78,2538.94,45.64
BE,1987,3290.75,2444.64,25.74
BE,1988,2772.2,2148.36,16.22
BE,1989,2747.65,1986.3,60.29
BE,1990,2817.52,1966.82,67.85
BE,1991,3205.16,2271.31,39.47
BE,1992,2956.76,2310.16,39.73
BE,1993,3060.16,2299.35,21.86
BE,1994,2794.6,2320.5,88.01
BE,1995,2904.33,2035.05,106.72
BE,1996,3456.1,2483.19,41.09
BE,1997,2937.09,2348.43,63.97
BE,1998,2928.15,2114.99,32.81
BE,1999,2668.06,2256.27,49.95
BE,2000,2681.58,2147.97,28.7
BE,2001,2891.37,2105.73,61.57
BE,2002,2659.22,2009.96,44.05
BE,2003,2891.52,2199.78,100.41
BE,2004,2828.23,2252.33,48.16
BE,2005,2744.97,2195.43,61.54
BE,2006,2685.36,2271.81,103.71
BE,2007,2505.16,1730.15,25.14
BE,2008,2847.64,2113.43,30.07
BE,2009,2855.4,2411.54,55.55
BE,2010,3308.72,2332.34,66.36
BE,2011,2572.21,2338.14,27.47
BE,2012,2949.65,2095.44,44.62
BE,2013,3157.15,2411.55,66.02
BE,2014,2480.8,1929.76,41.64
BE,2015,2725.75,2092.01,85.29
BE,2016,2837.88,1941.82,54.95
BE,2017,2714.69,2181.86,70.96
BE,2018,2681.85,2169.83,125.92
BE,2019,2688.08,2007.42,105.51
BE,2020,2495.31,1948.98,97.82
BE,2021,2876.44,2029.44,49.76
BE,2022,2537.86,2005.83,129.35
BE,2023,2482.96,1919.31,91.34
BE,2024,2475.98,1823.73,75.57
BG,1950,3054.79,,291.5
BG,1951,2958.41,2371.18,208
BG,1952,3027.23,2667.39,283.77
BG,1953,3322.81,2539.1,211.58
BG,1954,3572.72,3235.15,224.78
BG,1955,3054.73,2482.61,120.26
BG,1956,3600.27,2828.41,184.39
BG,1957,3148.55,2700.43,192.42
BG,1958,3004.57,2566.36,208.23
BG,1959,3281.98,2566.76,123.49
BG,1960,2875.04,2603.36,132.22
BG,1961,2904.61,2170.34,135.18
BG,1962,3018.67,2489.24,218.04
BG,1963,3180.16,2738.16,208
BG,1964,3208.07,2641.67,133.8
BG,1965,3306.32,2572.7,158.24
BG,1966,2814.85,2421.84,138.99
BG,1967,3141.91,2513.13,135.73
BG,1968,3035.72,2509.46,138.08
BG,1969,3255.18,2810.51,115.13
BG,1970,3061.17,2407.05,147.81
BG,1971,3150.88,2519.04,130.33
BG,1972,3188.93,2600.06,151.92
BG,1973,3302.81,2733.12,98.05
BG,1974,3185.81,2649.53,135.14
BG,1975,3052.93,2478.07,113.75
BG,1976,3345.23,2747.11,60.32
BG,1977,2999.83,2361.43,131.52
BG,1978,3185.36,2540.9,111.85
BG,1979,2988.55,2537.8,119.98
BG,1980,3362.65,2714.61,126.43
BG,1981,3139.9,2518.77,140.03
BG,1982,3214.38,2653.52,109.58
BG,1983,3116.73,2422.02,94.63
BG,1984,3195.79,2740.14,103.15
BG,1985,3279.19,2790.08,165.96
BG,1986,3204.62,2562.46,144.61
BG,1987,3347,2907.87,200.67
BG,1988,3275.11,2495.21,211.82
BG,1989,2994.63,2614,127.85
BG,1990,2929.7,2506,169.86
BG,1991,3370.86,2538.69,126.63
BG,1992,3143.7,2699.19,163.25
BG,1993,3217.69,2664.16,196.55
BG,1994,2816.32,2396.78,190.29
BG,1995,3185.82,2484.29,133.3
BG,1996,3348.59,2972.71,185.61
BG,1997,3348.66,2507.61,117.68
BG,1998,3093.52,2587.73,211.81
BG,1999,2881.16,2634.21,186.43
BG,2000,2928.13,2583.43,254.56
BG,2001,2985.77,2162.07,207.34
BG,2002,2908.28,2526.6,167.33
BG,2003,3249.71,2723.99,234.87
BG,2004,2993.53,2583.21,133.64
BG,2005,3144.09,2469.39,122.46
BG,2006,3099.65,2673.91,173.79
BG,2007,2814.91,2190.74,289.35
BG,2008,2880.93,2568.15,224.17
BG,2009,2869,2423.19,193.54
BG,2010,2902.13,2407.33,202.29
BG,2011,3182.41,2465.93,185.71
BG,2012,3013.65,2821.15,311.21
BG,2013,2802.44,2339.27,203.25
BG,2014,2730.1,2203.17,154.12
BG,2015,2751.61,2412.99,221.57
BG,2016,2807.65,2161.17,228.7
BG,2017,2911.31,2578.13,250.45
BG,2018,2707.79,2339.41,177.28
BG,2019,2549.22,2325.32,226.13
BG,2020,2623.93,2043.33,204.42
BG,2021,2868.7,2223.33,254.74
BG,2022,2649.92,2411.37,246.55
BG,2023,2418.49,1976.91,268.73
BG,2024,2317.94,1874.25,366.98
CH,1950,3742.63,,74.77
CH,1951,3775.01,2894.35,34.02
CH,1952,3901.68,2898.49,90.27
CH,1953,3792.38,3052.08,29.39
CH,1954,3973.63,2860.86,27.29
CH,1955,3898.19,2803.67,19.99
CH,1956,4305.9,3082.86,15.92
CH,1957,3808.13,2806.25,47.35
CH,1958,3777.47,2893.97,37.22
CH,1959,3552.85,2688.59,48.3
CH,1960,3745.97,2763.45,20.76
CH,1961,3455.89,2626.53,37.35
CH,1962,4139.64,2844.62,50.29
CH,1963,4143.46,3327.27,32.63
CH,1964,3815.96,2902.9,63.52
CH,1965,4068.58,3000.58,28.82
CH,1966,3722.43,2766.95,29.58
CH,1967,3762.03,2736.18,47.78
CH,1968,3868.14,2814.37,28.92
CH,1969,4006.44,2870.38,40.58
CH,1970,3990.83,3025.52,40.9
CH,1971,3863.92,3008.33,50.45
CH,1972,3943.06,2705.31,26.7
CH,1973,3967.98,2968.29,40.47
CH,1974,3737.92,2673.38,33.03
CH,1975,3770.37,2808.79,37.93
CH,1976,3812.14,2890.06,63.65
CH,1977,3677.85,2663.75,14.21
CH,1978,4029.76,2756.04,17.02
CH,1979,3884.56,2873.85,21.9
CH,1980,4119.74,2734.99,22.34
CH,1981,3905.76,3010.72,30.87
CH,1982,3687.01,2863.04,37.23
CH,1983,3739.53,2725.44,83.81
CH,1984,4030.91,2954.74,34.82
CH,1985,4080.05,2960.81,40.36
CH,1986,3948.09,3013.03,50.27
CH,1987,3954.27,2965.01,32.76
CH,1988,3629.3,2653.7,36.05
CH,1989,3533.67,2569.39,38.76
CH,1990,3516.3,2511.51,57.07
CH,1991,3833.89,2753.14,60.39
CH,1992,3615.57,2862.46,68.94
CH,1993,3693.83,2733.83,42.27
CH,1994,3303.54,2626.29,88.29
CH,1995,3676.76,2578.59,57.09
CH,1996,3953.67,2812.86,32.01
CH,1997,3525.71,2679.27,36.68
CH,1998,3644.79,2618.87,64.96
CH,1999,3603.84,2854.93,31.31
CH,2000,3398.24,2760.49,49.85
CH,2001,3604.75,2487.9,53.55
CH,2002,3387.84,2594.98,53.69
CH,2003,3558.97,2665.4,170.33
CH,2004,3663.24,2832.29,45.8
CH,2005,3760.81,2818.02,56.24
CH,2006,3531.6,2957.18,86.9
CH,2007,3418.28,2328.36,36.86
CH,2008,3598.25,2726.13,47.01
CH,2009,3528.08,2901.13,55.63
CH,2010,3890.33,2824.5,65.74
CH,2011,3288.92,2740.17,50.53
CH,2012,3571.72,2688.16,60.12
CH,2013,3779.71,2838.1,75.14
CH,2014,3198.94,2501.99,35.36
CH,2015,3352.6,2510.67,125.68
CH,2016,3501.91,2497.5,63.17
CH,2017,3488.26,2683.33,92.45
CH,2018,3219.73,2724.26,101.67
CH,2019,3363.92,2516.85,105.52
CH,2020,3239.5,2400.55,75.63
CH,2021,3609.43,2615.06,45.01
CH,2022,3081.65,2603.11,123.8
CH,2023,3131.15,2344.09,109.3
CH,2024,3152.6,2283.69,83.99
CY,1950,1201.09,,376.93
CY,1951,1005.44,824.64,436.37
CY,1952,1043.36,1093.93,503.85
CY,1953,1370.39,991.76,467.69
CY,1954,1102.32,1179.93,511.89
CY,1955,899.18,828.13,424.39
CY,1956,1209.09,986.84,484.86
CY,1957,1120.41,1089.09,462.57
CY,1958,994.12,927.66,406.21
CY,1959,1235.34,1104.42,320.65
CY,1960,938.33,963.19,440.26
CY,1961,1206.4,961.23,454.23
CY,1962,1003.59,948.02,412.26
CY,1963,982.09,840.55,428.42
CY,1964,1154.76,995.28,344
CY,1965,1149.06,968.5,417.46
CY,1966,917.42,897.33,377.09
CY,1967,1312.94,1031.54,382.49
CY,1968,1055.26,1091.8,390.05
CY,1969,1059.61,885.84,350.39
CY,1970,1033.61,857.84,368.72
CY,1971,1182.93,946.15,391.64
CY,1972,1382.28,1251.64,425.15
CY,1973,1224.21,1126.45,479.56
CY,1974,1286.48,1125.23,486.91
CY,1975,1271.98,1126.85,441.12
CY,1976,1236.12,1180.57,355.51
CY,1977,1217.81,988.72,463.85
CY,1978,1133.56,1030.76,454.07
CY,1979,1071.81,955.7,401.78
CY,1980,1293.67,1121.3,443.09
CY,1981,1161.27,995.85,474.19
CY,1982,1284.9,1058.12,362.39
CY,1983,1351.6,1292.61,345.94
CY,1984,1215.58,969.18,365.33
CY,1985,1156.57,1127.42,410.11
CY,1986,1136.13,938.36,387.63
CY,1987,1254.8,1103.79,420.93
CY,1988,1282.21,1109.66,480.93
CY,1989,1199.05,1187.89,399.66
CY,1990,1173.55,1092.25,405.21
CY,1991,1187.62,923.7,376.58
CY,1992,1570.6,1361.93,361.56
CY,1993,1300.24,1273.21,431.64
CY,1994,1121.92,911.82,431.68
CY,1995,1228.54,1037.75,446.9
CY,1996,1108.67,1132.3,461.29
CY,1997,1216.64,998.84,409.79
CY,1998,1075.74,1013.77,511.13
CY,1999,940.4,851.73,461.99
CY,2000,1189.34,1028.39,526.08
CY,2001,982.83,853.37,484.63
CY,2002,1081.4,975.9,491.79
CY,2003,1150.92,1041.53,470.23
CY,2004,1118.24,978.02,447.05
CY,2005,1117.99,981.03,431.18
CY,2006,1133.48,1001.15,461.56
CY,2007,989.35,989.19,586.41
CY,2008,938.41,879.7,608.32
CY,2009,903.17,819.49,569.63
CY,2010,711.7,684.75,575.14
CY,2011,999.29,712.05,541.68
CY,2012,970.89,1027.89,654.46
CY,2013,846.24,697.61,564.36
CY,2014,566.34,638.03,515.44
CY,2015,761.76,664.67,508.46
CY,2016,817.37,668.77,544.49
CY,2017,766.81,854.78,579.9
CY,2018,568.33,507.04,524.03
CY,2019,737.31,699.38,551.01
CY,2020,644.99,659.76,530.82
CY,2021,556.48,459.99,657.09
CY,2022,670,691.33,624.8
CY,2023,484.44,447.11,647.09
CY,2024,442.97,349.22,713.46
CZ,1950,3725.2,,100.32
CZ,1951,3576.62,2912.52,63.87
CZ,1952,4013.74,2923.01,101.34
CZ,1953,3656.17,3060.58,58.58
CZ,1954,4106.95,3110.34,41.59
CZ,1955,4109.85,3072.54,33.34
CZ,1956,4379.15,3277.24,33.43
CZ,1957,3747.37,2862.92,77.87
CZ,1958,3839,3006.04,42.92
CZ,1959,3676.09,2771.7,67.01
CZ,1960,3795.97,2956.08,34.78
CZ,1961,3649.13,2660.75,50.48
CZ,1962,4228.18,3054.39,54.75
CZ,1963,4218.44,3530.72,80.47
CZ,1964,4076.79,3269.12,86.84
CZ,1965,4146.53,3065.22,40.98
CZ,1966,3648.4,3000.4,44.4
CZ,1967,3647.42,2734.9,77.71
CZ,1968,3875.29,2884.17,54.26
CZ,1969,4059.99,3147.07,65.87
CZ,1970,4029.43,3196.57,57.55
CZ,1971,3857.41,2989.97,88.58
CZ,1972,3901.21,2811.25,70.19
CZ,1973,3916.12,2934.85,60.69
CZ,1974,3587.69,2760.31,43.42
CZ,1975,3642.71,2771.4,62.5
CZ,1976,3895.21,3062.64,76.08
CZ,1977,3736.16,2732.73,39.26
CZ,1978,4002.57,2853.92,33.79
CZ,1979,3922.06,3059.35,45.3
CZ,1980,4185.24,2964.67,24.88
CZ,1981,3817.46,2967.83,61.46
CZ,1982,3741,3091.27,73.12
CZ,1983,3628.51,2711.51,117.45
CZ,1984,3925.49,3020.75,42.79
CZ,1985,4162.41,3190.75,53.49
CZ,1986,3932.69,3128.81,72.22
CZ,1987,4099.9,3244.35,42.97
CZ,1988,3647.02,2737.43,65.46
CZ,1989,3476.49,2698.78,57.98
CZ,1990,3487.3,2605.59,80.94
CZ,1991,3901.96,2853.6,61.81
CZ,1992,3560.29,2874.94,138.35
CZ,1993,3785.51,3003.14,64.54
CZ,1994,3420.08,2742.22,152.01
CZ,1995,3722.69,2744.96,99.42
CZ,1996,4242.11,3300.92,53.52
CZ,1997,3820.94,2954.16,63.29
CZ,1998,3600.14,2754.85,88.13
CZ,1999,3514.7,2928.59,62.95
CZ,2000,3307.99,2826.06,93.17
CZ,2001,3708.06,2621.99,71.98
CZ,2002,3466.84,2736.22,93.89
CZ,2003,3693.64,3032.73,155.57
CZ,2004,3693.09,2965.83,73.31
CZ,2005,3748.06,2908.05,66.88
CZ,2006,3629.5,3163.4,126.36
CZ,2007,3328.92,2315.91,109.2
CZ,2008,3385.24,2775.16,86.88
CZ,2009,3512.24,2827.12,75.86
CZ,2010,3947.86,2961.88,111.73
CZ,2011,3459.53,2986.02,71.29
CZ,2012,3590.25,2830.71,108.66
CZ,2013,3686.41,2985.1,120.1
CZ,2014,3087.66,2477.02,85.78
CZ,2015,3227.29,2483.16,187.64
CZ,2016,3437.51,2526.51,86.39
CZ,2017,3460.04,2848.8,125.32
CZ,2018,3189.56,2761.49,168.79
CZ,2019,3140.44,2533.24,157.45
CZ,2020,3242.61,2415.02,88.23
CZ,2021,3624.82,2716.12,91.37
CZ,2022,3250.32,2610.92,134.3
CZ,2023,3102.79,2482.35,128.81
CZ,2024,2965.45,2302.14,147.97
DE,1950,3443.33,,69.29
DE,1951,3351.5,2711.21,42.35
DE,1952,3668.72,2625.33,79.83
DE,1953,3306.63,2823.01,45.22
DE,1954,3645.26,2693.08,25.48
DE,1955,3749.42,2741.6,32.54
DE,1956,3962.39,2943.39,15.57
DE,1957,3392.15,2477.67,65.82
DE,1958,3505.69,2719.16,36.11
DE,1959,3297.1,2519.82,87.27
DE,1960,3419,2618.38,30.13
DE,1961,3254.04,2402.11,39.51
DE,1962,3892.51,2703.45,32.33
DE,1963,3926.45,3249.92,48.46
DE,1964,3634.65,2868.63,85.12
DE,1965,3711.16,2750.84,23.94
DE,1966,3400.84,2680.5,40.08
DE,1967,3304.1,2454.53,52.87
DE,1968,3550.85,2616.68,36.31
DE,1969,3700.9,2823.13,66.57
DE,1970,3689.08,2921.82,51.86
DE,1971,3475.75,2693.43,63.65
DE,1972,3667.04,2560.51,48.45
DE,1973,3566.81,2689.31,63.68
DE,1974,3265.62,2489.66,31.09
DE,1975,3329.05,2442.86,75.64
DE,1976,3512.64,2745.26,107.74
DE,1977,3306.36,2488.02,28.09
DE,1978,3632.57,2522.48,34.29
DE,1979,3680.04,2856.17,30.27
DE,1980,3686.69,2602.37,30.13
DE,1981,3508.47,2677.09,39.45
DE,1982,3334.93,2803.31,74.73
DE,1983,3316.86,2431.2,113.01
DE,1984,3578.01,2708.71,40.69
DE,1985,3792.93,2844.31,40.04
DE,1986,3624.63,2865.45,70.41
DE,1987,3750.73,2839.98,32.25
DE,1988,3208.42,2453.15,39.46
DE,1989,3119.63,2309.94,63.31
DE,1990,3086.94,2256.45,69.48
DE,1991,3493.49,2535.33,69.56
DE,1992,3224.82,2563.28,91.85
DE,1993,3413.54,2609.15,41.52
DE,1994,3064.72,2546.49,124.35
DE,1995,3339.16,2380.73,105.14
DE,1996,3881.26,2899.99,46.06
DE,1997,3328.65,2630.14,70.38
DE,1998,3227.04,2410.61,57.67
DE,1999,3099.23,2572.92,63.77
DE,2000,2964.32,2449.44,55.98
DE,2001,3257.62,2348.26,78.11
DE,2002,3067.19,2341.56,67.24
DE,2003,3270.13,2607.54,155.14
DE,2004,3295.29,2581.88,59.98
DE,2005,3265.83,2569.02,64.86
DE,2006,3151.91,2719.83,119.22
DE,2007,2971.53,2008.6,55
DE,2008,3157.15,2443.07,63.84
DE,2009,3233.27,2658.62,64.74
DE,2010,3715.69,2685.2,96.35
DE,2011,3048.52,2684.29,50.38
DE,2012,3276.48,2458.11,63.76
DE,2013,3422.81,2722.09,89.92
DE,2014,2797.47,2201.11,64.82
DE,2015,3002.87,2303.68,127.2
DE,2016,3169.79,2261.31,72.43
DE,2017,3098.38,2508.22,75.88
DE,2018,2947.8,2467.98,149.13
DE,2019,2956.04,2263.28,138.86
DE,2020,2858.95,2187.64,101.49
DE,2021,3246.75,2370.85,65.15
DE,2022,2856.23,2300.32,144.39
DE,2023,2795.23,2168.01,102.01
DE,2024,2730.5,2080.98,95.14
DK,1950,3496.73,,4.72
DK,1951,3455.19,2767.94,1.05
DK,1952,3803.47,2504.36,1.89
DK,1953,3260.51,2774.21,11.84
DK,1954,3672.03,2600.3,1.08
DK,1955,3757.85,2742.93,12.58
DK,1956,3951.02,2869.18,0.5
DK,1957,3493.35,2510.73,3.49
DK,1958,3771.02,2804.46,5.06
DK,1959,3339.6,2511.63,17.04
DK,1960,3656.76,2698.68,4.41
DK,1961,3360.09,2482.16,3.97
DK,1962,3900.91,2662.28,0.02
DK,1963,4064.76,3152.28,5.71
DK,1964,3782.22,2791.59,3.03
DK,1965,3929.29,2740.39,0.11
DK,1966,3861.91,2928.39,5.71
DK,1967,3413.57,2559.27,1.69
DK,1968,3694.32,2652.22,9.64
DK,1969,3865.44,2889.3,19.63
DK,1970,3950.81,3034.21,10.41
DK,1971,3500.31,2636.65,9.29
DK,1972,3647.04,2614.64,12.47
DK,1973,3529.89,2445.27,19.78
DK,1974,3355.62,2584.09,1.84
DK,1975,3303.87,2450.03,36.88
DK,1976,3740.07,2710.78,21.71
DK,1977,3574.93,2714.18,6.65
DK,1978,3703.62,2606.83,12.42
DK,1979,3984.68,2897.05,3.9
DK,1980,3815.55,2866.7,5.37
DK,1981,3745.38,2717.7,4.18
DK,1982,3553.17,2967.52,33.84
DK,1983,3424.16,2424.19,21.58
DK,1984,3552.54,2721.63,5.73
DK,1985,4025.62,2905.07,2.96
DK,1986,3830.87,2917.37,8.89
DK,1987,3973.77,2876.09,1.32
DK,1988,3336.31,2449.21,3.65
DK,1989,3082.8,2290.38,21.8
DK,1990,3011.03,2210.96,10.47
DK,1991,3432.27,2513.36,15.16
DK,1992,3240.04,2387.43,21.91
DK,1993,3573.4,2576.17,1.03
DK,1994,3342.59,2704.46,48.68
DK,1995,3521.04,2452.62,35.8
DK,1996,3989.06,2996.82,14.15
DK,1997,3497.61,2656.97,40.7
DK,1998,3462.02,2478.4,1.95
DK,1999,3296.38,2697.3,16.57
DK,2000,3087.06,2435.91,6.31
DK,2001,3449.95,2457.45,14.84
DK,2002,3196.96,2341.89,28.19
DK,2003,3348.78,2804.45,24.58
DK,2004,3305.34,2574.82,13.48
DK,2005,3256.15,2501.9,11.46
DK,2006,3106.99,2640.67,38.6
DK,2007,2981.06,1984.61,13.16
DK,2008,3061.32,2340.83,20.21
DK,2009,3225.93,2486.39,17.09
DK,2010,3895.4,2796.18,21.09
DK,2011,3287.88,2902.96,4.7
DK,2012,3559.9,2422.64,10.55
DK,2013,3526.16,2833.87,18.99
DK,2014,2976.2,2247.14,39.46
DK,2015,3222.73,2268.86,10.02
DK,2016,3328.35,2372.78,16.32
DK,2017,3287.23,2492.56,1.16
DK,2018,3231.44,2573.03,67.86
DK,2019,3150.4,2296.53,30.35
DK,2020,3015.73,2226.89,36.05
DK,2021,3418.67,2431.97,22.55
DK,2022,3144.08,2321.75,35.16
DK,2023,3189.9,2299.75,10.77
DK,2024,3054.45,2431.77,11.38
EE,1950,4725.2,,7.98
EE,1951,4838.01,3703.56,22.67
EE,1952,5078.13,3573.48,10.33
EE,1953,4595.89,3708.83,17.24
EE,1954,4800.07,3665.34,12.74
EE,1955,5117.9,3568.82,30
EE,1956,5348.47,4048.72,13.55
EE,1957,4601.67,3511.12,16.25
EE,1958,5063.68,3676.59,5.59
EE,1959,4565.39,3241.49,46.78
EE,1960,4926.75,3959.81,20.26
EE,1961,4274.65,3147.68,13.82
EE,1962,4900.83,3492.84,0.91
EE,1963,5119.73,4048.39,20.21
EE,1964,4772.45,3690.3,12.23
EE,1965,4952.93,3490.59,10.73
EE,1966,5211.96,3999.42,21.43
EE,1967,4685.81,3639.45,13.93
EE,1968,4982.24,3679.44,20.68
EE,1969,5315.55,4028.17,21.98
EE,1970,5086.31,3933.17,14.58
EE,1971,4691.17,3528.6,15.07
EE,1972,4625.12,3650.53,49.17
EE,1973,4698.98,3212.93,41.06
EE,1974,4343.26,3442.63,2.05
EE,1975,4167.74,3025.74,26.79
EE,1976,5246.48,3682.07,6.34
EE,1977,4923.99,3786.55,14.92
EE,1978,5214.33,3636.77,11.59
EE,1979,4847.88,3897.98,12.71
EE,1980,5016.81,3796.6,19.77
EE,1981,4724.83,3509.58,11.28
EE,1982,4594.33,3545.81,18.9
EE,1983,4353.64,3216.26,28.39
EE,1984,4519.19,3452.89,12.07
EE,1985,5252.34,3879.67,6.44
EE,1986,4810.56,3642.75,20.57
EE,1987,5342.74,3955.8,3.02
EE,1988,4585.18,3419.72,38.44
EE,1989,3996.01,3153.89,22.73
EE,1990,4155.26,3064.85,6.54
EE,1991,4316.37,3265.42,16.62
EE,1992,4304.74,2964.74,27.76
EE,1993,4708.26,3306.37,3.29
EE,1994,4717.19,3823.75,48.91
EE,1995,4388.89,3192.23,20.61
EE,1996,4965.1,3829.96,14.63
EE,1997,4551.16,3226.4,49.27
EE,1998,4623.2,3428.63,6.19
EE,1999,4295.26,3578.35,46.55
EE,2000,4059.25,3150.86,6.02
EE,2001,4466.86,3111.6,36.9
EE,2002,4449.89,3254.31,43.93
EE,2003,4592.5,3928.47,41.83
EE,2004,4446.97,3393.73,14.57
EE,2005,4433.08,3424.41,20.72
EE,2006,4279.4,3562.25,48.91
EE,2007,4178.51,2992.22,29.37
EE,2008,3989.15,2982.61,4.8
EE,2009,4427.17,3151.52,9.39
EE,2010,4967.01,3833.76,84.97
EE,2011,4188.77,3789.04,52.92
EE,2012,4688.54,3266.22,13.84
EE,2013,4278.94,3645.13,31.01
EE,2014,4254.09,3020.86,58.65
EE,2015,3922.97,3038.87,14.64
EE,2016,4304.8,3153.23,14.46
EE,2017,4328.76,3257.73,4.68
EE,2018,4202.31,3367.54,74.86
EE,2019,4014.04,3138.98,33.03
EE,2020,3685.34,2743.92,25.71
EE,2021,4390.56,3128.68,83.32
EE,2022,4209.81,3162.31,68.88
EE,2023,4128.73,3135.29,31.57
EE,2024,3850.15,3388.01,29.64
EL,1950,1552.7,,454.81
EL,1951,1472.4,1185.52,392.53
EL,1952,1481.63,1494.22,450.92
EL,1953,1813.22,1363.02,376.67
EL,1954,1759.46,1674.5,439.9
EL,1955,1401.44,1193.91,356.06
EL,1956,1848.74,1503.76,395.84
EL,1957,1649.35,1484.24,414.63
EL,1958,1483.83,1345.17,389.05
EL,1959,1671.85,1384.62,302.45
EL,1960,1364.91,1356.89,345.91
EL,1961,1413.53,1150.46,337.54
EL,1962,1464.64,1265.47,416.21
EL,1963,1486.86,1318.38,420.61
EL,1964,1673.3,1408.56,302.53
EL,1965,1708.17,1392.68,327.44
EL,1966,1426.71,1299.48,370.4
EL,1967,1692.71,1409.95,305.69
EL,1968,1681.37,1431.27,293.39
EL,1969,1640.11,1462.25,269.42
EL,1970,1588.33,1262.59,315.07
EL,1971,1677.72,1421.52,310.4
EL,1972,1683.26,1470.59,320.63
EL,1973,1753.15,1582.19,289.19
EL,1974,1736.71,1466.72,316.22
EL,1975,1724.25,1476,289.73
EL,1976,1769.85,1570.39,210.11
EL,1977,1553.29,1305.51,365.76
EL,1978,1646.24,1382.19,321.48
EL,1979,1570.98,1374.88,315.16
EL,1980,1757.09,1531.12,319.16
EL,1981,1681.34,1399.92,320.15
EL,1982,1782.18,1479.08,309.67
EL,1983,1759.43,1518.63,250.58
EL,1984,1679.65,1477.57,260.42
EL,1985,1635.69,1461.5,341.43
EL,1986,1665.99,1342.55,335.32
EL,1987,1813,1626.53,359.63
EL,1988,1795.63,1431.63,426.25
EL,1989,1677.11,1580.4,288.5
EL,1990,1552.2,1437.76,339.32
EL,1991,1873.15,1415.89,306.95
EL,1992,1798.27,1667.67,309.92
EL,1993,1741.76,1557.76,364.48
EL,1994,1518.44,1288.91,385.1
EL,1995,1662.21,1370.89,353.02
EL,1996,1753.02,1604.21,345.92
EL,1997,1753.82,1364.9,336.93
EL,1998,1651.94,1472.88,475.59
EL,1999,1521.85,1471.51,445.34
EL,2000,1649.52,1489.36,444.27
EL,2001,1574.24,1160.29,456.9
EL,2002,1578.66,1524.08,400.29
EL,2003,1751.63,1523.03,468.42
EL,2004,1675.88,1470.97,346.1
EL,2005,1738.12,1449.64,311.57
EL,2006,1813,1578.15,349.74
EL,2007,1609.55,1408.69,439.5
EL,2008,1601.05,1486.19,394.27
EL,2009,1535.03,1381.66,341.84
EL,2010,1421.8,1247.68,395.67
EL,2011,1818.64,1337.71,346.29
EL,2012,1689.71,1720.26,477.65
EL,2013,1501.53,1258.26,354.77
EL,2014,1446.4,1267.26,334.29
EL,2015,1668.66,1437.66,344.95
EL,2016,1551.9,1270.09,392.05
EL,2017,1674.27,1533.03,401.61
EL,2018,1431.58,1309.96,341.4
EL,2019,1523.98,1428.8,398.57
EL,2020,1564.71,1271.4,337.89
EL,2021,1586.03,1269.88,444.59
EL,2022,1613.99,1530.49,390.58
EL,2023,1415.48,1204.78,419.24
EL,2024,1296.43,1087.64,546.79
ES,1950,1683.38,,287.09
ES,1951,1840.76,1424.77,201.77
ES,1952,1747.63,1439.54,240
ES,1953,1740.28,1498.85,227.15
ES,1954,1825.12,1422.21,192.52
ES,1955,1536.61,1256.4,240.59
ES,1956,2052.04,1498.27,181.66
ES,1957,1810.47,1468.5,218.25
ES,1958,1678.73,1451.71,202.02
ES,1959,1646.98,1318.45,235.28
ES,1960,1733.26,1350.29,215.29
ES,1961,1518.59,1386.41,246.05
ES,1962,1801.52,1358.46,261.02
ES,1963,1804.62,1542.94,206.02
ES,1964,1758.1,1390.6,247.91
ES,1965,1788.55,1552.01,240.24
ES,1966,1691.38,1248.57,209.69
ES,1967,1769.45,1462.68,233.05
ES,1968,1702.03,1423.54,220.9
ES,1969,1848.97,1349,215.2
ES,1970,1823.99,1457.37,218.1
ES,1971,1921.13,1561.86,192.91
ES,1972,1947.35,1503.96,156.27
ES,1973,1922.68,1508.09,220.88
ES,1974,1929.06,1467.11,216.44
ES,1975,1914.08,1507.26,238.31
ES,1976,1924.85,1526.16,233.91
ES,1977,1725.83,1428.38,118
ES,1978,1792.2,1333.31,195.38
ES,1979,1762.59,1341.48,234.7
ES,1980,1874.96,1411.72,227.5
ES,1981,1665.08,1477.8,233.67
ES,1982,1672.22,1230.84,256.41
ES,1983,1668.06,1449.21,236.63
ES,1984,1906.92,1395.18,225.55
ES,1985,1786.27,1440.14,264.68
ES,1986,1810,1436.05,253.55
ES,1987,1634.9,1377.54,254.31
ES,1988,1636.2,1279.21,233.99
ES,1989,1455.07,1287.59,315.72
ES,1990,1594.01,1069.44,301.32
ES,1991,1861.82,1462.37,310.41
ES,1992,1765.36,1507.05,231.24
ES,1993,1860.06,1395.29,246.81
ES,1994,1564.51,1387.12,337.09
ES,1995,1437.38,1186.24,274.7
ES,1996,1652.93,1207.93,250.03
ES,1997,1384.01,1195.81,217.08
ES,1998,1582.35,1136.78,297.86
ES,1999,1656.24,1397.89,289.52
ES,2000,1612.62,1369.16,275.81
ES,2001,1576.52,1192.74,297.35
ES,2002,1494.48,1314.84,249.8
ES,2003,1563.95,1237.16,399.21
ES,2004,1682.42,1323.19,312.11
ES,2005,1755.96,1465.37,328.9
ES,2006,1510.94,1425.8,320.42
ES,2007,1616.51,1187.18,251.58
ES,2008,1658.47,1291.42,275.82
ES,2009,1576.71,1449.41,347.72
ES,2010,1759.43,1319.5,317.67
ES,2011,1459.2,1381.2,286.5
ES,2012,1681.47,1320.57,349.16
ES,2013,1700.32,1323.19,298.34
ES,2014,1426.13,1269.57,264.32
ES,2015,1470.25,1280.79,374.14
ES,2016,1520.04,1144.11,344.68
ES,2017,1505.61,1224.29,371.29
ES,2018,1597.44,1354.78,316.68
ES,2019,1497.19,1220.46,334.28
ES,2020,1413.43,1146.33,343.96
ES,2021,1510.01,1239.73,319.95
ES,2022,1335.65,1229.41,437.6
ES,2023,1360.06,1090.28,399.82
ES,2024,1291.97,1041.21,374.19
FI,1950,4877.43,,3.16
FI,1951,5108.47,3761.27,3.84
FI,1952,5361.1,3564.52,3.56
FI,1953,4743.98,3855.96,7.13
FI,1954,4956.04,3564.26,3.94
FI,1955,5580.81,3719.86,10.39
FI,1956,5777.52,4334.73,4.13
FI,1957,5037.15,3802.37,10.78
FI,1958,5579.62,3949.87,5.54
FI,1959,4988.57,3513.68,41.45
FI,1960,5324.16,4134.96,20
FI,1961,4730.41,3544.95,17.03
FI,1962,5443.29,3793.07,0.39
FI,1963,5428.19,4275.74,14.78
FI,1964,5220.31,3891.98,13.66
FI,1965,5416.9,3759.75,9.48
FI,1966,5793.71,4531.4,29.47
FI,1967,5183.81,3852.1,14.95
FI,1968,5588.49,4133.9,17.24
FI,1969,5661.97,4289.5,33.1
FI,1970,5507.01,4216.71,24.94
FI,1971,5324.02,3864.51,13.43
FI,1972,5005.66,3971.04,57.08
FI,1973,5278.86,3441.13,52.81
FI,1974,4682.79,3835.87,10.21
FI,1975,4688.03,3323.28,26.34
FI,1976,5755.74,4042.53,4.66
FI,1977,5418.24,4036.88,18.2
FI,1978,5771.28,4007.39,13.86
FI,1979,5326.1,4267.34,11.24
FI,1980,5516.06,4138.85,34.66
FI,1981,5383,4044.69,8.47
FI,1982,5165.52,3992.18,23.46
FI,1983,5007.12,3593.19,28.36
FI,1984,4984.96,3922.92,10.65
FI,1985,5967.76,4286.06,10.35
FI,1986,5423.78,4122.73,21.61
FI,1987,5938.9,4377.89,5.87
FI,1988,5144.96,3753.75,48.08
FI,1989,4526.55,3551.7,23.63
FI,1990,4716.78,3518.29,6.63
FI,1991,4901.65,3704.14,15.7
FI,1992,4873.57,3292.47,17.59
FI,1993,5151.51,3640.39,1.88
FI,1994,5252.56,4140.33,39.72
FI,1995,4952.55,3430.89,21.82
FI,1996,5354.78,4129.8,9.93
FI,1997,5041.29,3608.07,45.13
FI,1998,5196.8,3826.06,3.14
FI,1999,4936.96,3913.74,38.19
FI,2000,4520.47,3503.24,7.43
FI,2001,5039.09,3450.96,22.1
FI,2002,5035.38,3637.43,33.76
FI,2003,5069,4297.03,43.45
FI,2004,4916.87,3702.84,8.77
FI,2005,4749.92,3662.29,22.3
FI,2006,4780.6,3823.81,41.41
FI,2007,4667.45,3412.94,21.99
FI,2008,4496.5,3252.65,7.55
FI,2009,4947.54,3462,13.54
FI,2010,5510.58,4161.48,64.89
FI,2011,4593.54,4217.21,47.94
FI,2012,5090.12,3445.68,6.44
FI,2013,4630.18,3863.21,24.1
FI,2014,4561.74,3274.13,57.98
FI,2015,4308.86,3273.87,7.08
FI,2016,4747,3428.39,8.75
FI,2017,4742.41,3505.96,2.16
FI,2018,4680.85,3669.91,68.73
FI,2019,4630.31,3468.64,30.13
FI,2020,4098.32,3139.31,29.5
FI,2021,4922.44,3420.05,69.64
FI,2022,4648.58,3536.82,47.29
FI,2023,4736.23,3427.94,27.83
FI,2024,4516.58,3918.37,27.15
FR,1950,2748.18,,116.49
FR,1951,2746.78,2187.74,49.76
FR,1952,2844.15,2126.94,120.22
FR,1953,2756.14,2328.77,58.86
FR,1954,2864.39,2127.88,39.82
FR,1955,2816.34,2063.11,77.32
FR,1956,3155.92,2354.28,34.37
FR,1957,2722.12,2031.48,74.7
FR,1958,2772.71,2165.42,44.91
FR,1959,2560.8,2068.02,105.23
FR,1960,2710.91,2014.29,41.02
FR,1961,2519.89,1975.44,72.33
FR,1962,3084.7,2171.1,68.87
FR,1963,3147.61,2574.53,43.59
FR,1964,2892.57,2240.82,95.75
FR,1965,2919.83,2304.9,44.86
FR,1966,2670.85,2018.24,45.29
FR,1967,2752.55,2043.82,81.49
FR,1968,2838.84,2138.7,45.8
FR,1969,2878.97,2145.89,75.06
FR,1970,2868.79,2234.73,68.74
FR,1971,2888.46,2263.81,74.15
FR,1972,2913.77,2102.05,39.65
FR,1973,2937.84,2223.2,88.83
FR,1974,2729.99,2050,65.33
FR,1975,2835.82,2066.43,94.09
FR,1976,2797.6,2246.84,157.79
FR,1977,2694.97,2035.01,30.5
FR,1978,2918.94,2037.36,42.43
FR,1979,2908.88,2231.49,56.32
FR,1980,2995.86,2076.18,44.37
FR,1981,2756.75,2212.45,61.55
FR,1982,2596.32,2077.78,83.22
FR,1983,2724.79,2054.59,130.37
FR,1984,2864.27,2177.27,72.71
FR,1985,3038.33,2242.45,67.42
FR,1986,2917.93,2318.89,91.95
FR,1987,2918.39,2233.71,72.46
FR,1988,2550.98,1958.87,64.63
FR,1989,2500.64,1913.59,119.35
FR,1990,2472.84,1797.66,131.55
FR,1991,2847.36,2083.62,110.62
FR,1992,2682.75,2183.5,96.6
FR,1993,2748.19,2052.71,75.15
FR,1994,2400.2,2016.59,139.65
FR,1995,2555.23,1823.03,137.39
FR,1996,2889.42,2077.49,89.97
FR,1997,2497.27,2047.55,104.35
FR,1998,2647.82,1907.7,99.93
FR,1999,2486.82,2063.67,96.69
FR,2000,2439.27,2027.03,88.15
FR,2001,2581.93,1819.45,113.76
FR,2002,2368.71,1911.17,83.83
FR,2003,2536.96,1927.42,234.42
FR,2004,2642.03,2069.37,102.81
FR,2005,2649.99,2098.19,124.2
FR,2006,2481.19,2160.07,152.64
FR,2007,2439.78,1697.35,63.23
FR,2008,2602.1,2018.45,82.2
FR,2009,2549.88,2190.63,125.91
FR,2010,2915.47,2105.72,113.96
FR,2011,2270.96,2099.16,79.62
FR,2012,2592.62,1896.69,107.83
FR,2013,2746.46,2102.65,121.89
FR,2014,2209.5,1788.85,78.39
FR,2015,2367.38,1876.28,166.03
FR,2016,2535.2,1779.81,121.73
FR,2017,2459.07,1985.29,150.63
FR,2018,2337.07,1986.41,171.73
FR,2019,2375.81,1834.18,184.54
FR,2020,2199.6,1733.65,151.82
FR,2021,2542.65,1868.19,94.39
FR,2022,2181.98,1904.11,226.28
FR,2023,2178.78,1720.49,157.65
FR,2024,2227.69,1660.46,136.82
HR,1950,2581.61,,283.84
HR,1951,2390.24,2077.61,154.32
HR,1952,2778.58,2279.5,267.23
HR,1953,2750.9,2374.87,140.42
HR,1954,3016.09,2557.77,121.8
HR,1955,2800.03,2244.54,93.67
HR,1956,3197.67,2562.98,130.59
HR,1957,2679.13,2332.11,177.57
HR,1958,2665.43,2315.57,167.62
HR,1959,2615.38,2102.64,109.71
HR,1960,2614.61,2244.88,113.52
HR,1961,2531.1,1978.44,128.96
HR,1962,3087.27,2362.4,155.19
HR,1963,3029.86,2768.65,179.51
HR,1964,2947.09,2531.14,128.96
HR,1965,2918.35,2330.9,124.96
HR,1966,2600.8,2261.87,102.05
HR,1967,2730.96,2231.12,156.22
HR,1968,2756.17,2271.42,109.33
HR,1969,2934.13,2483.45,100.3
HR,1970,2876.84,2389.46,142
HR,1971,2875.53,2347.74,156.26
HR,1972,2817.1,2273.72,123.86
HR,1973,2920.55,2391.12,121.04
HR,1974,2700.76,2197.95,131.22
HR,1975,2625.17,2229.88,95.81
HR,1976,2931.7,2481.13,96.22
HR,1977,2633.43,2018.3,109.34
HR,1978,3014.65,2288.09,87.26
HR,1979,2735.54,2387.91,120.4
HR,1980,3094.86,2308.23,101.54
HR,1981,2786.86,2426.85,129.08
HR,1982,2750.66,2424.15,140.71
HR,1983,2737.63,2131.35,166.06
HR,1984,2912.34,2486.51,86.67
HR,1985,3051.62,2546.88,144.11
HR,1986,2949.81,2454.85,129.8
HR,1987,2963.31,2598.2,147.79
HR,1988,2755.89,2134.61,188.21
HR,1989,2601.67,2261.15,111.85
HR,1990,2532.6,2065.71,150.83
HR,1991,2932.57,2251.51,159.01
HR,1992,2541.6,2333.7,212.3
HR,1993,2752.49,2283.68,191.99
HR,1994,2381.1,2076.49,237.62
HR,1995,2691.45,2146.77,144.02
HR,1996,2947.27,2488.76,130.27
HR,1997,2728.85,2193.41,130.26
HR,1998,2677.64,2137.27,220.37
HR,1999,2593.77,2375.5,153.25
HR,2000,2332.81,2293,245.68
HR,2001,2568.36,1766.24,195.62
HR,2002,2372.29,2187.33,174.36
HR,2003,2754.23,2279.01,331.6
HR,2004,2723.21,2319.16,160.51
HR,2005,2895.4,2335.7,138.84
HR,2006,2637.21,2410.5,200.35
HR,2007,2423.67,1760.8,241.43
HR,2008,2441.93,2250.12,208.48
HR,2009,2499.83,2168.06,204.15
HR,2010,2750.05,2231.01,201.76
HR,2011,2600.22,2256.37,220.63
HR,2012,2568.62,2326.12,317.64
HR,2013,2560.8,2187.09,240.16
HR,2014,2131.95,1811.85,141.32
HR,2015,2429.2,1958.73,274.99
HR,2016,2489.85,1993.41,189
HR,2017,2541.58,2260.54,304.83
HR,2018,2338.57,2170.77,224.56
HR,2019,2280.68,1974.17,270.27
HR,2020,2386.64,1847.64,197.46
HR,2021,2598.18,2042.44,281.93
HR,2022,2247.23,2116.69,303.01
HR,2023,2099.4,1788.14,238.29
HR,2024,2021.31,1596.34,359.24
HU,1950,2947.51,,243.76
HU,1951,2757.13,2354.13,163.56
HU,1952,3197.74,2634.24,253.28
HU,1953,3073.22,2610.39,147.43
HU,1954,3424.49,2958.34,127.96
HU,1955,3237.03,2634.22,93.29
HU,1956,3597.42,2876.85,125.63
HU,1957,3080.66,2678.73,167.98
HU,1958,3101.08,2684.78,139.69
HU,1959,3011.2,2461.6,126.4
HU,1960,3005.94,2606.03,116.24
HU,1961,2902.2,2293.7,142.64
HU,1962,3380.33,2662.82,148.85
HU,1963,3470.92,3099.58,192.48
HU,1964,3402.8,3018.22,168.43
HU,1965,3400.59,2662.53,94.58
HU,1966,2915.78,2666,99.85
HU,1967,3070.54,2504.08,175.08
HU,1968,3094.38,2598.88,146.6
HU,1969,3270.5,2806.47,108.31
HU,1970,3233,2703.64,126.55
HU,1971,3142.29,2630.75,153.59
HU,1972,3057.89,2485.18,142.95
HU,1973,3181.34,2608.36,122.52
HU,1974,2903.89,2478.64,125
HU,1975,2906.93,2453.54,112.02
HU,1976,3180.33,2779.03,125.03
HU,1977,3016.08,2319.17,109.68
HU,1978,3270.87,2593.79,75.09
HU,1979,3033.06,2646.19,119.04
HU,1980,3441.93,2660.92,78.99
HU,1981,3067.81,2641.61,134.93
HU,1982,3090.89,2765.46,137.32
HU,1983,2966.87,2328.18,185.02
HU,1984,3148.34,2724.21,89.74
HU,1985,3425.16,2928.35,123.26
HU,1986,3242.41,2712.74,154.78
HU,1987,3319.89,2959.72,140.01
HU,1988,3102.45,2418.54,164.08
HU,1989,2846.26,2571.1,119.59
HU,1990,2838.79,2321.74,147.78
HU,1991,3254.82,2590.24,143.06
HU,1992,2948.68,2619.76,248.16
HU,1993,3156.47,2720.21,164.68
HU,1994,2772.93,2387.49,233.33
HU,1995,3055.24,2477.83,175.5
HU,1996,3289.49,2910.99,126.23
HU,1997,3113.29,2542.4,129.9
HU,1998,2984.88,2387.31,191.98
HU,1999,2943.44,2697.88,126.09
HU,2000,2697.57,2615.5,218.15
HU,2001,2988.78,2166.81,166.38
HU,2002,2863.7,2543.49,196.41
HU,2003,3305.38,2847.59,266.97
HU,2004,3149.96,2717.34,133.85
HU,2005,3276.11,2698.67,117.21
HU,2006,3081.54,2821.85,176.74
HU,2007,2776.12,2099.7,255.75
HU,2008,2790.99,2556.5,175.3
HU,2009,2911.31,2490.32,187.45
HU,2010,3182.23,2568.12,176.1
HU,2011,3064.73,2679.91,182.59
HU,2012,2997.13,2687.87,277.43
HU,2013,2947.62,2573.72,235.18
HU,2014,2534.78,2151.36,150.83
HU,2015,2797.44,2279.69,273.46
HU,2016,2932.71,2354.64,173.59
HU,2017,2974.98,2688.8,258.67
HU,2018,2707.26,2495.84,230.14
HU,2019,2602.07,2291.16,255.36
HU,2020,2748.26,2198.11,182.77
HU,2021,3032.13,2363.53,262.03
HU,2022,2728.96,2444.82,302.53
HU,2023,2543.63,2156.55,221.72
HU,2024,2443.59,2004.19,338.34
IE,1950,3176.53,,1.56
IE,1951,3269.93,2386.96,0.01
IE,1952,3269.25,2114.39,0.15
IE,1953,2986.64,2207.72,0.29
IE,1954,3177.2,2048.55,0
IE,1955,3182.9,2209.39,6.78
IE,1956,3190.81,2164.12,0.01
IE,1957,2968.33,1928.84,1.6
IE,1958,3077.6,2136.96,0.32
IE,1959,2874.17,2043.11,1.08
IE,1960,3117.13,2056.63,0.15
IE,1961,3045.07,2034.75,0
IE,1962,3353.74,2263.04,0
IE,1963,3412.24,2360.64,0.21
IE,1964,3069.85,2095.89,0
IE,1965,3299.43,2219.85,0
IE,1966,3083.15,2070.64,0.17
IE,1967,3147.07,2141.67,0.04
IE,1968,3140.59,2205.15,0.2
IE,1969,3209.03,2151.6,1.52
IE,1970,3097.4,2174.57,1.16
IE,1971,2936.31,2060.66,0.37
IE,1972,3259.97,2013.75,1.55
IE,1973,3020.65,2009.87,1.9
IE,1974,3154.4,2034.12,0.1
IE,1975,2974.24,2065.49,4.99
IE,1976,3083.37,2008.24,13.64
IE,1977,3133.46,2248.79,1.37
IE,1978,3076.84,2104.68,0.01
IE,1979,3375.62,2197.69,0.16
IE,1980,3160.05,2116.42,0
IE,1981,3116.76,2030.67,0.14
IE,1982,3042.89,2215.84,0.69
IE,1983,2981.63,2103.52,11.98
IE,1984,3092.67,2082.32,3.82
IE,1985,3265.24,2213.08,0.05
IE,1986,3407.37,2266.69,0.48
IE,1987,3156.67,2141.28,1.32
IE,1988,3003.75,2092.81,0.1
IE,1989,2856.61,1905.82,12.43
IE,1990,2844.01,1897.99,5.21
IE,1991,3025.81,2119.88,1.99
IE,1992,3038.73,2004.45,0.16
IE,1993,3085.22,2072.57,0.04
IE,1994,2978.89,2152.72,0
IE,1995,2839.1,1936.77,21.86
IE,1996,3133.91,2052.15,1.36
IE,1997,2711.92,2021.31,1
IE,1998,2768.67,1794.52,0.37
IE,1999,2789.53,1935.99,2.45
IE,2000,2965.45,1978.25,0.94
IE,2001,2959.31,2179.22,1.56
IE,2002,2781.96,1830.19,0.05
IE,2003,2795.41,1956.79,5.7
IE,2004,2830.92,2017.26,0.76
IE,2005,2761.36,1926.12,3.43
IE,2006,2757.62,2006.92,8.45
IE,2007,2682.8,1874.37,0.35
IE,2008,2969.16,1881.24,0.04
IE,2009,2959.45,2127.07,0.96
IE,2010,3328.61,2263.89,0.03
IE,2011,2789.59,2234.13,0.01
IE,2012,2950.23,1720.13,0.11
IE,2013,2997.6,2206.18,10.11
IE,2014,2781.25,1950.02,2.61
IE,2015,2975.12,2061.2,0.3
IE,2016,2894.05,1903.77,1.96
IE,2017,2776.68,1934.56,2.15
IE,2018,2895.34,2117.41,13.35
IE,2019,2839.62,1850.94,0.66
IE,2020,2872.74,2054.24,0.81
IE,2021,2807.94,2045.78,11.74
IE,2022,2684.61,1829.32,13.14
IE,2023,2567.71,1876.47,1.53
IE,2024,2719.24,1875.43,0.26
IT,1950,1988.07,,336.6
IT,1951,1994.83,1703.91,206.28
IT,1952,2165.58,1839,303.97
IT,1953,2038.15,1909.66,190.9
IT,1954,2203.38,1761.77,164.02
IT,1955,1981.92,1670.38,179.26
IT,1956,2416.86,1934.98,190.87
IT,1957,2023.74,1783.08,212.2
IT,1958,2147.44,1787.46,197.54
IT,1959,2069.69,1665.74,189.67
IT,1960,2121.12,1820.77,170.23
IT,1961,1969.95,1692.83,197.57
IT,1962,2328.6,1823.74,227.43
IT,1963,2274.75,2071.76,195.74
IT,1964,2148.82,1800.29,198.71
IT,1965,2274.01,1867.57,192.9
IT,1966,2105.45,1749.87,181.81
IT,1967,2114.83,1828.38,207.61
IT,1968,2153.33,1763.2,140.46
IT,1969,2247.94,1880.48,155.58
IT,1970,2234.64,1826.74,198.23
IT,1971,2259.27,1918.05,230.12
IT,1972,2123.96,1724.54,157.69
IT,1973,2248.73,1863.02,211.34
IT,1974,2170.99,1716.37,207.27
IT,1975,2140.27,1872.54,178.95
IT,1976,2236.57,1874.45,148.04
IT,1977,2028.18,1657.54,159.58
IT,1978,2269.08,1762.05,150.72
IT,1979,2184.73,1838.64,186.05
IT,1980,2366.67,1816.05,163.11
IT,1981,2228.04,1929.43,179.25
IT,1982,2098.2,1869.92,249.66
IT,1983,2188.52,1770.75,232.61
IT,1984,2279.04,1908.49,164.23
IT,1985,2269.61,1887.7,230.76
IT,1986,2176.9,1847.6,206.75
IT,1987,2195.13,1918.34,235.13
IT,1988,2054.12,1645.83,256.54
IT,1989,2057,1702.53,194.62
IT,1990,1992.42,1670.1,222.77
IT,1991,2312.37,1778.31,248.04
IT,1992,2089.43,1915.3,222.15
IT,1993,2177.68,1811.73,243.08
IT,1994,1915.16,1659.75,302.81
IT,1995,2161.44,1712.33,210.07
IT,1996,2157.87,1812.44,203.54
IT,1997,1989.16,1627.99,219.83
IT,1998,2088.96,1670.47,311.64
IT,1999,2031.73,1863.51,251.38
IT,2000,1889.34,1770.98,272.82
IT,2001,1948.78,1474.66,269.15
IT,2002,1824.9,1678.86,241.47
IT,2003,1975.82,1637.34,435.11
IT,2004,1994.25,1727.01,247.36
IT,2005,2148.94,1711.22,242.33
IT,2006,1956.76,1834.99,278.33
IT,2007,1826.23,1402.59,277.14
IT,2008,1924.04,1694.2,265.37
IT,2009,1978.72,1704.54,284.47
IT,2010,2127.5,1761.58,251.87
IT,2011,1926.18,1758.06,246.59
IT,2012,2030.04,1747.87,347.15
IT,2013,2006.43,1740.54,269.16
IT,2014,1683.12,1471.99,193.49
IT,2015,1895.41,1519.9,339.19
IT,2016,1916.49,1581.08,245.36
IT,2017,2024.73,1682.11,357.31
IT,2018,1864.76,1772.48,273.9
IT,2019,1889.64,1614.5,342.19
IT,2020,1875.44,1489.81,261.42
IT,2021,2029.02,1658.43,313.08
IT,2022,1866.7,1717.43,372.87
IT,2023,1783.02,1481.34,302.26
IT,2024,1738.35,1389.8,349.87
LI,1950,4345.37,,23.72
LI,1951,4334.45,3241.4,11.23
LI,1952,4632.07,3194.22,37.59
LI,1953,4365.92,3459.91,6.08
LI,1954,4773.22,3156.33,2.64
LI,1955,4688.45,3177.1,1.65
LI,1956,5082.5,3488.75,2.14
LI,1957,4410.38,3134.84,19.98
LI,1958,4405.24,3172.82,13.93
LI,1959,4079.7,2963.92,6.21
LI,1960,4287.86,2942.47,5.61
LI,1961,3943.85,2849.87,8.19
LI,1962,4720.91,3102.36,12.65
LI,1963,4713.08,3529.74,11.29
LI,1964,4437.22,3134.8,14.83
LI,1965,4745.67,3363.64,12.08
LI,1966,4419.77,3082.67,6.61
LI,1967,4370.87,3070.53,14.18
LI,1968,4582.85,3139.4,10.9
LI,1969,4633.94,3195.73,4.3
LI,1970,4621.19,3334.55,6.13
LI,1971,4442.93,3296.41,17.94
LI,1972,4512.63,2889.82,6.84
LI,1973,4649.6,3294.15,6.29
LI,1974,4511.93,3004.91,6.67
LI,1975,4466.76,3194.08,3.84
LI,1976,4538.62,3266.52,6.35
LI,1977,4348.67,2988.45,3.4
LI,1978,4645.04,3039.85,0
LI,1979,4461.31,3114,1.11
LI,1980,4715.31,3003.78,8.08
LI,1981,4489.59,3275.91,4.62
LI,1982,4224.49,3158.11,6.58
LI,1983,4234.82,2988.61,28.37
LI,1984,4616.34,3251.07,12.55
LI,1985,4542.78,3131.61,10.03
LI,1986,4391.98,3219.73,6.54
LI,1987,4491.13,3221.1,5.91
LI,1988,4167.53,2871.09,6.64
LI,1989,3925.92,2759.89,3.25
LI,1990,4099.62,2645.87,10.03
LI,1991,4436.72,3032.6,10.15
LI,1992,4151.85,3149.9,26.81
LI,1993,4306.51,3036.8,8.97
LI,1994,3861.61,2957.4,20.75
LI,1995,4290.58,2894.29,12.95
LI,1996,4510.59,3047.77,3.45
LI,1997,4022.75,2893.45,3.67
LI,1998,4203.21,2846.79,21.42
LI,1999,4197.92,3161.75,7.8
LI,2000,3948.47,3105.23,13.21
LI,2001,4255.47,2736.09,13.92
LI,2002,3946.42,2914.06,13.99
LI,2003,4031.93,3007.35,66.88
LI,2004,4285.74,3075.44,8.2
LI,2005,4431.77,3162.56,19.33
LI,2006,4069.77,3307.28,32.3
LI,2007,4003.25,2573.44,15.7
LI,2008,4086.15,3029.63,13.16
LI,2009,4103.19,3172.03,15.23
LI,2010,4533.74,3158.9,23.45
LI,2011,3791.98,3003.21,21.52
LI,2012,4159.77,3011.66,24.44
LI,2013,4321.23,3120.51,30.65
LI,2014,3700.02,2721.53,14.95
LI,2015,3866.15,2766.55,60.42
LI,2016,3979.54,2749.16,17.72
LI,2017,4054.36,2870.55,37.18
LI,2018,3690.04,3059.94,30.21
LI,2019,3907.42,2822.96,43.16
LI,2020,3806.92,2674.88,17.94
LI,2021,4213.14,2924.8,18.07
LI,2022,3688.36,2930.1,33.96
LI,2023,3709.01,2660.75,47.68
LI,2024,3648.29,2567.2,29.83
LT,1950,4237.16,,16.42
LT,1951,4325.16,3409.08,57.61
LT,1952,4621.69,3425.72,30.76
LT,1953,4287.28,3476.91,44.42
LT,1954,4520.48,3706.33,37.42
LT,1955,4540.89,3373.53,57.26
LT,1956,4942.11,3725.99,27.64
LT,1957,4072.17,3234.55,29.65
LT,1958,4435.65,3375.53,13.88
LT,1959,4174.82,2985.35,90.38
LT,1960,4351.79,3674.46,27.77
LT,1961,3946.67,2942.02,20.68
LT,1962,4501.62,3339.49,7.61
LT,1963,4709.35,3882.67,68.71
LT,1964,4558.74,3620.48,50.69
LT,1965,4707.59,3449.45,13.92
LT,1966,4444.7,3586.14,35.26
LT,1967,4145,3400.88,28.7
LT,1968,4580.57,3430.26,46.63
LT,1969,4954.51,3860.8,28.81
LT,1970,4661.51,3807.46,20.67
LT,1971,4240.02,3331.45,64.94
LT,1972,4305.9,3391.26,68.25
LT,1973,4310.09,3092.18,44.78
LT,1974,4087.37,3258.94,6.31
LT,1975,3812.4,2893.49,37.92
LT,1976,4846.72,3558.53,25.99
LT,1977,4440.67,3409.52,17.42
LT,1978,4663.26,3331.37,19.51
LT,1979,4628.97,3696.63,28.08
LT,1980,4804.69,3699.97,9.55
LT,1981,4329.8,3343.07,26.55
LT,1982,4237.23,3380.77,41.73
LT,1983,3984.11,3030.29,34.06
LT,1984,4253.54,3324.09,21.64
LT,1985,4895.32,3796.72,21.96
LT,1986,4510.68,3529.99,36.02
LT,1987,4979.8,3789.16,9.62
LT,1988,4301.03,3265.94,29.4
LT,1989,3731.17,2998.61,34.02
LT,1990,3710.98,2819.52,11.25
LT,1991,4070.58,3103.53,39.51
LT,1992,4037.83,2980.66,74.7
LT,1993,4351.5,3243.38,6.42
LT,1994,4232.29,3451.1,90.29
LT,1995,4185.98,3130.85,48.4
LT,1996,4728.49,3852.78,34.42
LT,1997,4295.49,3226.53,56.77
LT,1998,4226.27,3165.85,23.09
LT,1999,3967.12,3448.16,82.74
LT,2000,3703.36,3066.51,12.63
LT,2001,4110.14,2916,57.23
LT,2002,3986.56,3047.16,103.25
LT,2003,4207.06,3642.62,51.48
LT,2004,4179.24,3285.13,22.72
LT,2005,4163.65,3240.07,39.19
LT,2006,4022.66,3510.44,82.05
LT,2007,3839.34,2731.06,50.57
LT,2008,3700.57,2929.33,29.45
LT,2009,4081.94,3091.44,24.7
LT,2010,4505.46,3563.68,110.61
LT,2011,3945.56,3579.64,56.25
LT,2012,4255.83,3233,47.02
LT,2013,4080.43,3484.37,61.45
LT,2014,3894.55,2865.09,81.73
LT,2015,3707.86,2935.42,71.24
LT,2016,4004.9,3040.58,53.57
LT,2017,3951.69,3159.05,25.95
LT,2018,3888.07,3220.7,108.37
LT,2019,3611.9,3003.08,89.08
LT,2020,3456.73,2555.06,71.53
LT,2021,4172.16,3046.34,113.98
LT,2022,3915.59,2982.9,98.02
LT,2023,3652.13,2919.52,68.71
LT,2024,3437.11,2936.19,91.58
LU,1950,3439.67,,53.64
LU,1951,3374.34,2675.27,22.38
LU,1952,3637.45,2576.15,68.4
LU,1953,3347.77,2779.12,25.69
LU,1954,3624.44,2610.1,14.95
LU,1955,3691.32,2656.24,23.34
LU,1956,3889.49,2883.27,9.93
LU,1957,3381.41,2436.26,56.59
LU,1958,3468.16,2658.63,22.59
LU,1959,3173.32,2456.58,81.97
LU,1960,3367.4,2487.96,16
LU,1961,3208.57,2363.32,30.71
LU,1962,3864.14,2638.91,26.23
LU,1963,3917.51,3125.39,22.14
LU,1964,3557.59,2759.44,80.64
LU,1965,3661.75,2708.51,10.42
LU,1966,3332.91,2547.86,29
LU,1967,3394.72,2461.71,47.53
LU,1968,3591.23,2607.9,21.09
LU,1969,3601.92,2694.69,57.91
LU,1970,3590.51,2791.08,37.03
LU,1971,3508.57,2673.49,46.61
LU,1972,3649.02,2539.68,29
LU,1973,3582.44,2681.84,67.69
LU,1974,3346.74,2471.57,24.99
LU,1975,3402.46,2493.82,73.41
LU,1976,3430.41,2721.69,138.01
LU,1977,3379.93,2473.65,26.73
LU,1978,3715.23,2515.18,19.05
LU,1979,3716.25,2858.05,23.01
LU,1980,3719.62,2519.34,22.23
LU,1981,3501.17,2700.56,30.14
LU,1982,3361.69,2735.68,51.57
LU,1983,3411.93,2484.96,116.56
LU,1984,3566.21,2671.41,41.65
LU,1985,3829.14,2783.39,26.57
LU,1986,3668.22,2871.95,55.94
LU,1987,3720.48,2757.21,28.55
LU,1988,3210.14,2447.87,25.92
LU,1989,3146.45,2321.36,53.89
LU,1990,3133.56,2247.05,77.4
LU,1991,3468.28,2499.65,70.83
LU,1992,3221.97,2542.38,67.4
LU,1993,3348.46,2531.95,41.85
LU,1994,3011.74,2483.05,118.02
LU,1995,3189.12,2265.24,112.33
LU,1996,3739.53,2673.89,46.59
LU,1997,3211.41,2570.83,71.57
LU,1998,3283.6,2361.15,56.66
LU,1999,3102.5,2542.17,57.98
LU,2000,2939.48,2454.64,48.33
LU,2001,3092.61,2196.52,88.84
LU,2002,2857.09,2250.33,67.81
LU,2003,3090.1,2334.44,256.85
LU,2004,3182.15,2484.78,98.15
LU,2005,3104.7,2483.37,95
LU,2006,3002.1,2511.49,132.12
LU,2007,2850.67,1983.33,53.11
LU,2008,3073.35,2352.48,63.98
LU,2009,3065.44,2573.78,85.42
LU,2010,3511.6,2503.53,101.23
LU,2011,2831.07,2489.35,51.34
LU,2012,3264.72,2324.55,51.41
LU,2013,3464.56,2639.03,88.14
LU,2014,2842.73,2203.62,58.95
LU,2015,3076.31,2341.62,139.42
LU,2016,3276.39,2254.85,68.03
LU,2017,3196.95,2513.79,85
LU,2018,3064.14,2481.42,138.72
LU,2019,3136.85,2331.75,130.14
LU,2020,2935.68,2244.38,107.87
LU,2021,3314.05,2343.99,49.1
LU,2022,2983.66,2361.6,135.7
LU,2023,2954.42,2214.29,77.61
LU,2024,2861.52,2146.21,78.71
LV,1950,4455.22,,10.04
LV,1951,4561.08,3526.96,41.1
LV,1952,4786.36,3463.9,18.08
LV,1953,4421.97,3566.19,30.14
LV,1954,4658.46,3685.08,26.19
LV,1955,4755.65,3441.63,38.12
LV,1956,5093.96,3799.62,21.76
LV,1957,4240.22,3296.6,22.55
LV,1958,4626.51,3448.18,11.66
LV,1959,4296.33,3035.53,73.4
LV,1960,4568.2,3762.93,21.95
LV,1961,4054.74,2996.69,18.45
LV,1962,4637.32,3360.76,3.3
LV,1963,4912,3921.97,45.94
LV,1964,4606.01,3674.32,34.21
LV,1965,4747.09,3438.84,13.21
LV,1966,4722.42,3724.3,31.79
LV,1967,4352.65,3478.89,22.41
LV,1968,4698.12,3528.09,42.98
LV,1969,5074.16,3879.63,34.36
LV,1970,4778.97,3846.3,21.3
LV,1971,4341.2,3363.9,45.05
LV,1972,4366.97,3448.82,63.07
LV,1973,4395.35,3072.14,45.01
LV,1974,4135.08,3289.96,6.21
LV,1975,3893.19,2913.24,38.69
LV,1976,4974.17,3544.22,20.76
LV,1977,4564.48,3534.25,19.61
LV,1978,4810.17,3354.01,16.19
LV,1979,4659.79,3767.16,20.26
LV,1980,4816.83,3707.91,17.5
LV,1981,4433.38,3368,24.39
LV,1982,4342.49,3424.76,32.97
LV,1983,4042.78,3054.71,29.5
LV,1984,4261.98,3300.83,21.64
LV,1985,4952.41,3796.24,15.56
LV,1986,4498.74,3484.86,30.73
LV,1987,5013.64,3777.65,7.55
LV,1988,4303.06,3247.86,30.63
LV,1989,3746.11,2991.42,31.77
LV,1990,3757.76,2843.67,9.54
LV,1991,4062.55,3076.3,27.36
LV,1992,4057.11,2886.76,52.43
LV,1993,4421.03,3218.58,5.49
LV,1994,4377.86,3581.97,64.72
LV,1995,4195.44,3113.26,31.79
LV,1996,4761.18,3815.36,25.27
LV,1997,4320.15,3168.95,66.71
LV,1998,4301.33,3215.08,16.7
LV,1999,4010.82,3481.93,65.42
LV,2000,3758.64,3047.21,10.22
LV,2001,4186.47,2939.4,51.67
LV,2002,4154.53,3097.83,82.2
LV,2003,4284.41,3704.71,55.57
LV,2004,4257.73,3277.39,20.92
LV,2005,4284.44,3321.96,33.11
LV,2006,4064.87,3518.05,71.41
LV,2007,4003.56,2801.27,39.27
LV,2008,3750.99,2923.11,19.78
LV,2009,4137.61,3073.26,22.25
LV,2010,4554.32,3607.61,109.37
LV,2011,3886.28,3561.18,65.32
LV,2012,4245.26,3149.19,32.38
LV,2013,4062.49,3473.82,51.12
LV,2014,3928.97,2863.43,74.58
LV,2015,3692.73,2921,38.56
LV,2016,3996.96,3020.43,39.19
LV,2017,3992.52,3134.29,15.23
LV,2018,3887.14,3213.96,93.59
LV,2019,3623.81,2969.76,57.07
LV,2020,3398.41,2540.95,49.81
LV,2021,4119.84,2979.29,103.42
LV,2022,3927.51,2989.4,85.94
LV,2023,3713.88,2968.19,46.28
LV,2024,3483.11,3052.14,55.24
MT,1950,,,
MT,1951,,,
MT,1952,,,
MT,1953,,,
MT,1954,,,
MT,1955,,,
MT,1956,,,
MT,1957,,,
MT,1958,,,
MT,1959,,,
MT,1960,,,
MT,1961,1029.73,,354.42
MT,1962,1152.13,910.19,399.46
MT,1963,1152.98,1128.39,403.97
MT,1964,1139.82,890.44,334.06
MT,1965,1162.98,1080.88,404.52
MT,1966,1122.18,881.55,379.51
MT,1967,1102.85,1043.51,328.44
MT,1968,1116.38,1017.85,292.71
MT,1969,1124.35,975.6,257.9
MT,1970,1119.51,963.47,334.24
MT,1971,1280.66,1146.65,328.54
MT,1972,1142.5,998.12,269.42
MT,1973,1240.81,1102.67,387.27
MT,1974,1013.15,931.33,356.59
MT,1975,,,
MT,1976,1206.73,,251.78
MT,1977,,,330.52
MT,1978,,1060.82,
MT,1979,1277.92,,293.19
MT,1980,1443.56,1200.47,295.93
MT,1981,1250.97,1246.42,357.57
MT,1982,,1075.76,478.74
MT,1983,1071.02,983.91,383.67
MT,1984,1065.38,1024.26,342.36
MT,1985,1033.78,924.86,382.42
MT,1986,1092.11,933.23,415.14
MT,1987,1110.46,1079.56,489.28
MT,1988,1040.56,848.45,512.65
MT,1989,945.41,972.96,392.03
MT,1990,946.93,762.67,400.48
MT,1991,1167.35,912.85,391.71
MT,1992,1099.24,1139.4,320.77
MT,1993,1140.82,997.76,412.12
MT,1994,918.57,835.33,465.92
MT,1995,1067.05,882.18,411.23
MT,1996,1067.85,931.44,411.08
MT,1997,1015.7,889,460.07
MT,1998,1098.54,912.63,549.88
MT,1999,928.84,1026.62,454.96
MT,2000,886,833.35,438.76
MT,2001,886.05,629.86,347.94
MT,2002,833.49,821.21,389.66
MT,2003,973.27,883.33,529.94
MT,2004,994.96,829.27,321.57
MT,2005,1172.37,935.7,287.68
MT,2006,930.58,947.59,343.47
MT,2007,902.82,632.34,341.91
MT,2008,908.6,883.32,275.62
MT,2009,987.2,841.79,363.44
MT,2010,863.81,772.26,306.07
MT,2011,1010.47,870.03,286.22
MT,2012,1029.98,940.66,423.07
MT,2013,900.04,815.53,331.53
MT,2014,,716.07,308.88
MT,2015,887.49,,419.2
MT,2016,,,297.75
MT,2017,971.67,847.27,437.3
MT,2018,836.12,808.67,300.39
MT,2019,1079.82,918.67,415.66
MT,2020,887.05,816.27,337.09
MT,2021,947.28,754.27,483.18
MT,2022,1012.41,932.15,358.68
MT,2023,1021.02,794.88,261.14
MT,2024,1075.17,834.49,351.18
NL,1950,3147.67,,31.01
NL,1951,3100.26,2460.34,11.93
NL,1952,3339.37,2318.61,28.22
NL,1953,3033.09,2601.36,24.65
NL,1954,3252.32,2343.69,6.02
NL,1955,3387.34,2430.78,28.12
NL,1956,3560.15,2587.48,2.62
NL,1957,2989.68,2120.56,41.04
NL,1958,3161.52,2396.9,19.46
NL,1959,2993.68,2303.16,60.75
NL,1960,3043.68,2285.44,14.63
NL,1961,2968.23,2143.61,20.54
NL,1962,3584.35,2449.67,4.97
NL,1963,3717.32,2942.68,14.57
NL,1964,3324.83,2564.18,36.48
NL,1965,3377.88,2463.4,6.04
NL,1966,3147.01,2451.23,22.97
NL,1967,2998.31,2184.49,22.85
NL,1968,3272.02,2360.67,18.3
NL,1969,3306.76,2545.48,49.42
NL,1970,3306.04,2572.99,40.77
NL,1971,3130.78,2345.2,23.4
NL,1972,3329.03,2298.23,20.09
NL,1973,3202.7,2336.25,44.23
NL,1974,3016.92,2243.58,9.7
NL,1975,3092.25,2184.08,61.16
NL,1976,3162.41,2435.03,95.14
NL,1977,3026.57,2238.52,12.43
NL,1978,3305.88,2226.86,20.1
NL,1979,3481.16,2663.14,11.81
NL,1980,3267.33,2314.99,19.04
NL,1981,3198.98,2334.3,17.72
NL,1982,3027.59,2522.17,53.26
NL,1983,3025.11,2187.08,70.53
NL,1984,3186.69,2370.96,29
NL,1985,3503.76,2507.89,19.24
NL,1986,3369.78,2598.51,39.55
NL,1987,3388.51,2480.18,18.53
NL,1988,2835.74,2142.99,11.5
NL,1989,2804.12,1996.65,43.62
NL,1990,2752.24,1936.69,48.16
NL,1991,3216.86,2261.47,41.95
NL,1992,2897.49,2254.62,38.75
NL,1993,3107.93,2279.55,13.97
NL,1994,2837.51,2337.62,79.28
NL,1995,2960.86,2045.83,90.33
NL,1996,3553.04,2618.83,34.89
NL,1997,2991.82,2370.67,59.08
NL,1998,2866.44,2079.25,22.03
NL,1999,2732.36,2245.13,45.12
NL,2000,2707.48,2103.64,24.51
NL,2001,2896.31,2167.6,50.19
NL,2002,2752.69,1966.74,40.14
NL,2003,2968.28,2301.06,81.15
NL,2004,2902.35,2260.29,41.05
NL,2005,2813.04,2206.83,41.25
NL,2006,2740.91,2290.99,95.55
NL,2007,2588.43,1731.43,20.21
NL,2008,2848.82,2128.64,31.12
NL,2009,2873.36,2382.36,46.2
NL,2010,3404.06,2375.54,58.22
NL,2011,2690.6,2402.04,19.03
NL,2012,2948.5,2117.28,37.41
NL,2013,3140.87,2424.82,52.2
NL,2014,2445.89,1900.13,40.52
NL,2015,2719.43,2056.45,57.54
NL,2016,2839.28,1947.78,39.48
NL,2017,2717.88,2204.77,40.03
NL,2018,2703.53,2168.36,98.91
NL,2019,2677.28,1994.2,89.43
NL,2020,2523.97,1953.71,83.22
NL,2021,2870.78,2068.74,29.93
NL,2022,2540.08,1948.56,86.3
NL,2023,2472.82,1923.07,63.07
NL,2024,2437.41,1817.71,50.61
NO,1950,4717.49,,1.23
NO,1951,4783.58,3554.7,0.15
NO,1952,5142.53,3262.34,5.47
NO,1953,4416.45,3502.2,14.58
NO,1954,4859.12,3247.16,0.59
NO,1955,5047.45,3459.57,36.36
NO,1956,5119.48,3663.73,3.78
NO,1957,4812.98,3303.63,4.83
NO,1958,5079.08,3619.62,10.43
NO,1959,4548.26,3300.18,17.21
NO,1960,4863.99,3350.32,6.97
NO,1961,4579.78,3310.2,3.07
NO,1962,5183.78,3359.35,0.42
NO,1963,5130.92,3823.66,5.66
NO,1964,4844.87,3335.22,1.53
NO,1965,5115.01,3362.48,2.93
NO,1966,5258.68,3899.35,15.26
NO,1967,4792.32,3391.27,1.46
NO,1968,5082.13,3473.52,11.49
NO,1969,5011.72,3733.74,27.54
NO,1970,5165.43,3803.59,16.24
NO,1971,4721.36,3347.93,8.53
NO,1972,4709.5,3374.12,10.04
NO,1973,4754.51,2973.56,11.96
NO,1974,4451.93,3276.85,4.09
NO,1975,4479.84,3196.06,30.04
NO,1976,4973.91,3304.33,17.43
NO,1977,4975.25,3564.13,14.17
NO,1978,5061.42,3392.27,6.85
NO,1979,5264.13,3695.13,3.83
NO,1980,5058.71,3732.43,9.13
NO,1981,5148.69,3591.83,0.85
NO,1982,4776.21,3668.13,25.7
NO,1983,4629.52,3182.56,14.62
NO,1984,4681.69,3434.17,2.3
NO,1985,5324.29,3481.07,1.01
NO,1986,5072.17,3720.28,9.57
NO,1987,5258.44,3630.24,3.14
NO,1988,4686.35,3242.31,10.74
NO,1989,4339.15,3026.06,10.44
NO,1990,4240.6,2924.05,4.63
NO,1991,4604.03,3245.33,12.01
NO,1992,4509.58,2992.29,10.2
NO,1993,4820.56,3227.87,0.41
NO,1994,4809.63,3638.32,23.63
NO,1995,4776.98,3165.38,13.11
NO,1996,5071.28,3591.89,5.01
NO,1997,4519.58,3305.71,24.18
NO,1998,4660.51,3188.3,0.23
NO,1999,4502.14,3329.66,7.59
NO,2000,4277.51,3105.19,0.89
NO,2001,4770.75,3187.07,7.03
NO,2002,4516.98,3116.8,18.4
NO,2003,4483.09,3548.71,15.4
NO,2004,4475.54,3256.42,13.1
NO,2005,4378.35,3112.96,10.82
NO,2006,4264.19,3265.94,18.7
NO,2007,4404.33,2885.28,12.03
NO,2008,4354.39,3063.3,26.16
NO,2009,4569.97,3263.79,19.17
NO,2010,5332,3680.24,1.34
NO,2011,4329.75,3741.81,4.9
NO,2012,4748.16,2980.45,0.79
NO,2013,4670.31,3610.66,6.11
NO,2014,4126.23,2938.29,28
NO,2015,4314.08,2953.2,3.98
NO,2016,4496.09,3137.78,6.3
NO,2017,4530.85,3124.93,2.18
NO,2018,4604.64,3470.63,45.76
NO,2019,4527.51,3137.96,16.95
NO,2020,4109.84,3030.7,22.9
NO,2021,4617.12,3142.79,15.65
NO,2022,4370.64,3081.14,10.53
NO,2023,4628.71,3163.57,12.78
NO,2024,4320.81,3506.23,5.51
PL,1950,3765.08,,55.18
PL,1951,3636.35,2951.12,79.46
PL,1952,4095.63,2991.78,79.88
PL,1953,3723.1,3089.65,77.9
PL,1954,4144.87,3292.02,50.62
PL,1955,4064.58,3065.83,48.98
PL,1956,4438.36,3299.93,37.76
PL,1957,3733.14,2919.19,63.95
PL,1958,3883.87,3051.31,36.84
PL,1959,3733.51,2774.34,83.15
PL,1960,3835.58,3110.04,37.51
PL,1961,3649.48,2657.73,47.19
PL,1962,4153.51,3045.11,38.83
PL,1963,4292.34,3647.38,99.11
PL,1964,4120.52,3284.42,88.37
PL,1965,4216.99,3098.67,38.08
PL,1966,3750.73,3114.32,52.98
PL,1967,3571.61,2795.42,62.56
PL,1968,3891.9,2889.69,60.73
PL,1969,4278.51,3322.11,60.03
PL,1970,4129,3393.05,42.74
PL,1971,3829.59,2981.54,83
PL,1972,3932.89,2941.94,74.19
PL,1973,3890.44,2891.37,52.85
PL,1974,3671.82,2863.18,24.63
PL,1975,3561.98,2714.2,60.62
PL,1976,4137.56,3190.07,48.3
PL,1977,3768.49,2822.65,31.23
PL,1978,4077.42,2891.58,32.1
PL,1979,4062.42,3213.51,43.38
PL,1980,4272.46,3182.34,13.12
PL,1981,3884.26,2971.96,47.88
PL,1982,3742.81,3097.95,72.44
PL,1983,3536.35,2674.89,78.24
PL,1984,3873.53,3004.56,35.3
PL,1985,4249.8,3338.31,37.03
PL,1986,3998.81,3193,58.54
PL,1987,4284.64,3347.76,34.55
PL,1988,3712.24,2787.08,52.67
PL,1989,3354.87,2686.82,63.6
PL,1990,3377.33,2491.1,48.34
PL,1991,3849.84,2855.77,53.98
PL,1992,3665.32,2869.98,133.95
PL,1993,3863.3,3000.96,40.46
PL,1994,3552.41,2884.56,131.21
PL,1995,3806.32,2784.36,91.55
PL,1996,4339.34,3509.22,45.6
PL,1997,3889.65,3005.26,47.25
PL,1998,3720.46,2815.27,53.62
PL,1999,3535.74,3028.91,65.88
PL,2000,3313.6,2839.42,59.41
PL,2001,3741.24,2633.56,65.28
PL,2002,3530.05,2752.13,101.31
PL,2003,3812.13,3247.89,93.1
PL,2004,3709.82,2994.87,49.72
PL,2005,3782.4,2890.69,62.78
PL,2006,3692.92,3263.59,124.27
PL,2007,3407.53,2374.19,85.89
PL,2008,3378.1,2776.02,74.11
PL,2009,3658.57,2844.93,62.48
PL,2010,4067.42,3128.12,113.36
PL,2011,3549.14,3133.77,60.11
PL,2012,3744.55,2946.96,93.37
PL,2013,3707.73,3119.38,93.25
PL,2014,3285.87,2543.55,87.39
PL,2015,3292.14,2588.91,142.76
PL,2016,3483.81,2641.02,78.25
PL,2017,3491.84,2881.33,76.72
PL,2018,3327.4,2829.59,125.87
PL,2019,3144.39,2592.85,143.9
PL,2020,3186.53,2388.97,85.17
PL,2021,3657.83,2731.43,101.05
PL,2022,3362.06,2664.35,125.25
PL,2023,3159.68,2531.63,103.78
PL,2024,2939.54,2414.36,125.48
PT,1950,1403.22,,140.32
PT,1951,1549.88,1190.44,117.51
PT,1952,1483.25,1155.69,139.29
PT,1953,1363.32,1153.45,166.46
PT,1954,1556.38,1166.39,116.76
PT,1955,1207.67,991.1,145.29
PT,1956,1738.49,1202.54,107.63
PT,1957,1533.31,1224.27,167.66
PT,1958,1454.96,1202.71,123.72
PT,1959,1403.03,1089.98,174.12
PT,1960,1489.84,1138.68,138.24
PT,1961,1275.61,1094.63,223.43
PT,1962,1521.25,1136.76,182.97
PT,1963,1543.53,1254.3,129.22
PT,1964,1542.15,1140.71,178.8
PT,1965,1533.71,1300.88,141.18
PT,1966,1434.55,1000.38,148.76
PT,1967,1540.42,1244.91,141.2
PT,1968,1476.89,1217.89,158.21
PT,1969,1609.63,1097.94,195.98
PT,1970,1623.27,1245.68,124.98
PT,1971,1644.45,1284.48,103.15
PT,1972,1728.83,1284.9,95.66
PT,1973,1545.53,1215.66,144.1
PT,1974,1635.08,1171.3,170.05
PT,1975,1582.83,1224.28,147.05
PT,1976,1580.15,1239.94,189.62
PT,1977,1478.69,1188.5,68.57
PT,1978,1485.65,1080.79,123.34
PT,1979,1526.71,1081.95,166.46
PT,1980,1508.91,1128.64,124.22
PT,1981,1331.61,1171.6,196.16
PT,1982,1402.42,933.59,106.98
PT,1983,1373.07,1175.74,94.53
PT,1984,1547.45,1094.36,136.21
PT,1985,1462.69,1137.03,125.31
PT,1986,1574.3,1169.86,127.2
PT,1987,1301.31,1095.22,181.66
PT,1988,1385.91,1034.67,99.28
PT,1989,1198.94,1022.3,208.46
PT,1990,1325.18,854.55,200.39
PT,1991,1503.39,1218.67,202.7
PT,1992,1441.2,1171.43,147.67
PT,1993,1517.51,1079.45,162.19
PT,1994,1339.75,1137.15,127.41
PT,1995,1112.64,923.82,183.36
PT,1996,1375.43,962.03,162.31
PT,1997,1041.65,937.34,114.79
PT,1998,1237.61,803.45,183.63
PT,1999,1386.75,1127.94,150.5
PT,2000,1378.49,1097.04,161.12
PT,2001,1346.04,975.92,137.41
PT,2002,1243.26,1068.03,131.8
PT,2003,1315.18,982.79,208.84
PT,2004,1395.7,1077.42,184.79
PT,2005,1432.95,1212.98,228.18
PT,2006,1284.77,1170.69,227.05
PT,2007,1382.8,978.27,122.7
PT,2008,1353.19,988.88,136.66
PT,2009,1314.06,1171.42,169.39
PT,2010,1353.03,1041.38,249.92
PT,2011,1153.11,1078.85,187.75
PT,2012,1340.35,1035.23,190.79
PT,2013,1463.11,1112.6,241.12
PT,2014,1262.74,1074.11,146.51
PT,2015,1259.14,1118.99,216.69
PT,2016,1339.97,946.38,274.88
PT,2017,1256.73,1044.26,245.07
PT,2018,1389.95,1113.33,198.1
PT,2019,1273.82,1012.5,150.45
PT,2020,1165.57,910.03,249.85
PT,2021,1364.79,1047.02,167.64
PT,2022,1180.3,1036.04,260.95
PT,2023,1241.33,931.45,264.69
PT,2024,1184.21,920.09,218.62
RO,1950,3000.29,,284.03
RO,1951,2899.08,2424.46,259.14
RO,1952,3157.69,2720.81,305.56
RO,1953,3305.04,2699,263.72
RO,1954,3663.05,3320.04,234.68
RO,1955,3262.2,2705.78,130.84
RO,1956,3725.98,2995.43,193.44
RO,1957,3164.37,2753.47,229.23
RO,1958,3041.53,2708.99,210.78
RO,1959,3253.48,2620.99,181.35
RO,1960,2904.45,2761.56,169.43
RO,1961,3296.75,2341.77,133.9
RO,1962,3549.58,2884.98,175.56
RO,1963,3731.38,3200.95,208.49
RO,1964,3645.52,3129.68,149.63
RO,1965,3702.26,2844.91,131.51
RO,1966,3143.33,2760.58,126.97
RO,1967,3399.47,2806.16,143.81
RO,1968,3368.89,2774.04,126.64
RO,1969,3684.46,3161.79,86.81
RO,1970,3425.81,2753.67,114.12
RO,1971,3444.39,2763.58,124.36
RO,1972,3451.34,2838.07,145.47
RO,1973,3634.76,2915.94,95.12
RO,1974,3458.12,2925.75,120.21
RO,1975,3296.59,2673.98,118.81
RO,1976,3717.03,3107.69,71.36
RO,1977,3390.01,2613.63,115.41
RO,1978,3624.63,2879.94,87.93
RO,1979,3375.01,2870.34,105.41
RO,1980,3784.88,2988.2,99.6
RO,1981,3467.6,2817.63,141.08
RO,1982,3509.88,2975.49,114.21
RO,1983,3350.71,2574.64,115.34
RO,1984,3534.7,3019.95,85.01
RO,1985,3888.57,3280.95,135.17
RO,1986,3530.37,2897.71,143.6
RO,1987,3768.59,3254.05,178.27
RO,1988,3549.82,2726.96,181.58
RO,1989,3168.34,2821.76,133.82
RO,1990,3156.36,2604.7,158.46
RO,1991,3596.56,2745.99,120.74
RO,1992,3458.27,2936.51,193.66
RO,1993,3633.03,2965.57,160.01
RO,1994,3079.51,2647.5,186.78
RO,1995,3472.68,2711.37,158.4
RO,1996,3705.11,3308.82,156.93
RO,1997,3629.88,2790.74,101.67
RO,1998,3474.88,2783.45,194.83
RO,1999,3248.34,2940.6,186.22
RO,2000,3198.16,2879.34,239.96
RO,2001,3325.14,2426.96,188.71
RO,2002,3199.59,2744.45,182.68
RO,2003,3593.6,3095.44,221.42
RO,2004,3342.17,2882.27,132.05
RO,2005,3473.71,2785.8,119.03
RO,2006,3413.38,2984.46,166.43
RO,2007,3049.15,2346.64,279.86
RO,2008,3117.56,2775.17,207.54
RO,2009,3118.45,2629.24,196.25
RO,2010,3310.32,2740.24,210.89
RO,2011,3453.06,2849.75,187.65
RO,2012,3357.52,3047.31,323.66
RO,2013,3141.46,2716.6,201.85
RO,2014,3042.16,2468.03,159.35
RO,2015,3034.53,2627.81,254.15
RO,2016,3168.02,2474.01,212.63
RO,2017,3189.02,2859.57,239.07
RO,2018,3055.09,2642.86,194.36
RO,2019,2841.84,2568.63,231.34
RO,2020,2894.65,2291.41,207.23
RO,2021,3222.42,2491.94,228.61
RO,2022,2973.64,2597.71,265.6
RO,2023,2716.42,2270.78,255.21
RO,2024,2687.03,2162.71,357.6
RS,1950,2822.01,,321.11
RS,1951,2690.51,2245.95,190.99
RS,1952,2947.98,2528.4,318.93
RS,1953,3118.91,2509.83,193.19
RS,1954,3382.85,3058.4,176.99
RS,1955,2973.01,2431.09,103.15
RS,1956,3538.98,2808.71,174.91
RS,1957,2930.84,2584.53,185
RS,1958,2930.33,2568.28,205.89
RS,1959,3043.11,2418.76,123.23
RS,1960,2844.95,2586.42,147.5
RS,1961,2879.09,2155.97,155.17
RS,1962,3251.46,2592.31,188.07
RS,1963,3318.39,2942.66,235.86
RS,1964,3293.43,2843.87,165.86
RS,1965,3260.18,2558.07,153.91
RS,1966,2844.42,2538.48,122.49
RS,1967,3055.35,2437.25,169.34
RS,1968,2999.75,2531.97,131.51
RS,1969,3267.67,2771.98,93.27
RS,1970,3134.54,2571,124.35
RS,1971,3113.25,2552.81,154.22
RS,1972,3032.11,2523.79,151.45
RS,1973,3234.25,2630.8,126.8
RS,1974,3005.92,2518.4,130.74
RS,1975,2927.11,2441.08,95.97
RS,1976,3303.52,2809.77,73.9
RS,1977,2974.54,2216.74,117.58
RS,1978,3308.85,2600.49,90.25
RS,1979,2999.88,2608.4,105.85
RS,1980,3421.86,2630.41,100.24
RS,1981,3119.88,2628.94,134.05
RS,1982,3067.06,2684.73,126.15
RS,1983,3013.28,2301.34,153.8
RS,1984,3176.55,2730.8,104.79
RS,1985,3443.73,2915.62,153.79
RS,1986,3207.73,2647.6,132.61
RS,1987,3299.84,2934.73,194.37
RS,1988,3144.96,2358.63,213.93
RS,1989,2953.58,2600.12,127.05
RS,1990,2838.14,2398.58,170.8
RS,1991,3300.87,2505,136.68
RS,1992,2987.02,2650.96,232.47
RS,1993,3218.9,2717.31,224.46
RS,1994,2766.69,2341.48,226.52
RS,1995,3107.62,2473.34,166.38
RS,1996,3292.65,2932.48,173.24
RS,1997,3202.71,2477.48,128.3
RS,1998,3055.02,2465.98,229.82
RS,1999,2920.9,2653.01,158.37
RS,2000,2681.08,2598.19,308.38
RS,2001,2886.4,2009.41,199.62
RS,2002,2681.53,2453.79,202.21
RS,2003,3103.64,2654.15,303.57
RS,2004,2968.58,2579.01,174.66
RS,2005,3170.9,2571.45,136.33
RS,2006,2968.77,2628.18,192.41
RS,2007,2697.04,2046.24,310.31
RS,2008,2700.19,2490.02,240.71
RS,2009,2756.76,2386.61,212.53
RS,2010,2869.45,2380.2,212.73
RS,2011,3035.93,2524.39,232.51
RS,2012,2943.52,2725.06,343.52
RS,2013,2722.87,2351.08,255.79
RS,2014,2499.41,2068.44,160.61
RS,2015,2689.49,2260.17,309.75
RS,2016,2808.06,2223.5,196.46
RS,2017,2835.3,2584.58,328.37
RS,2018,2539.04,2346.21,206.82
RS,2019,2458.76,2237.72,276.73
RS,2020,2580.18,2038.14,196.38
RS,2021,2850.36,2223.42,306.57
RS,2022,2503.82,2333.76,316.9
RS,2023,2289.9,1922.31,249.91
RS,2024,2253.86,1783.4,420.56
SE,1950,4312.04,,13.7
SE,1951,4346.04,3374.38,8.54
SE,1952,4742.47,3136.31,11.1
SE,1953,4040.16,3368.77,29.11
SE,1954,4515.45,3168.47,4.15
SE,1955,4782.12,3411.72,57.8
SE,1956,4931.49,3599.06,6.54
SE,1957,4399.04,3236.34,11.25
SE,1958,4707.1,3498.09,11.57
SE,1959,4126.15,3078.21,47.95
SE,1960,4480.67,3288.86,11.09
SE,1961,4077.99,3012.11,10.18
SE,1962,4758.73,3243.68,1.01
SE,1963,4758.92,3729.23,13.87
SE,1964,4443.24,3287.23,8.59
SE,1965,4734.77,3257.96,2.94
SE,1966,4826.7,3791.46,25.47
SE,1967,4295.5,3167.68,10.62
SE,1968,4615.95,3360.67,30.67
SE,1969,4712.04,3567.7,54.94
SE,1970,4871.53,3735.73,22.02
SE,1971,4366.71,3245.72,19.57
SE,1972,4280.66,3198.56,28.51
SE,1973,4346.67,2828.03,43.37
SE,1974,4064.6,3190.16,3.44
SE,1975,3962.56,2953.37,55.84
SE,1976,4684.42,3262.88,25.91
SE,1977,4487.38,3342.26,12.05
SE,1978,4685.55,3207.57,17.73
SE,1979,4779.59,3581.77,13.09
SE,1980,4745.37,3571.03,18.59
SE,1981,4659.18,3399.84,8.63
SE,1982,4372.82,3564.43,49.25
SE,1983,4190.71,2975.9,35.56
SE,1984,4226.63,3278.78,7.85
SE,1985,5059.01,3501.34,6.99
SE,1986,4631.35,3553.83,16.62
SE,1987,4951.74,3561.17,3.96
SE,1988,4270.98,3064.42,14.17
SE,1989,3823.05,2900.83,32.18
SE,1990,3776.42,2768.17,9.25
SE,1991,4165.25,3053.81,23.65
SE,1992,4030.5,2840.32,25.54
SE,1993,4319.14,3083.48,2.16
SE,1994,4255.19,3348.53,64.04
SE,1995,4326.29,2969.8,36.29
SE,1996,4676.96,3538.96,16.1
SE,1997,4211.89,3118,52.06
SE,1998,4305.9,3071.88,1.31
SE,1999,4066.04,3248.87,31.14
SE,2000,3782.84,2966.14,5.03
SE,2001,4240.74,2916.66,28.51
SE,2002,4097.82,2922.73,48.76
SE,2003,4175.54,3451.54,34.87
SE,2004,4172.31,3165.92,17.13
SE,2005,4062.63,3097.94,24.21
SE,2006,3960.32,3260.95,56.98
SE,2007,3900.17,2667.23,21.63
SE,2008,3850.59,2844.09,32.31
SE,2009,4138.37,3082.16,26.08
SE,2010,4832.46,3494.46,35.24
SE,2011,3872.43,3567.37,22.31
SE,2012,4258.28,2873.19,5.58
SE,2013,4133.56,3386.65,18.73
SE,2014,3705.79,2720.86,51.35
SE,2015,3756.63,2736.41,13.93
SE,2016,3984.2,2917.76,19.55
SE,2017,3961.46,2941.92,3.11
SE,2018,3921.01,3137.12,89.44
SE,2019,3831.77,2875.8,37.36
SE,2020,3471.56,2677.33,43.69
SE,2021,4069.46,2816.47,42.96
SE,2022,3792.62,2879.22,44.7
SE,2023,3974.92,2869.18,21.51
SE,2024,3780,3158.38,18.53
SI,1950,3302.54,,158.52
SI,1951,3156.83,2638.97,78.54
SI,1952,3604.29,2826.39,143.7
SI,1953,3427.42,2880.78,58.46
SI,1954,3691.77,2942.28,46.92
SI,1955,3568.96,2718.29,37.6
SI,1956,3840.39,3000.44,52.92
SI,1957,3345.74,2721.94,93.54
SI,1958,3354.23,2758.42,83.91
SI,1959,3265.67,2504.81,54.85
SI,1960,3323.47,2694.23,47.5
SI,1961,3306.21,2488.36,64.72
SI,1962,3900.15,2833.02,73.12
SI,1963,3774.86,3264.01,87.77
SI,1964,3686.73,2989.55,63.34
SI,1965,3767.86,2837.67,57
SI,1966,3321.55,2745.59,40.34
SI,1967,3461.62,2673.46,80.47
SI,1968,3581.74,2747.49,51.64
SI,1969,3747.11,2975.67,51.05
SI,1970,3694.39,2895.69,73.66
SI,1971,3648.01,2838.79,75.77
SI,1972,3684.46,2779.25,57.11
SI,1973,3710.11,2868.81,46.1
SI,1974,3431.07,2662.44,67.57
SI,1975,3386.85,2662.21,38.51
SI,1976,3682.15,2937.48,54.87
SI,1977,3382.98,2489.85,44.26
SI,1978,3796.52,2693.26,32.11
SI,1979,3562.85,2887.46,53.99
SI,1980,3861.65,2763.89,43.04
SI,1981,3556.58,2944.18,64.27
SI,1982,3461.07,2875.25,62.2
SI,1983,3460.46,2589.3,98.68
SI,1984,3702.84,2950.95,39.6
SI,1985,3793.08,2975.44,70.1
SI,1986,3718.77,2963.29,70.67
SI,1987,3688.71,3063.91,62.77
SI,1988,3439.36,2576.73,96.82
SI,1989,3289.47,2648.2,46.67
SI,1990,3276.47,2491.56,71.63
SI,1991,3636.52,2728.1,83.55
SI,1992,3252.07,2761.88,127.47
SI,1993,3402.34,2706.69,101.87
SI,1994,3023.41,2492.26,125.61
SI,1995,3390.88,2590.42,70.56
SI,1996,3697.46,2921.76,54.8
SI,1997,3390.23,2635.65,48.49
SI,1998,3323.77,2545.71,114.71
SI,1999,3259.32,2787.25,63.21
SI,2000,2965.05,2719.39,123.24
SI,2001,3218.34,2206.63,114.49
SI,2002,2990.62,2565.75,93.72
SI,2003,3347.19,2644.05,220.99
SI,2004,3431.59,2749.29,81.51
SI,2005,3521.87,2721.65,73.76
SI,2006,3274.23,2885.64,129.61
SI,2007,3028.46,2142.51,125.7
SI,2008,3102.7,2620.31,105.15
SI,2009,3148.54,2620.37,107.25
SI,2010,3454.31,2694.33,121.98
SI,2011,3186.69,2674.74,116.72
SI,2012,3161.54,2693.15,176.65
SI,2013,3238.32,2658.76,169.98
SI,2014,2744.03,2221.81,74.18
SI,2015,3019.96,2335.23,174.38
SI,2016,3107.09,2422.58,109.61
SI,2017,3162.8,2616.75,179.9
SI,2018,2953.58,2638.42,132.28
SI,2019,2915.72,2364.59,165.03
SI,2020,3014.77,2267.13,105.08
SI,2021,3299.8,2509.81,156.84
SI,2022,2918.14,2591.28,187.93
SI,2023,2789.78,2257.52,133.24
SI,2024,2625.26,2044.39,211.41
SK,1950,3660.47,,122.02
SK,1951,3500.61,2776.09,80.57
SK,1952,4057.72,3037.81,130.96
SK,1953,3786.61,3065.3,68.38
SK,1954,4163.33,3256.83,59.77
SK,1955,4085.9,3078.19,43.39
SK,1956,4377.6,3287.6,60.59
SK,1957,3801.34,3038.22,88.71
SK,1958,3848.2,3046.81,60.93
SK,1959,3768.53,2830.7,63.74
SK,1960,3758.48,2965.75,49.09
SK,1961,3697.44,2660.3,76.7
SK,1962,4194.37,3069.22,76.26
SK,1963,4200.47,3511.63,102.08
SK,1964,4131.48,3352.62,94.72
SK,1965,4240.27,3083.89,45.52
SK,1966,3658.27,3079.96,50.79
SK,1967,3786.09,2869.78,99.52
SK,1968,3893.01,3004.54,80.04
SK,1969,4042.87,3197.05,58.48
SK,1970,4025.29,3141.11,63
SK,1971,3903.17,2997.42,80.15
SK,1972,3824.02,2857.55,74.92
SK,1973,3950.8,2970.9,66.16
SK,1974,3679.01,2851.77,63.62
SK,1975,3650.17,2848.85,59.88
SK,1976,3981.8,3174.01,71.44
SK,1977,3783.08,2699.71,51.7
SK,1978,4085.62,2967.03,35.03
SK,1979,3863.93,3061.89,56.24
SK,1980,4282.5,3071.11,30.8
SK,1981,3872.28,3079.28,74.49
SK,1982,3824.09,3174.02,72.32
SK,1983,3697.04,2728.58,106.24
SK,1984,3929.95,3129.2,47.23
SK,1985,4220,3270.41,59.55
SK,1986,3993.09,3142.82,86.09
SK,1987,4128.17,3394.17,76.02
SK,1988,3832.58,2799.52,90.17
SK,1989,3604.12,2936.93,66.33
SK,1990,3612.82,2737.26,85.34
SK,1991,3954.27,2940.63,82.77
SK,1992,3697.09,3003.28,160.63
SK,1993,3852.45,3108.54,89.45
SK,1994,3459.95,2735.05,150.33
SK,1995,3768,2850.98,98.55
SK,1996,4081.15,3292.06,63.85
SK,1997,3891.61,2985.3,64.66
SK,1998,3684.67,2804.17,112.33
SK,1999,3597.8,3047.97,68.73
SK,2000,3391.66,3008.2,119.79
SK,2001,3705.57,2539.03,96.31
SK,2002,3499.33,2898.8,116.78
SK,2003,3792.42,3112.48,153.92
SK,2004,3760.07,3036.22,69.19
SK,2005,3867.49,3005.82,70.92
SK,2006,3695.57,3208.41,122.43
SK,2007,3392.75,2394.27,147.14
SK,2008,3343.9,2874.9,95.04
SK,2009,3514.77,2790.26,105.59
SK,2010,3783.66,2926.84,115.15
SK,2011,3575.28,2984,94.44
SK,2012,3590.45,3002.3,160.96
SK,2013,3561.52,2940.19,151.87
SK,2014,3040.12,2423.8,89.67
SK,2015,3326.64,2569.96,198.01
SK,2016,3476.96,2630.47,105.83
SK,2017,3556.52,2972.18,159.7
SK,2018,3220.59,2846.72,149.29
SK,2019,3174.41,2617.03,166.56
SK,2020,3300.01,2486.28,106.49
SK,2021,3617.56,2703.74,140.91
SK,2022,3269.08,2722.74,168.92
SK,2023,3095.97,2465.77,124.58
SK,2024,2893.72,2300.22,191.88
UK,1950,3393.03,,1.19
UK,1951,3516.45,2534.49,0
UK,1952,3545.81,2269.21,0
UK,1953,3183.73,2339.93,0.18
UK,1954,3439.04,2178.63,0
UK,1955,3378.51,2366.74,7.7
UK,1956,3392.51,2255.85,0
UK,1957,3195.89,2044.17,1.34
UK,1958,3324.75,2263.11,0
UK,1959,3099.91,2172.87,0.41
UK,1960,3330.37,2181.42,0.01
UK,1961,3311.77,2149.17,0
UK,1962,3559.23,2387.26,0
UK,1963,3620.68,2441.66,0.16
UK,1964,3312.59,2228.33,0
UK,1965,3573.41,2349.8,0
UK,1966,3358.75,2239.12,0.06
UK,1967,3374.1,2246.81,0
UK,1968,3403.54,2327.29,0.2
UK,1969,3485.66,2334.85,0.96
UK,1970,3399.61,2327.92,1.29
UK,1971,3217.85,2209.63,0.18
UK,1972,3632.15,2184.72,1.88
UK,1973,3373.95,2205.57,2.24
UK,1974,3463.19,2210.43,0
UK,1975,3262.82,2247.58,3.8
UK,1976,3376.44,2158.87,11.53
UK,1977,3468.95,2425.16,2.29
UK,1978,3381.52,2280.19,0
UK,1979,3706.78,2379.78,0
UK,1980,3406.18,2297.2,0
UK,1981,3427.64,2173.06,0
UK,1982,3356.79,2391.21,0.99
UK,1983,3257.56,2274.67,11.01
UK,1984,3424.11,2254.28,2.3
UK,1985,3609.87,2424.97,0
UK,1986,3709.76,2426.23,0.16
UK,1987,3482.16,2307.05,0.06
UK,1988,3295.03,2272.29,0.01
UK,1989,3239.3,2082.11,11.29
UK,1990,3201.83,2126.28,2.07
UK,1991,3350.78,2296.88,0.9
UK,1992,3389.61,2173.38,0.04
UK,1993,3421.73,2249.63,0
UK,1994,3329.72,2364.58,0
UK,1995,3179.61,2126.87,18.48
UK,1996,3448.12,2229.51,0.68
UK,1997,3042.35,2185.14,0.13
UK,1998,3119.19,1968.48,0
UK,1999,3133.59,2144.31,2.49
UK,2000,3270.45,2131.58,0.58
UK,2001,3295.87,2370.04,0.33
UK,2002,3167.26,2025.35,0.09
UK,2003,3159.93,2204.92,3.4
UK,2004,3131.69,2223.29,0.07
UK,2005,3064.72,2086.7,2.28
UK,2006,3062.59,2182.8,10.41
UK,2007,2980.29,2060.32,0.84
UK,2008,3284.54,2054.29,0.08
UK,2009,3248.55,2298.07,0.55
UK,2010,3627.06,2415.34,0.05
UK,2011,3078.76,2444.8,0
UK,2012,3259.82,1892.59,0.06
UK,2013,3268.7,2377.04,7.75
UK,2014,3074.45,2108.43,2.81
UK,2015,3327.55,2213.54,0.13
UK,2016,3164.33,2085.67,1.25
UK,2017,3001.26,2076.24,0.21
UK,2018,3192.68,2223.14,7.87
UK,2019,3112.52,2014.53,0.2
UK,2020,3159.57,2202.26,0.18
UK,2021,3059.75,2182.87,10.7
UK,2022,2970.7,1956.44,7.14
UK,2023,2853.8,2061.77,1.35
UK,2024,3030.6,2022.63,0
