country_id,fuel,year,price,ln_price
AUT,Electricity,1996,0.1272,-2.06199462807612
AUT,Electricity,1997,0.1258,-2.0730619347158
AUT,Electricity,1998,0.12495,-2.07984162170118
AUT,Electricity,1999,0.1262,-2.06988732887502
AUT,Electricity,2000,0.12745,-2.06003114816001
AUT,Electricity,2001,0.1324,-2.02192763547923
AUT,Electricity,2002,0.1348,-2.00396308050393
AUT,Electricity,2003,0.13475,-2.00433406919303
AUT,Electricity,2004,0.1422,-1.950520761613
AUT,Electricity,2005,0.1402,-1.96468530438165
AUT,Electricity,2006,0.13895,-1.97364112279362
AUT,Electricity,2007,0.174,-1.74869997976761
AUT,Electricity,2008,0.17755,-1.72850301959304
AUT,Electricity,2009,0.1909,-1.65600554825044
AUT,Electricity,2010,0.19485,-1.63552524719742
AUT,Electricity,2011,0.19755,-1.62176356212474
AUT,Electricity,2012,0.19995,-1.60968794368931
AUT,Electricity,2013,0.205,-1.58474529984373
AUT,Electricity,2014,0.2004,-1.60743990977143
AUT,Electricity,2015,0.1996,-1.61143991510477
AUT,Electricity,2016,0.2022,-1.59849797239577
AUT,Electricity,2017,0.1964,-1.62760188306177
AUT,Electricity,2018,0.1989,-1.61495309312221
AUT,Electricity,2019,0.2054,-1.58279598148768
AUT,Electricity,2020,0.2139,-1.54224666289378
AUT,Electricity,2021,0.22505,-1.4914326792432
AUT,Electricity,2022,0.23095,-1.46555404210552
AUT,Electricity,2023,0.27005,-1.30914815194324
AUT,Electricity,2024,0.2584,-1.35324650707369
AUT,Electricity,2025,0.30885,-1.17489955684023
AUT,Natural gas,2004,17.14,2.84141491316963
AUT,Natural gas,2005,17.32,2.85186190313429
AUT,Natural gas,2006,19.49,2.96990151351947
AUT,Natural gas,2007,16.95,2.83026783382646
AUT,Natural gas,2008,16.69,2.81480973767374
AUT,Natural gas,2009,17.63,2.86960199640978
AUT,Natural gas,2010,17,2.83321334405622
AUT,Natural gas,2011,19.66,2.97858611471902
AUT,Natural gas,2012,21.125,3.05045717324324
AUT,Natural gas,2013,21.14,3.05116698044209
AUT,Natural gas,2014,20.53,3.02188723103084
AUT,Natural gas,2015,20.015,2.99648199244454
AUT,Natural gas,2016,18.94,2.94127608775793
AUT,Natural gas,2017,19.0555,2.94735577381363
AUT,Natural gas,2018,19.03085,2.94606134662689
AUT,Natural gas,2019,18.53335,2.9195718118686
AUT,Natural gas,2020,18.1081,2.89635935197949
AUT,Natural gas,2021,18.4845,2.91693254306415
AUT,Natural gas,2022,27.8021,3.32511155741197
AUT,Natural gas,2023,42.18085,3.74196632657826
AUT,Natural gas,2024,36.3404,3.5929300700621
AUT,Natural gas,2025,33.89865,3.5233751905846
BEL,Electricity,1985,0.1242,-2.08586210948276
BEL,Electricity,1986,0.1231,-2.09475824579173
BEL,Electricity,1987,0.1204,-2.11693574610742
BEL,Electricity,1988,0.1211,-2.11113862842309
BEL,Electricity,1989,0.12,-2.12026353620009
BEL,Electricity,1990,0.1264,-2.06830379726938
BEL,Electricity,1991,0.1266,-2.06672276927206
BEL,Electricity,1992,0.13,-2.04022082852655
BEL,Electricity,1993,0.1392,-1.97184353108182
BEL,Electricity,1994,0.14295,-1.94526036021382
BEL,Electricity,1995,0.15095,-1.89080662282929
BEL,Electricity,1996,0.1504,-1.8944568674664
BEL,Electricity,1997,0.1455,-1.92757919237059
BEL,Electricity,1998,0.1457,-1.92620556578098
BEL,Electricity,1999,0.1443,-1.93586081320231
BEL,Electricity,2000,0.1431,-1.94421159241973
BEL,Electricity,2001,0.14505,-1.93067676841472
BEL,Electricity,2002,0.13775,-1.98231483094911
BEL,Electricity,2003,0.13775,-1.98231483094911
BEL,Electricity,2004,0.1431,-1.94421159241973
BEL,Electricity,2005,0.1455,-1.92757919237059
BEL,Electricity,2006,0.1455,-1.92757919237059
BEL,Electricity,2007,0.1683,-1.78200717778538
BEL,Electricity,2008,0.2062,-1.57890870739928
BEL,Electricity,2009,0.189,-1.66600826392249
BEL,Electricity,2010,0.19665,-1.62632978010432
BEL,Electricity,2011,0.21275,-1.54763751152865
BEL,Electricity,2012,0.2275,-1.48060504059113
BEL,Electricity,2013,0.2194,-1.51685873114101
BEL,Electricity,2014,0.207,-1.57503648571677
BEL,Electricity,2015,0.2239,-1.49655575537743
BEL,Electricity,2016,0.26445,-1.33010308147015
BEL,Electricity,2017,0.2867,-1.24931890609281
BEL,Electricity,2018,0.288,-1.24479479884619
BEL,Electricity,2019,0.28495,-1.25544155270113
BEL,Electricity,2020,0.2747,-1.29207568588091
BEL,Electricity,2021,0.2848,-1.25596809944432
BEL,Electricity,2022,0.3963,-0.925583778785748
BEL,Electricity,2023,0.4064,-0.900417382717865
BEL,Electricity,2024,0.33335,-1.09856228991807
BEL,Electricity,2025,0.3535,-1.03987179364551
BEL,Natural gas,2005,17.62,2.86903462050803
BEL,Natural gas,2006,19.135,2.95151911887767
BEL,Natural gas,2007,13.89,2.63116915676625
BEL,Natural gas,2008,18.25,2.9041650800285
BEL,Natural gas,2009,15.575,2.74566706467352
BEL,Natural gas,2010,15.74,2.75620524298926
BEL,Natural gas,2011,18.955,2.9420677489683
BEL,Natural gas,2012,19.76,2.98365969231972
BEL,Natural gas,2013,18.435,2.91425103168611
BEL,Natural gas,2014,18.165,2.89949666567317
BEL,Natural gas,2015,16.735,2.81750233466329
BEL,Natural gas,2016,15.01,2.70871664564537
BEL,Natural gas,2017,14.91775,2.70255177911396
BEL,Natural gas,2018,16.1215,2.78015378485858
BEL,Natural gas,2019,15.64665,2.7502568365646
BEL,Natural gas,2020,13.80355,2.6249258054578
BEL,Natural gas,2021,15.8915,2.7657843750864
BEL,Natural gas,2022,32.0167,3.46625764167033
BEL,Natural gas,2023,29.7144,3.39163177679245
BEL,Natural gas,2024,23.6688,3.16415772515583
BEL,Natural gas,2025,25.2264,3.22789106519512
BGR,Electricity,2004,0.05985,-2.81591384697816
BGR,Electricity,2005,0.0649,-2.73490765527209
BGR,Electricity,2006,0.0647,-2.73799407747528
BGR,Electricity,2007,0.0721,-2.62970123469123
BGR,Electricity,2008,0.0767,-2.56785357060893
BGR,Electricity,2009,0.08205,-2.50042646144604
BGR,Electricity,2010,0.08215,-2.49920843449886
BGR,Electricity,2011,0.085,-2.46510402249182
BGR,Electricity,2012,0.09005,-2.40739020736017
BGR,Electricity,2013,0.0903,-2.4046178185592
BGR,Electricity,2014,0.08635,-2.44934647438945
BGR,Electricity,2015,0.09495,-2.35440484172384
BGR,Electricity,2016,0.0947,-2.3570412787901
BGR,Electricity,2017,0.0969,-2.33407576008542
BGR,Electricity,2018,0.0992,-2.31061726469131
BGR,Electricity,2019,0.09775,-2.32534208011666
BGR,Electricity,2020,0.09895,-2.31314060693356
BGR,Electricity,2021,0.10575,-2.24667746105575
BGR,Electricity,2022,0.112,-2.18925640768704
BGR,Electricity,2023,0.1165,-2.14986400597638
BGR,Electricity,2024,0.1202,-2.11859825688103
BGR,Electricity,2025,0.13275,-2.01928761886009
BGR,Natural gas,2004,6.29555,1.839843034609
BGR,Natural gas,2005,6.91155,1.93319392521572
BGR,Natural gas,2006,7.3402,1.99336609021161
BGR,Natural gas,2007,8.9784,2.19482169271991
BGR,Natural gas,2008,10.3538,2.33735360208685
BGR,Natural gas,2009,11.40455,2.43401239857915
BGR,Natural gas,2010,11.0944,2.40644047650857
BGR,Natural gas,2011,12.5243,2.52767075718557
BGR,Natural gas,2012,14.5823,2.67980846448217
BGR,Natural gas,2013,14.3164,2.66140573327902
BGR,Natural gas,2014,13.5341,2.60521242658132
BGR,Natural gas,2015,12.059,2.48981126912146
BGR,Natural gas,2016,9.4386,2.24480766407438
BGR,Natural gas,2017,9.7994,2.28232115931243
BGR,Natural gas,2018,11.3409,2.42841566022973
BGR,Natural gas,2019,12.36715,2.51504376373949
BGR,Natural gas,2020,10.3384,2.33586511822884
BGR,Natural gas,2021,14.93515,2.70371749513957
BGR,Natural gas,2022,26.89925,3.29209840517822
BGR,Natural gas,2023,21.9684,3.08960505716283
BGR,Natural gas,2024,17.6123,2.868597521589
BGR,Natural gas,2025,19.62445,2.97677623779804
CYP,Electricity,1999,0.0596,-2.82009970491083
CYP,Electricity,2000,0.0914,-2.39250980052203
CYP,Electricity,2001,0.109,-2.21640739675299
CYP,Electricity,2002,0.0968,-2.33510828469961
CYP,Electricity,2003,0.106,-2.24431618487007
CYP,Electricity,2004,0.10685,-2.23632929721698
CYP,Electricity,2005,0.11385,-2.17287348647239
CYP,Electricity,2006,0.14285,-1.94596015030536
CYP,Electricity,2007,0.1573,-1.8496004689179
CYP,Electricity,2008,0.191,-1.65548185093551
CYP,Electricity,2009,0.16,-1.83258146374831
CYP,Electricity,2010,0.19395,-1.64015488509616
CYP,Electricity,2011,0.22315,-1.49991108790686
CYP,Electricity,2012,0.2845,-1.25702202541575
CYP,Electricity,2013,0.26205,-1.33921995373396
CYP,Electricity,2014,0.23235,-1.45951042345115
CYP,Electricity,2015,0.18975,-1.6620478627064
CYP,Electricity,2016,0.1574,-1.84896494299883
CYP,Electricity,2017,0.18445,-1.69037685493945
CYP,Electricity,2018,0.2038,-1.59061615819351
CYP,Electricity,2019,0.22195,-1.50530314770209
CYP,Electricity,2020,0.19155,-1.65260640783548
CYP,Electricity,2021,0.214,-1.54177926396029
CYP,Electricity,2022,0.2934,-1.22621841327326
CYP,Electricity,2023,0.35955,-1.02290202943363
CYP,Electricity,2024,0.3246,-1.12516162390165
CYP,Electricity,2025,0.2853,-1.25421402076268
CZE,Electricity,2000,0.0581,-2.84558961512427
CZE,Electricity,2001,0.0664,-2.71205822249975
CZE,Electricity,2002,0.0814,-2.50838000597364
CZE,Electricity,2003,0.07925,-2.53514786622475
CZE,Electricity,2004,0.0806,-2.51825662946955
CZE,Electricity,2005,0.08695,-2.44242203818185
CZE,Electricity,2006,0.099,-2.31263542884755
CZE,Electricity,2007,0.116,-2.15416508787577
CZE,Electricity,2008,0.14145,-1.95580898123456
CZE,Electricity,2009,0.1494,-1.90112800628342
CZE,Electricity,2010,0.15225,-1.88223137239213
CZE,Electricity,2011,0.1643,-1.80606125393891
CZE,Electricity,2012,0.1666,-1.79215954924939
CZE,Electricity,2013,0.1663,-1.79396189278326
CZE,Electricity,2014,0.13835,-1.9779685727492
CZE,Electricity,2015,0.13965,-1.96861598659095
CZE,Electricity,2016,0.14205,-1.95157617068194
CZE,Electricity,2017,0.1463,-1.92209597095606
CZE,Electricity,2018,0.15795,-1.84547675173404
CZE,Electricity,2019,0.1759,-1.73783962723862
CZE,Electricity,2020,0.1818,-1.70484809723876
CZE,Electricity,2021,0.18425,-1.69146174791269
CZE,Electricity,2022,0.2083,-1.56877593071521
CZE,Electricity,2023,0.31705,-1.1486957888361
CZE,Electricity,2024,0.33415,-1.09616528502506
CZE,Electricity,2025,0.3198,-1.14005947858228
CZE,Natural gas,2000,5.5559,1.71486042617001
CZE,Natural gas,2001,7.3805,1.99884138699491
CZE,Natural gas,2002,8.66625,2.15943617127456
CZE,Natural gas,2003,8.23555,2.10846014949895
CZE,Natural gas,2004,8.69535,2.16278840001509
CZE,Natural gas,2005,9.9154,2.29408910407278
CZE,Natural gas,2006,11.67315,2.45729133275502
CZE,Natural gas,2007,10.0601,2.30857710498004
CZE,Natural gas,2008,13.4442,2.59854778627705
CZE,Natural gas,2009,13.43085,2.59755429967159
CZE,Natural gas,2010,13.69575,2.61708556572812
CZE,Natural gas,2011,15.82725,2.7617331380184
CZE,Natural gas,2012,18.33325,2.90871635109949
CZE,Natural gas,2013,16.89235,2.82686085672444
CZE,Natural gas,2014,15.42835,2.73620672611407
CZE,Natural gas,2015,16.0776,2.77742699888003
CZE,Natural gas,2016,15.91815,2.76745996763364
CZE,Natural gas,2017,15.5009,2.74089808675565
CZE,Natural gas,2018,15.88125,2.76513916808634
CZE,Natural gas,2019,16.29435,2.79081842195725
CZE,Natural gas,2020,15.70965,2.75427517321604
CZE,Natural gas,2021,15.50245,2.74099807595045
CZE,Natural gas,2022,24.47315,3.19757659822569
CZE,Natural gas,2023,31.4408,3.4481064125299
CZE,Natural gas,2024,29.35465,3.37945096643366
CZE,Natural gas,2025,26.7688,3.28723703022944
DEU,Electricity,1991,0.1394,-1.97040778065571
DEU,Electricity,1992,0.1425,-1.94841327927343
DEU,Electricity,1993,0.1502,-1.8957875396521
DEU,Electricity,1994,0.1553,-1.8623965488275
DEU,Electricity,1995,0.16005,-1.83226901256627
DEU,Electricity,1996,0.1509,-1.89113791320833
DEU,Electricity,1997,0.1461,-1.92346396022548
DEU,Electricity,1998,0.1462,-1.92277973166646
DEU,Electricity,1999,0.15615,-1.85693819525305
DEU,Electricity,2000,0.15335,-1.87503238842188
DEU,Electricity,2001,0.1603,-1.83070821936663
DEU,Electricity,2002,0.16635,-1.79366127651765
DEU,Electricity,2003,0.17,-1.77195684193188
DEU,Electricity,2004,0.1709,-1.76667668886059
DEU,Electricity,2005,0.1793,-1.71869489837105
DEU,Electricity,2006,0.18525,-1.68604901480594
DEU,Electricity,2007,0.2065,-1.57745486658105
DEU,Electricity,2008,0.21715,-1.52716692000131
DEU,Electricity,2009,0.2288,-1.47490701947649
DEU,Electricity,2010,0.24065,-1.42441168323302
DEU,Electricity,2011,0.25295,-1.37456343824419
DEU,Electricity,2012,0.26355,-1.33351217568092
DEU,Electricity,2013,0.292,-1.23100147671386
DEU,Electricity,2014,0.29775,-1.21150107074673
DEU,Electricity,2015,0.29485,-1.22128852653562
DEU,Electricity,2016,0.2973,-1.21301354897809
DEU,Electricity,2017,0.3048,-1.18809945516965
DEU,Electricity,2018,0.29935,-1.20614182161078
DEU,Electricity,2019,0.2983,-1.20965558746143
DEU,Electricity,2020,0.30245,-1.19583930442921
DEU,Electricity,2021,0.32135,-1.13522440716484
DEU,Electricity,2022,0.3318,-1.10322290122579
DEU,Electricity,2023,0.40725,-0.898328031499983
DEU,Electricity,2024,0.3947,-0.929629296313336
DEU,Electricity,2025,0.3852,-0.953992599058166
DEU,Natural gas,1985,14.2521,2.65690426427805
DEU,Natural gas,1986,14.6577,2.68496579465484
DEU,Natural gas,1987,12.0997,2.49318065890691
DEU,Natural gas,1988,11.1307,2.40970705639153
DEU,Natural gas,1989,11.1893,2.41495796451369
DEU,Natural gas,1990,12.1635,2.49843966407058
DEU,Natural gas,1991,11.6615,2.45629281758826
DEU,Natural gas,1992,11.7808,2.46647108763232
DEU,Natural gas,1993,14.1368,2.64878132651171
DEU,Natural gas,1994,14.55545,2.67796549393024
DEU,Natural gas,1995,14.07945,2.64471628746694
DEU,Natural gas,1996,13.3075,2.58832778606478
DEU,Natural gas,1997,13.77465,2.62282994636772
DEU,Natural gas,1998,13.4768,2.60096968857896
DEU,Natural gas,1999,13.3089,2.58843298436367
DEU,Natural gas,2000,14.70985,2.68851733741656
DEU,Natural gas,2001,17.4274,2.85804368030429
DEU,Natural gas,2002,17.13,2.84083131233603
DEU,Natural gas,2003,17.685,2.87271682265744
DEU,Natural gas,2004,17.8035,2.87939506718253
DEU,Natural gas,2005,19.56,2.97348666460667
DEU,Natural gas,2006,22.375,3.10794426416092
DEU,Natural gas,2007,17.04,2.83556352140117
DEU,Natural gas,2008,19.49,2.96990151351947
DEU,Natural gas,2009,17.175,2.84345483810841
DEU,Natural gas,2010,15.78,2.75874331541773
DEU,Natural gas,2011,17.055,2.83644341587061
DEU,Natural gas,2012,17.855,2.88228358104641
DEU,Natural gas,2013,18.74,2.93066027681028
DEU,Natural gas,2014,18.885,2.93836795616442
DEU,Natural gas,2015,18.855,2.93677813071032
DEU,Natural gas,2016,18.095,2.89563565701571
DEU,Natural gas,2017,16.9545,2.83053328531676
DEU,Natural gas,2018,16.88935,2.82668324576893
DEU,Natural gas,2019,16.93795,2.82955666655267
DEU,Natural gas,2020,16.8944,2.82698220607011
DEU,Natural gas,2021,18.5968,2.92298952290731
DEU,Natural gas,2022,24.2696,3.18922453835012
DEU,Natural gas,2023,32.97915,3.49587554360344
DEU,Natural gas,2024,33.8307,3.52136867427231
DEU,Natural gas,2025,33.87365,3.52263742600721
DNK,Electricity,1985,0.0991,-2.3116258376462
DNK,Electricity,1986,0.1016,-2.28671174383776
DNK,Electricity,1987,0.114,-2.17155683058764
DNK,Electricity,1988,0.1217,-2.10619627898866
DNK,Electricity,1989,0.1305,-2.03638205221939
DNK,Electricity,1990,0.135,-2.00248050054371
DNK,Electricity,1991,0.1323,-2.02268320786123
DNK,Electricity,1992,0.1407,-1.96112531486179
DNK,Electricity,1993,0.1409,-1.9597048600775
DNK,Electricity,1994,0.14415,-1.93690085489773
DNK,Electricity,1995,0.15,-1.89711998488588
DNK,Electricity,1996,0.1604,-1.83008458354972
DNK,Electricity,1997,0.1644,-1.80545279636006
DNK,Electricity,1998,0.1795,-1.7175800710538
DNK,Electricity,1999,0.1881,-1.67078154267515
DNK,Electricity,2000,0.1963,-1.62811117769972
DNK,Electricity,2001,0.20885,-1.56613898803895
DNK,Electricity,2002,0.21885,-1.51936871534523
DNK,Electricity,2003,0.22545,-1.48965687411504
DNK,Electricity,2004,0.2258,-1.48810562726658
DNK,Electricity,2005,0.2299,-1.470110847213
DNK,Electricity,2006,0.2409,-1.42337336936131
DNK,Electricity,2007,0.2401,-1.42669977575493
DNK,Electricity,2008,0.271,-1.30563645810244
DNK,Electricity,2009,0.2627,-1.33674258229064
DNK,Electricity,2010,0.2689,-1.31341571570732
DNK,Electricity,2011,0.2942,-1.2234954708148
DNK,Electricity,2012,0.29845,-1.20915286436748
DNK,Electricity,2013,0.2968,-1.21469676768891
DNK,Electricity,2014,0.30385,-1.19122112040077
DNK,Electricity,2015,0.3055,-1.18580550037049
DNK,Electricity,2016,0.3086,-1.17570933905308
DNK,Electricity,2017,0.30295,-1.19418750359114
DNK,Electricity,2018,0.31245,-1.16331082260705
DNK,Electricity,2019,0.2954,-1.21942490888486
DNK,Electricity,2020,0.2826,-1.26372280873171
DNK,Electricity,2021,0.3174,-1.14759247088983
DNK,Electricity,2022,0.5215,-0.65104600454131
DNK,Electricity,2023,0.36825,-0.998993223639397
DNK,Electricity,2024,0.37355,-0.984703414560327
DNK,Electricity,2025,0.33985,-1.07925093518949
DNK,Natural gas,1999,14.4564,2.67113722307867
DNK,Natural gas,2000,18.57795,2.92197539360634
DNK,Natural gas,2001,20.8525,3.03747384513363
DNK,Natural gas,2002,18.3147,2.90770401608024
DNK,Natural gas,2003,18.56975,2.92153391269995
DNK,Natural gas,2004,21.95275,3.08889241641174
DNK,Natural gas,2005,27.83495,3.32629242533424
DNK,Natural gas,2006,33.20735,3.50277123696245
DNK,Natural gas,2007,23.6174,3.16198372850378
DNK,Natural gas,2008,26.91755,3.29277849023364
DNK,Natural gas,2009,22.9695,3.13416724894124
DNK,Natural gas,2010,26.6563,3.2830255204229
DNK,Natural gas,2011,28.6155,3.35394852906154
DNK,Natural gas,2012,26.8736,3.29114439206768
DNK,Natural gas,2013,27.36285,3.30918625399605
DNK,Natural gas,2014,24.8019,3.21092026313954
DNK,Natural gas,2015,25.02065,3.21970148391794
DNK,Natural gas,2016,23.48895,3.15653009779947
DNK,Natural gas,2017,24.48455,3.19804230638625
DNK,Natural gas,2018,24.78865,3.21038588712172
DNK,Natural gas,2019,22.576,3.11688739511046
DNK,Natural gas,2020,20.7854,3.03425081716701
DNK,Natural gas,2021,29.74465,3.39264928388717
DNK,Natural gas,2022,49.8992,3.91000497056483
DNK,Natural gas,2023,39.9383,3.68733576323603
DNK,Natural gas,2024,35.22795,3.56183980161667
DNK,Natural gas,2025,35.5958,3.57222765337
ESP,Electricity,1991,0.1304,-2.03714862948958
ESP,Electricity,1992,0.1355,-1.99878363866238
ESP,Electricity,1993,0.12845,-2.05221555542624
ESP,Electricity,1994,0.1222,-2.10209623224464
ESP,Electricity,1995,0.12385,-2.08868412304677
ESP,Electricity,1996,0.1258,-2.0730619347158
ESP,Electricity,1997,0.1206,-2.11527599468905
ESP,Electricity,1998,0.1154,-2.15935092490814
ESP,Electricity,1999,0.11235,-2.1861362803508
ESP,Electricity,2000,0.1091,-2.21549038614311
ESP,Electricity,2001,0.1048,-2.2557015070952
ESP,Electricity,2002,0.1047,-2.25665616110565
ESP,Electricity,2003,0.1063,-2.24148999363424
ESP,Electricity,2004,0.1079,-2.22655040671805
ESP,Electricity,2005,0.1097,-2.21000591170095
ESP,Electricity,2006,0.1152,-2.16108553072035
ESP,Electricity,2007,0.14,-1.96611285637283
ESP,Electricity,2008,0.14615,-1.92312178742488
ESP,Electricity,2009,0.16305,-1.81369837674681
ESP,Electricity,2010,0.17895,-1.7206488417701
ESP,Electricity,2011,0.20345,-1.59233500453444
ESP,Electricity,2012,0.22325,-1.49946305922553
ESP,Electricity,2013,0.22505,-1.4914326792432
ESP,Electricity,2014,0.2266,-1.48456893038823
ESP,Electricity,2015,0.23395,-1.45264786166991
ESP,Electricity,2016,0.22345,-1.49856760360268
ESP,Electricity,2017,0.22365,-1.49767294910328
ESP,Electricity,2018,0.243,-1.41469383564159
ESP,Electricity,2019,0.23985,-1.42774155103406
ESP,Electricity,2020,0.22685,-1.48346627287216
ESP,Electricity,2021,0.25695,-1.3588737655439
ESP,Electricity,2022,0.32105,-1.13615840474208
ESP,Electricity,2023,0.24005,-1.42690804400519
ESP,Electricity,2024,0.2422,-1.41799144786315
ESP,Electricity,2025,0.26405,-1.33161679982919
ESP,Natural gas,2005,15.22845,2.72316538891106
ESP,Natural gas,2006,16.9965,2.83300744050659
ESP,Natural gas,2007,16.148,2.78179620299069
ESP,Natural gas,2008,17.059,2.83667792369838
ESP,Natural gas,2009,15.92775,2.76806287100838
ESP,Natural gas,2010,14.91565,2.70241099730542
ESP,Natural gas,2011,14.945,2.7043767957359
ESP,Natural gas,2012,21.175,3.05282124053812
ESP,Natural gas,2013,22.56,3.11617842662986
ESP,Natural gas,2014,23.77,3.1684242813721
ESP,Natural gas,2015,23.445,3.15465725254155
ESP,Natural gas,2016,21.32,3.05964559929764
ESP,Natural gas,2017,21.27675,3.0576149272458
ESP,Natural gas,2018,21.3848,3.06268038928536
ESP,Natural gas,2019,24.39705,3.19446222335062
ESP,Natural gas,2020,22.32265,3.10560185806411
ESP,Natural gas,2021,24.63095,3.20400378223717
ESP,Natural gas,2022,34.31975,3.53572099021095
ESP,Natural gas,2023,28.98635,3.36682502952215
ESP,Natural gas,2024,24.4222,3.19549255471478
ESP,Natural gas,2025,25.4116,3.23520576268541
EST,Electricity,2002,0.0539,-2.92062480106719
EST,Electricity,2003,0.0649,-2.73490765527209
EST,Electricity,2004,0.06635,-2.71281151820392
EST,Electricity,2005,0.06955,-2.66570936061269
EST,Electricity,2006,0.07405,-2.60301473826833
EST,Electricity,2007,0.0786,-2.54338357954698
EST,Electricity,2008,0.0832,-2.48650793115497
EST,Electricity,2009,0.0921,-2.38488033572088
EST,Electricity,2010,0.0987,-2.3156703325427
EST,Electricity,2011,0.10075,-2.29511307815534
EST,Electricity,2012,0.11095,-2.19867562960353
EST,Electricity,2013,0.1359,-1.99583595782504
EST,Electricity,2014,0.1316,-2.02798826009092
EST,Electricity,2015,0.12965,-2.04291676699746
EST,Electricity,2016,0.1223,-2.10127823628901
EST,Electricity,2017,0.1263,-2.06909524962569
EST,Electricity,2018,0.1383,-1.97833004031142
EST,Electricity,2019,0.1384,-1.97760723579857
EST,Electricity,2020,0.12635,-2.06869944514793
EST,Electricity,2021,0.16315,-1.81308525594281
EST,Electricity,2022,0.2353,-1.44689398324882
EST,Electricity,2023,0.22495,-1.49187712369496
EST,Electricity,2024,0.2257,-1.48854859515865
EST,Electricity,2025,0.23005,-1.46945860238066
EST,Natural gas,2003,5.9855,1.78933987770929
EST,Natural gas,2004,5.99115,1.79028338034469
EST,Natural gas,2005,5.9911,1.79027503466671
EST,Natural gas,2006,6.1726,1.82012014299701
EST,Natural gas,2007,7.304,1.98842214329267
EST,Natural gas,2008,9.8019,2.28257624443572
EST,Natural gas,2009,10.5163,2.35292643441812
EST,Natural gas,2010,10.6033,2.36116527342249
EST,Natural gas,2011,11.89,2.47569771070269
EST,Natural gas,2012,14.13,2.64830019669644
EST,Natural gas,2013,13.89,2.63116915676625
EST,Natural gas,2014,13.675,2.61556934830805
EST,Natural gas,2015,11.675,2.45744980355496
EST,Natural gas,2016,9.36,2.2364452904895
EST,Natural gas,2017,11.5361,2.44548124902097
EST,Natural gas,2018,11.47135,2.43985262255888
EST,Natural gas,2019,12.5564,2.53023049575166
EST,Natural gas,2020,11.84235,2.47168208949109
EST,Natural gas,2021,16.4588,2.80086028858158
EST,Natural gas,2022,30.4872,3.41730692339522
EST,Natural gas,2023,26.2472,3.26755931668167
EST,Natural gas,2024,20.53375,3.02206987387327
EST,Natural gas,2025,22.4432,3.11098767298327
FIN,Electricity,1995,0.08805,-2.42985044403992
FIN,Electricity,1996,0.0932,-2.37300755729059
FIN,Electricity,1997,0.09435,-2.36074400716758
FIN,Electricity,1998,0.0932,-2.37300755729059
FIN,Electricity,1999,0.08795,-2.43098680779857
FIN,Electricity,2000,0.0872,-2.4395509480672
FIN,Electricity,2001,0.08805,-2.42985044403992
FIN,Electricity,2002,0.09395,-2.36499255312266
FIN,Electricity,2003,0.10255,-2.27740479446375
FIN,Electricity,2004,0.10695,-2.23539384345372
FIN,Electricity,2005,0.10475,-2.25617872017989
FIN,Electricity,2006,0.10885,-2.21778449130158
FIN,Electricity,2007,0.1149,-2.16369309412743
FIN,Electricity,2008,0.1248,-2.08104282304681
FIN,Electricity,2009,0.12925,-2.0460067655936
FIN,Electricity,2010,0.13475,-2.00433406919303
FIN,Electricity,2011,0.15565,-1.86014538209452
FIN,Electricity,2012,0.1554,-1.86175284104859
FIN,Electricity,2013,0.15685,-1.85246534434545
FIN,Electricity,2014,0.15505,-1.86400763343568
FIN,Electricity,2015,0.1541,-1.87015353665607
FIN,Electricity,2016,0.1543,-1.86885651961302
FIN,Electricity,2017,0.159,-1.83885107676191
FIN,Electricity,2018,0.1655,-1.79878408416502
FIN,Electricity,2019,0.17585,-1.73812392006215
FIN,Electricity,2020,0.17565,-1.7392619002703
FIN,Electricity,2021,0.18035,-1.71285587163259
FIN,Electricity,2022,0.2204,-1.51231120170338
FIN,Electricity,2023,0.248,-1.39432653281715
FIN,Electricity,2024,0.2404,-1.42545107632108
FIN,Electricity,2025,0.2265,-1.48501033405905
FRA,Electricity,1991,0.1165,-2.14986400597638
FRA,Electricity,1992,0.12125,-2.10990074916454
FRA,Electricity,1993,0.12795,-2.05611571637634
FRA,Electricity,1994,0.12965,-2.04291676699746
FRA,Electricity,1995,0.12855,-2.05143734527024
FRA,Electricity,1996,0.13395,-2.01028868299152
FRA,Electricity,1997,0.12835,-2.05299437166499
FRA,Electricity,1998,0.12475,-2.08144354435051
FRA,Electricity,1999,0.1192,-2.12695252435089
FRA,Electricity,2000,0.11665,-2.1485772805147
FRA,Electricity,2001,0.11535,-2.15978429436237
FRA,Electricity,2002,0.1165,-2.14986400597638
FRA,Electricity,2003,0.1162,-2.15244243456433
FRA,Electricity,2004,0.1194,-2.12527607802364
FRA,Electricity,2005,0.1194,-2.12527607802364
FRA,Electricity,2006,0.11925,-2.12653314921369
FRA,Electricity,2007,0.1222,-2.10209623224464
FRA,Electricity,2008,0.1208,-2.11361899348142
FRA,Electricity,2009,0.12065,-2.1148614869111
FRA,Electricity,2010,0.13165,-2.02760839303982
FRA,Electricity,2011,0.14025,-1.96432873457933
FRA,Electricity,2012,0.14465,-1.93343824755999
FRA,Electricity,2013,0.156,-1.8578992717326
FRA,Electricity,2014,0.16435,-1.80575697887191
FRA,Electricity,2015,0.1679,-1.78438671489864
FRA,Electricity,2016,0.1698,-1.77313400510489
FRA,Electricity,2017,0.173,-1.75446368448436
FRA,Electricity,2018,0.17735,-1.72963009776251
FRA,Electricity,2019,0.18455,-1.68983484950613
FRA,Electricity,2020,0.19255,-1.64739941872122
FRA,Electricity,2021,0.1984,-1.61747008413136
FRA,Electricity,2022,0.2148,-1.53804791634743
FRA,Electricity,2023,0.24455,-1.40833549199677
FRA,Electricity,2024,0.28865,-1.24254039747519
FRA,Electricity,2025,0.2616,-1.34093865939909
FRA,Natural gas,2004,15.31,2.72850620966959
FRA,Natural gas,2005,16.3,2.79116510781272
FRA,Natural gas,2006,18.425,2.9137084380754
FRA,Natural gas,2007,14.32,2.6616571615325
FRA,Natural gas,2008,15.2575,2.72507118543651
FRA,Natural gas,2009,15.745,2.75652285455299
FRA,Natural gas,2010,15.22,2.72261035243354
FRA,Natural gas,2011,17.03,2.8349764946746
FRA,Natural gas,2012,18.29,2.90635446240277
FRA,Natural gas,2013,19.535,2.97220772850703
FRA,Natural gas,2014,20.315,3.01135952943969
FRA,Natural gas,2015,19.905,2.99097095645228
FRA,Natural gas,2016,18.42,2.91343703082716
FRA,Natural gas,2017,18.5254,2.91914276339168
FRA,Natural gas,2018,19.8294,2.98716568488787
FRA,Natural gas,2019,21.90295,3.08662133094714
FRA,Natural gas,2020,20.4294,3.01697503982264
FRA,Natural gas,2021,20.53935,3.02234255843006
FRA,Natural gas,2022,25.94005,3.2557881064115
FRA,Natural gas,2023,30.9029,3.43085003063264
FRA,Natural gas,2024,35.1143,3.55860845491136
FRA,Natural gas,2025,37.9856,3.63720714053927
GBR,Electricity,1991,0.1019,-2.28376333875346
GBR,Electricity,1992,0.10545,-2.24951837205735
GBR,Electricity,1993,0.09695,-2.33355989729348
GBR,Electricity,1994,0.1012,-2.29065652212877
GBR,Electricity,1995,0.098,-2.32278780031157
GBR,Electricity,1996,0.0959,-2.34444929709274
GBR,Electricity,1997,0.10985,-2.20863948015152
GBR,Electricity,1998,0.10835,-2.22238855099977
GBR,Electricity,1999,0.10345,-2.26866687479059
GBR,Electricity,2000,0.109,-2.21640739675299
GBR,Electricity,2001,0.10725,-2.23259272117401
GBR,Electricity,2002,0.10535,-2.25046713873194
GBR,Electricity,2003,0.0974,-2.32892906833365
GBR,Electricity,2004,0.08805,-2.42985044403992
GBR,Electricity,2005,0.09015,-2.40628032933281
GBR,Electricity,2006,0.10895,-2.21686621759151
GBR,Electricity,2007,0.1481,-1.90986755770838
GBR,Electricity,2008,0.15305,-1.87699061359072
GBR,Electricity,2009,0.14365,-1.94037549355684
GBR,Electricity,2010,0.14175,-1.95369033637428
GBR,Electricity,2011,0.15085,-1.89146931337707
GBR,Electricity,2012,0.17335,-1.7524426068511
GBR,Electricity,2013,0.1769,-1.7321706778164
GBR,Electricity,2014,0.19655,-1.62683842711427
GBR,Electricity,2015,0.2154,-1.53525851425985
GBR,Electricity,2016,0.1891,-1.66547930331773
GBR,Electricity,2017,0.1811,-1.70870591409277
GBR,Electricity,2018,0.19555,-1.63193917778061
GBR,Electricity,2019,0.2166,-1.52970294441525
GBR,Electricity,2020,0.2203,-1.51276502517384
GBR,Natural gas,1991,9.3429,2.23461669655328
GBR,Natural gas,1992,9.14325,2.21301590213123
GBR,Natural gas,1993,8.1514,2.09818969164153
GBR,Natural gas,1994,8.5536,2.14635224696246
GBR,Natural gas,1995,8.59765,2.15148891010434
GBR,Natural gas,1996,8.37255,2.12495849760031
GBR,Natural gas,1997,9.8391,2.2863642434665
GBR,Natural gas,1998,9.7172,2.27389751112979
GBR,Natural gas,1999,9.23165,2.2226377974353
GBR,Natural gas,2000,9.99705,2.30229004947299
GBR,Natural gas,2001,9.92425,2.29498125696731
GBR,Natural gas,2002,10.10075,2.31260967851601
GBR,Natural gas,2003,9.58435,2.26013155990495
GBR,Natural gas,2004,8.8127,2.17619386291632
GBR,Natural gas,2005,8.20305,2.10450603633301
GBR,Natural gas,2006,10.0439,2.30696548505302
GBR,Natural gas,2007,9.9104,2.29358471079675
GBR,Natural gas,2008,12.1362,2.49619272180497
GBR,Natural gas,2009,11.8399,2.47147518347425
GBR,Natural gas,2010,11.49225,2.44167289514426
GBR,Natural gas,2011,13.16515,2.57757318673069
GBR,Natural gas,2012,15.2727,2.72606692088901
GBR,Natural gas,2013,15.53315,2.74297644981873
GBR,Natural gas,2014,17.2993,2.85066603825736
GBR,Natural gas,2015,18.1044,2.89615500265189
GBR,Natural gas,2016,14.6448,2.68408532364838
GBR,Natural gas,2017,13.177,2.57847288556312
GBR,Natural gas,2018,13.65655,2.61421926001796
GBR,Natural gas,2019,13.84815,2.62815164970433
GBR,Natural gas,2020,13.2185,2.58161736353816
GRC,Electricity,1991,0.0815,-2.50715225873532
GRC,Electricity,1992,0.08615,-2.4516653160082
GRC,Electricity,1993,0.0791,-2.53704240420853
GRC,Electricity,1994,0.07645,-2.57111834660707
GRC,Electricity,1995,0.07505,-2.58960072090267
GRC,Electricity,1996,0.0729,-2.61866663996752
GRC,Electricity,1997,0.0725,-2.62416871712151
GRC,Electricity,1998,0.07215,-2.62900799376226
GRC,Electricity,1999,0.06705,-2.70231666925445
GRC,Electricity,2000,0.06035,-2.8075943314386
GRC,Electricity,2001,0.06195,-2.78142767090699
GRC,Electricity,2002,0.063,-2.7646205525906
GRC,Electricity,2003,0.0654,-2.72723302051898
GRC,Electricity,2004,0.0671,-2.7015712350045
GRC,Electricity,2005,0.0691,-2.67220054820851
GRC,Electricity,2006,0.0701,-2.65783248494159
GRC,Electricity,2007,0.0984,-2.31871447492393
GRC,Electricity,2008,0.1073,-2.23212662934548
GRC,Electricity,2009,0.1093,-2.21365888379964
GRC,Electricity,2010,0.1196,-2.12360243746561
GRC,Electricity,2011,0.1244,-2.08425309867706
GRC,Electricity,2012,0.14045,-1.96290372543188
GRC,Electricity,2013,0.163,-1.81400507817538
GRC,Electricity,2014,0.1776,-1.72822144842407
GRC,Electricity,2015,0.1769,-1.7321706778164
GRC,Electricity,2016,0.17195,-1.76055154210386
GRC,Electricity,2017,0.16655,-1.79245971434245
GRC,Electricity,2018,0.1659,-1.79637008178574
GRC,Electricity,2019,0.1573,-1.8496004689179
GRC,Electricity,2020,0.16575,-1.79727464991617
GRC,Electricity,2021,0.1827,-1.69990981559818
GRC,Electricity,2022,0.22695,-1.48302555007966
GRC,Electricity,2023,0.2318,-1.46188034807649
GRC,Electricity,2024,0.22645,-1.48523110897991
GRC,Electricity,2025,0.2336,-1.45414502802807
GRC,Natural gas,2012,28.25,3.34109345759245
GRC,Natural gas,2013,23.05,3.13766576944266
GRC,Natural gas,2014,21.125,3.05045717324324
GRC,Natural gas,2015,19.875,2.9894626605404
GRC,Natural gas,2016,16.9,2.82731362192903
GRC,Natural gas,2017,15.55,2.74406063862524
GRC,Natural gas,2018,16.4848,2.80243874420867
GRC,Natural gas,2019,15.85095,2.76322943543566
GRC,Natural gas,2020,13.893,2.63138511616672
GRC,Natural gas,2021,20.32345,3.01177539176327
GRC,Natural gas,2022,33.6098,3.51481769110937
GRC,Natural gas,2023,29.34595,3.37915454697411
GRC,Natural gas,2024,23.4554,3.15510074556807
GRC,Natural gas,2025,24.8258,3.21188343499106
HRV,Electricity,2005,0.0862,-2.45108510131249
HRV,Electricity,2006,0.093,-2.37515578582888
HRV,Electricity,2007,0.0954,-2.3496767005279
HRV,Electricity,2008,0.1087,-2.21916348485497
HRV,Electricity,2009,0.11575,-2.15632258601579
HRV,Electricity,2010,0.1152,-2.16108553072035
HRV,Electricity,2011,0.11415,-2.17024190600633
HRV,Electricity,2012,0.1296,-2.04330249506396
HRV,Electricity,2013,0.1361,-1.99436536932472
HRV,Electricity,2014,0.1318,-2.02646965691373
HRV,Electricity,2015,0.13145,-2.02912872780625
HRV,Electricity,2016,0.1321,-2.02419606745386
HRV,Electricity,2017,0.1216,-2.10701830945007
HRV,Electricity,2018,0.1316,-2.02798826009092
HRV,Electricity,2019,0.13225,-2.02306120824373
HRV,Electricity,2020,0.1304,-2.03714862948958
HRV,Electricity,2021,0.1302,-2.03868354920767
HRV,Electricity,2022,0.14165,-1.95439605270561
HRV,Electricity,2023,0.148,-1.91054300521802
HRV,Electricity,2024,0.14775,-1.91223362269593
HRV,Electricity,2025,0.1638,-1.80910910756317
HRV,Natural gas,2005,8.1214,2.09450255310514
HRV,Natural gas,2006,8.24775,2.10994043587702
HRV,Natural gas,2007,7.90145,2.06704628693458
HRV,Natural gas,2008,7.64775,2.03441148693031
HRV,Natural gas,2009,8.9806,2.19506669522684
HRV,Natural gas,2010,10.58865,2.35978267273367
HRV,Natural gas,2011,10.37175,2.33908576403074
HRV,Natural gas,2012,11.87695,2.47459954696595
HRV,Natural gas,2013,12.95975,2.56184840061462
HRV,Natural gas,2014,13.0475,2.56859654453543
HRV,Natural gas,2015,12.9444,2.56066326218725
HRV,Natural gas,2016,11.0923,2.4062511739078
HRV,Natural gas,2017,10.06335,2.30890011122681
HRV,Natural gas,2018,10.0998,2.31251562167095
HRV,Natural gas,2019,10.84975,2.38414203824636
HRV,Natural gas,2020,10.641,2.36471446445959
HRV,Natural gas,2021,10.7221,2.37230703198002
HRV,Natural gas,2022,11.97945,2.48319268178366
HRV,Natural gas,2023,12.5035,2.52600860511557
HRV,Natural gas,2024,12.54165,2.52905510549639
HRV,Natural gas,2025,13.9417,2.63488434911644
HUN,Electricity,1992,0.03225,-3.43423723574036
HUN,Electricity,1993,0.03975,-3.2251454378818
HUN,Electricity,1994,0.035,-3.35240721749272
HUN,Electricity,1995,0.04625,-3.0736938150237
HUN,Electricity,1996,0.0405,-3.20645330486964
HUN,Electricity,1997,0.05765,-2.85336503226707
HUN,Electricity,1998,0.06005,-2.81257773045614
HUN,Electricity,1999,0.06645,-2.71130549382288
HUN,Electricity,2000,0.069,-2.67364877438488
HUN,Electricity,2001,0.0733,-2.61319467008953
HUN,Electricity,2002,0.08045,-2.52011940554375
HUN,Electricity,2003,0.08185,-2.50286697516499
HUN,Electricity,2004,0.1021,-2.28180255381152
HUN,Electricity,2005,0.11055,-2.20228737167868
HUN,Electricity,2006,0.1023,-2.27984560602456
HUN,Electricity,2007,0.1296,-2.04330249506396
HUN,Electricity,2008,0.15505,-1.86400763343568
HUN,Electricity,2009,0.15725,-1.84991838340159
HUN,Electricity,2010,0.16375,-1.80941440446678
HUN,Electricity,2011,0.16175,-1.82170334560113
HUN,Electricity,2012,0.15835,-1.84294750599749
HUN,Electricity,2013,0.13615,-1.99399805986237
HUN,Electricity,2014,0.1174,-2.14216837158814
HUN,Electricity,2015,0.1136,-2.17507177269509
HUN,Electricity,2016,0.11195,-2.18970293593737
HUN,Electricity,2017,0.11295,-2.18081003606812
HUN,Electricity,2018,0.11205,-2.1888100787352
HUN,Electricity,2019,0.11085,-2.19957734291982
HUN,Electricity,2020,0.102,-2.28278246569787
HUN,Electricity,2021,0.10065,-2.29610612689634
HUN,Electricity,2022,0.1016,-2.28671174383776
HUN,Electricity,2023,0.11445,-2.16761723258356
HUN,Electricity,2024,0.1063,-2.24148999363424
HUN,Electricity,2025,0.1061,-2.2433732333622
HUN,Natural gas,1992,2.14245,0.76195003399461
HUN,Natural gas,1993,2.37375,0.864470983144359
HUN,Natural gas,1994,2.21845,0.796808753832116
HUN,Natural gas,1995,2.6764,0.984472607926525
HUN,Natural gas,1996,2.66875,0.981610197994798
HUN,Natural gas,1997,3.49945,1.25260581328999
HUN,Natural gas,1998,3.62965,1.28913622489539
HUN,Natural gas,1999,3.5387,1.26375942806121
HUN,Natural gas,2000,3.8412,1.34578481778168
HUN,Natural gas,2001,4.32115,1.4635215705338
HUN,Natural gas,2002,4.76635,1.56158081282451
HUN,Natural gas,2003,4.9131,1.59190510714179
HUN,Natural gas,2004,5.3724,1.68127473605278
HUN,Natural gas,2005,5.7358,1.74672723518595
HUN,Natural gas,2006,5.48795,1.70255477959491
HUN,Natural gas,2007,10.6186,2.36260718038189
HUN,Natural gas,2008,12.0821,2.49172501845767
HUN,Natural gas,2009,13.3045,2.58810232386632
HUN,Natural gas,2010,15.1237,2.71626304980973
HUN,Natural gas,2011,15.69695,2.75346642596596
HUN,Natural gas,2012,13.89455,2.63149667691977
HUN,Natural gas,2013,11.839,2.4713991664295
HUN,Natural gas,2014,9.94205,2.29677323682902
HUN,Natural gas,2015,9.78985,2.28134613466814
HUN,Natural gas,2016,9.7773,2.28006337231176
HUN,Natural gas,2017,9.9558,2.29815529591466
HUN,Natural gas,2018,9.79515,2.28188736521493
HUN,Natural gas,2019,9.4453,2.24551726328652
HUN,Natural gas,2020,8.70875,2.16432826736219
HUN,Natural gas,2021,8.49375,2.13933059891732
HUN,Natural gas,2022,8.89115,2.18505639998983
HUN,Natural gas,2023,9.3244,2.23263462029623
HUN,Natural gas,2024,8.19585,2.10362792859864
HUN,Natural gas,2025,8.89605,2.18560735799603
IRL,Electricity,1991,0.08475,-2.46804953272158
IRL,Electricity,1992,0.08585,-2.45515369163865
IRL,Electricity,1993,0.08515,-2.46334087187344
IRL,Electricity,1994,0.08335,-2.48470666978533
IRL,Electricity,1995,0.08135,-2.50899444531709
IRL,Electricity,1996,0.08345,-2.48350762887429
IRL,Electricity,1997,0.0936,-2.36872489549859
IRL,Electricity,1998,0.08965,-2.411842078931
IRL,Electricity,1999,0.0894,-2.41463459680267
IRL,Electricity,2000,0.0894,-2.41463459680267
IRL,Electricity,2001,0.0894,-2.41463459680267
IRL,Electricity,2002,0.0994,-2.30860316531961
IRL,Electricity,2003,0.1179,-2.13791847143881
IRL,Electricity,2004,0.1256,-2.07465302494804
IRL,Electricity,2005,0.1436,-1.94072362236801
IRL,Electricity,2006,0.149,-1.90380897303668
IRL,Electricity,2007,0.1918,-1.6513021165328
IRL,Electricity,2008,0.1901,-1.66020502948775
IRL,Electricity,2009,0.19425,-1.63860928973438
IRL,Electricity,2010,0.18395,-1.69309129743135
IRL,Electricity,2011,0.19935,-1.61269320515477
IRL,Electricity,2012,0.2222,-1.50417740177661
IRL,Electricity,2013,0.235,-1.44816976483798
IRL,Electricity,2014,0.24715,-1.39775983922917
IRL,Electricity,2015,0.244,-1.41058705368894
IRL,Electricity,2016,0.2329,-1.45714610209184
IRL,Electricity,2017,0.233,-1.45671682541644
IRL,Electricity,2018,0.2454,-1.40486574670533
IRL,Electricity,2019,0.24845,-1.39251366093381
IRL,Electricity,2020,0.25125,-1.38130681960885
IRL,Electricity,2021,0.27645,-1.2857253061982
IRL,Electricity,2022,0.27745,-1.28211454221023
IRL,Electricity,2023,0.32645,-1.11947848134949
IRL,Electricity,2024,0.2818,-1.26655767951756
IRL,Electricity,2025,0.36365,-1.01156341238159
IRL,Natural gas,2004,17.8184,2.88023163125514
IRL,Natural gas,2005,19.76,2.98365969231972
IRL,Natural gas,2006,24.75,3.2088254890147
IRL,Natural gas,2007,16.85,2.82435065679837
IRL,Natural gas,2008,16.57,2.80759383143847
IRL,Natural gas,2009,16.59,2.80880010420235
IRL,Natural gas,2010,14.21,2.65394594210901
IRL,Natural gas,2011,15.66,2.75110969056266
IRL,Natural gas,2012,17.87,2.88312332917134
IRL,Natural gas,2013,19.11,2.95021175825218
IRL,Natural gas,2014,19.81,2.98618686071046
IRL,Natural gas,2015,19.405,2.96553076482087
IRL,Natural gas,2016,18.475,2.91641846683427
IRL,Natural gas,2017,17.7989,2.87913665763567
IRL,Natural gas,2018,19.3507,2.96272859453206
IRL,Natural gas,2019,20.09605,3.00052327834002
IRL,Natural gas,2020,19.03475,2.94626625604714
IRL,Natural gas,2021,19.48265,2.96952432592319
IRL,Natural gas,2022,33.2035,3.50265529205271
IRL,Natural gas,2023,43.0996,3.76351371632418
IRL,Natural gas,2024,36.35905,3.59344314135519
IRL,Natural gas,2025,34.65585,3.54546654255437
ITA,Electricity,1991,0.2111,-1.55542332412786
ITA,Electricity,1992,0.24025,-1.42607523113174
ITA,Electricity,1993,0.2091,-1.56494267254755
ITA,Electricity,1994,0.2082,-1.56925612280127
ITA,Electricity,1995,0.19325,-1.64377059151461
ITA,Electricity,1996,0.2074,-1.57310598318671
ITA,Electricity,1997,0.22195,-1.50530314770209
ITA,Electricity,1998,0.22335,-1.49901523118401
ITA,Electricity,1999,0.2101,-1.56017167113118
ITA,Electricity,2000,0.20475,-1.58596555624896
ITA,Electricity,2001,0.19905,-1.61419922953581
ITA,Electricity,2002,0.19275,-1.6463612665387
ITA,Electricity,2003,0.1981,-1.61898332527763
ITA,Electricity,2004,0.19385,-1.6406706148652
ITA,Electricity,2005,0.199,-1.61445045425764
ITA,Electricity,2006,0.2108,-1.55684546231493
ITA,Electricity,2008,0.2129,-1.5469327070827
ITA,Electricity,2009,0.20475,-1.58596555624896
ITA,Electricity,2010,0.19425,-1.63860928973438
ITA,Electricity,2011,0.2026,-1.59652168716755
ITA,Electricity,2012,0.22145,-1.50755844861293
ITA,Electricity,2013,0.23075,-1.46642040559918
ITA,Electricity,2014,0.2392,-1.43045525690566
ITA,Electricity,2015,0.2439,-1.41099697376026
ITA,Electricity,2016,0.23015,-1.46902400871889
ITA,Electricity,2017,0.2106,-1.55779467928226
ITA,Electricity,2018,0.2114,-1.554003205546
ITA,Electricity,2019,0.2321,-1.46058696570175
ITA,Electricity,2020,0.21895,-1.51891188573473
ITA,Electricity,2021,0.23095,-1.46555404210552
ITA,Electricity,2022,0.3378,-1.08530127460844
ITA,Electricity,2023,0.35645,-1.0315613014185
ITA,Electricity,2024,0.31925,-1.14178078406949
ITA,Electricity,2025,0.31285,-1.16203143653776
ITA,Natural gas,2004,15.892,2.76581583795235
ITA,Natural gas,2005,16.3785,2.79596949914009
ITA,Natural gas,2006,18.72,2.92959247104945
ITA,Natural gas,2007,17.6665,2.87167019087725
ITA,Natural gas,2008,18.729,2.93007312474772
ITA,Natural gas,2009,17.941,2.88708859643725
ITA,Natural gas,2010,19.504,2.97061957273892
ITA,Natural gas,2011,21.795,3.08168058569036
ITA,Natural gas,2012,24.125,3.18324864722505
ITA,Natural gas,2013,24.73,3.20801708153333
ITA,Natural gas,2014,24.275,3.18944701417739
ITA,Natural gas,2015,23.2,3.14415227867226
ITA,Natural gas,2016,21.805,3.08213930129473
ITA,Natural gas,2017,21.9176,3.08728996703436
ITA,Natural gas,2018,23.13605,3.14139200710818
ITA,Natural gas,2019,23.66135,3.16384291524877
ITA,Natural gas,2020,22.5726,3.11673678135914
ITA,Natural gas,2021,23.72065,3.16634597678948
ITA,Natural gas,2022,31.8892,3.46226739447337
ITA,Natural gas,2023,32.32935,3.47597548636975
ITA,Natural gas,2024,37.87015,3.63416320282479
ITA,Natural gas,2025,37.7904,3.63205510211618
LTU,Electricity,2004,0.0632,-2.76145097782933
LTU,Electricity,2005,0.0718,-2.63387080292796
LTU,Electricity,2006,0.0718,-2.63387080292796
LTU,Electricity,2007,0.087,-2.44184716032755
LTU,Electricity,2008,0.08625,-2.45050522307067
LTU,Electricity,2009,0.09385,-2.36605751594962
LTU,Electricity,2010,0.1186,-2.13199879241851
LTU,Electricity,2011,0.12175,-2.10578551701944
LTU,Electricity,2012,0.1264,-2.06830379726938
LTU,Electricity,2013,0.13805,-1.98013934060597
LTU,Electricity,2014,0.13245,-2.02155006326406
LTU,Electricity,2015,0.12495,-2.07984162170118
LTU,Electricity,2016,0.1201,-2.1194305498962
LTU,Electricity,2017,0.11115,-2.19687463857193
LTU,Electricity,2018,0.1097,-2.21000591170095
LTU,Electricity,2019,0.12545,-2.07584800616971
LTU,Electricity,2020,0.13735,-1.98522286644085
LTU,Electricity,2021,0.14125,-1.95722390895559
LTU,Electricity,2022,0.1963,-1.62811117769972
LTU,Electricity,2023,0.25215,-1.3777311304594
LTU,Electricity,2024,0.22295,-1.50080774790865
LTU,Electricity,2025,0.2032,-1.59356456327781
LTU,Natural gas,2004,7.91495,2.06875337619363
LTU,Natural gas,2005,7.47655,2.01177145564061
LTU,Natural gas,2006,8.6581,2.15849529896464
LTU,Natural gas,2007,6.5189,1.87470565004871
LTU,Natural gas,2008,9.8864,2.29116007532458
LTU,Natural gas,2009,11.54185,2.44597956018977
LTU,Natural gas,2010,11.5086,2.44309458197356
LTU,Natural gas,2011,13.53105,2.60498704449307
LTU,Natural gas,2012,15.5685,2.74524964209132
LTU,Natural gas,2013,16.8964,2.82710058148605
LTU,Natural gas,2014,14.70255,2.68802094812837
LTU,Natural gas,2015,11.935,2.47947525979079
LTU,Natural gas,2016,11.115,2.40829554741616
LTU,Natural gas,2017,10.55965,2.35704013378945
LTU,Natural gas,2018,11.16745,2.4130032969563
LTU,Natural gas,2019,11.8897,2.47567247909758
LTU,Natural gas,2020,9.12205,2.2106945595286
LTU,Natural gas,2021,9.56045,2.25763479708521
LTU,Natural gas,2022,26.0429,3.25974517826701
LTU,Natural gas,2023,45.86355,3.82567068394099
LTU,Natural gas,2024,18.54,2.91993056013771
LTU,Natural gas,2025,18.7707,2.93229714345657
LUX,Electricity,1985,0.095,-2.3538783873816
LUX,Electricity,1986,0.0914,-2.39250980052203
LUX,Electricity,1987,0.0959,-2.34444929709274
LUX,Electricity,1988,0.0966,-2.33717653776366
LUX,Electricity,1989,0.0971,-2.33201390368486
LUX,Electricity,1990,0.1015,-2.2876964805003
LUX,Electricity,1991,0.0992,-2.31061726469131
LUX,Electricity,1992,0.10105,-2.29213983513251
LUX,Electricity,1993,0.10765,-2.22887005517177
LUX,Electricity,1994,0.11025,-2.20500476465518
LUX,Electricity,1995,0.1144,-2.16805420003644
LUX,Electricity,1996,0.1153,-2.16021785170712
LUX,Electricity,1997,0.11265,-2.18346961210388
LUX,Electricity,1998,0.11245,-2.18524660057681
LUX,Electricity,1999,0.11385,-2.17287348647239
LUX,Electricity,2000,0.1115,-2.19373068808196
LUX,Electricity,2001,0.12505,-2.07904162165851
LUX,Electricity,2002,0.1293,-2.04561999320433
LUX,Electricity,2003,0.1335,-2.01365380114183
LUX,Electricity,2004,0.1366,-1.99069833184545
LUX,Electricity,2005,0.149,-1.90380897303668
LUX,Electricity,2006,0.1603,-1.83070821936663
LUX,Electricity,2007,0.16645,-1.7930603149611
LUX,Electricity,2008,0.1627,-1.81584726475714
LUX,Electricity,2009,0.1882,-1.67025005183086
LUX,Electricity,2010,0.17365,-1.75071349979205
LUX,Electricity,2011,0.167,-1.78976146656538
LUX,Electricity,2012,0.1701,-1.77136877958032
LUX,Electricity,2013,0.16555,-1.79848201498888
LUX,Electricity,2014,0.1738,-1.74985006615085
LUX,Electricity,2015,0.1767,-1.73330189965649
LUX,Electricity,2016,0.1698,-1.77313400510489
LUX,Electricity,2017,0.16165,-1.82232177481069
LUX,Electricity,2018,0.1681,-1.78319623856757
LUX,Electricity,2019,0.17985,-1.7156321088405
LUX,Electricity,2020,0.19855,-1.61671432140488
LUX,Electricity,2021,0.19885,-1.61520450732844
LUX,Electricity,2022,0.20295,-1.59479563569723
LUX,Electricity,2023,0.20115,-1.60370438058634
LUX,Electricity,2024,0.20265,-1.59627492590782
LUX,Electricity,2025,0.2665,-1.32238103537624
LUX,Natural gas,2005,13.66595,2.61490733763683
LUX,Natural gas,2006,15.76065,2.75751632723406
LUX,Natural gas,2007,10.12,2.31451366385932
LUX,Natural gas,2008,14.88,2.70001802940495
LUX,Natural gas,2009,13.25,2.58399755243223
LUX,Natural gas,2010,12.6,2.53369681395743
LUX,Natural gas,2011,15.14,2.7173402480093
LUX,Natural gas,2012,16.275,2.78963018809463
LUX,Natural gas,2013,16.525,2.80487438573775
LUX,Natural gas,2014,14.525,2.67587130273798
LUX,Natural gas,2015,13.585,2.60896624287831
LUX,Natural gas,2016,12.12,2.49485698064117
LUX,Natural gas,2017,11.3312,2.42755998293545
LUX,Natural gas,2018,11.65905,2.45608270247442
LUX,Natural gas,2019,11.96405,2.48190631996325
LUX,Natural gas,2020,10.80635,2.38013392431064
LUX,Natural gas,2021,14.96495,2.70571080016978
LUX,Natural gas,2022,24.25785,3.18874027634049
LUX,Natural gas,2023,23.96055,3.17640872790866
LUX,Natural gas,2024,22.43165,3.11047290802004
LUX,Natural gas,2025,25.283,3.2301322331239
LVA,Electricity,2004,0.06285,-2.76700434394588
LVA,Electricity,2005,0.08285,-2.49072353510957
LVA,Electricity,2006,0.07595,-2.57768004994036
LVA,Electricity,2007,0.0729,-2.61866663996752
LVA,Electricity,2008,0.09225,-2.3832529960615
LVA,Electricity,2009,0.1053,-2.25094185984221
LVA,Electricity,2010,0.10485,-2.25522452163421
LVA,Electricity,2011,0.1255,-2.0754495204103
LVA,Electricity,2012,0.13755,-1.98376779161155
LVA,Electricity,2013,0.1368,-1.98923527379369
LVA,Electricity,2014,0.1333,-2.01515305179747
LVA,Electricity,2015,0.16425,-1.80636562161742
LVA,Electricity,2016,0.1626,-1.81646208186843
LVA,Electricity,2017,0.1584,-1.84263179960181
LVA,Electricity,2018,0.1521,-1.88321707971689
LVA,Electricity,2019,0.16345,-1.81124814581192
LVA,Electricity,2020,0.1426,-1.94771177100194
LVA,Electricity,2021,0.16445,-1.80514870634707
LVA,Electricity,2022,0.23755,-1.43737715134921
LVA,Electricity,2023,0.2914,-1.23305838522103
LVA,Electricity,2024,0.2477,-1.39553694248682
LVA,Electricity,2025,0.2446,-1.40813105572907
LVA,Natural gas,2004,6.4288,1.86078789563848
LVA,Natural gas,2005,5.5731,1.71795145208333
LVA,Natural gas,2006,6.6523,1.89496265953202
LVA,Natural gas,2007,8.6472,2.15723556911986
LVA,Natural gas,2008,11.2924,2.42412993307239
LVA,Natural gas,2009,12.5316,2.52825345429137
LVA,Natural gas,2010,10.003,2.30288504800304
LVA,Natural gas,2011,11.71745,2.46107918368379
LVA,Natural gas,2012,14.9013,2.70144845746765
LVA,Natural gas,2013,14.0225,2.64066318240036
LVA,Natural gas,2014,13.505,2.60305998724458
LVA,Natural gas,2015,13.62,2.61153930072137
LVA,Natural gas,2016,11.535,2.44538589162572
LVA,Natural gas,2017,10.69835,2.37008952396948
LVA,Natural gas,2018,11.60015,2.4510180290632
LVA,Natural gas,2019,11.06225,2.40353841120863
LVA,Natural gas,2020,8.25925,2.11133378437893
LVA,Natural gas,2021,10.13715,2.31620689356809
LVA,Natural gas,2022,21.844,3.08392628428991
LVA,Natural gas,2023,27.85435,3.32698914807217
LVA,Natural gas,2024,25.0344,3.22025087904773
LVA,Natural gas,2025,22.64995,3.12015764442109
MLT,Electricity,1991,0.0548,-2.90406508502817
MLT,Electricity,1992,0.0537,-2.92434227746732
MLT,Electricity,1993,0.049,-3.01593498087151
MLT,Electricity,1994,0.04915,-3.01287843238896
MLT,Electricity,1995,0.0478,-3.04072963948473
MLT,Electricity,1996,0.04775,-3.0417762120554
MLT,Electricity,1997,0.0499,-2.99773427622466
MLT,Electricity,1998,0.0586,-2.83702058239917
MLT,Electricity,1999,0.0586,-2.83702058239917
MLT,Electricity,2000,0.06145,-2.78953144297009
MLT,Electricity,2001,0.0627,-2.76939383134326
MLT,Electricity,2002,0.06605,-2.7173432480138
MLT,Electricity,2003,0.06785,-2.69045589270126
MLT,Electricity,2004,0.0671,-2.7015712350045
MLT,Electricity,2005,0.07665,-2.56850567366431
MLT,Electricity,2006,0.09915,-2.31112142401633
MLT,Electricity,2007,0.0918,-2.38814298135569
MLT,Electricity,2008,0.12645,-2.06790830586616
MLT,Electricity,2009,0.16105,-1.82604040320493
MLT,Electricity,2010,0.165,-1.80180980508156
MLT,Electricity,2011,0.16585,-1.79667151358908
MLT,Electricity,2012,0.16755,-1.78647346479882
MLT,Electricity,2013,0.16765,-1.7858768060699
MLT,Electricity,2014,0.1361,-1.99436536932472
MLT,Electricity,2015,0.1263,-2.06909524962569
MLT,Electricity,2016,0.12655,-2.067117791991
MLT,Electricity,2017,0.1313,-2.03027049767339
MLT,Electricity,2018,0.1296,-2.04330249506396
MLT,Electricity,2019,0.1297,-2.04253118765974
MLT,Electricity,2020,0.12925,-2.0460067655936
MLT,Electricity,2021,0.13015,-2.03906764754156
MLT,Electricity,2022,0.1291,-2.04716798112954
MLT,Electricity,2023,0.127,-2.06356819252355
MLT,Electricity,2024,0.12875,-2.04988273943829
MLT,Electricity,2025,0.12715,-2.06238778711401
NLD,Electricity,1991,0.09315,-2.37354418193454
NLD,Electricity,1992,0.09135,-2.39305699615812
NLD,Electricity,1993,0.0954,-2.3496767005279
NLD,Electricity,1994,0.09705,-2.33252896936712
NLD,Electricity,1995,0.10255,-2.27740479446375
NLD,Electricity,1996,0.10105,-2.29213983513251
NLD,Electricity,1997,0.1145,-2.16718045598784
NLD,Electricity,1998,0.1142,-2.16980398176023
NLD,Electricity,1999,0.12025,-2.11818236999627
NLD,Electricity,2000,0.152,-1.88387475813586
NLD,Electricity,2001,0.1649,-1.80241604941658
NLD,Electricity,2002,0.16955,-1.77460741041049
NLD,Electricity,2003,0.17695,-1.73188807219066
NLD,Electricity,2004,0.1832,-1.69717682674211
NLD,Electricity,2005,0.19575,-1.63091694411122
NLD,Electricity,2006,0.21085,-1.55660829878957
NLD,Electricity,2007,0.175,-1.74296930505862
NLD,Electricity,2008,0.17835,-1.72400736717724
NLD,Electricity,2009,0.19425,-1.63860928973438
NLD,Electricity,2010,0.1778,-1.72709595590233
NLD,Electricity,2011,0.18015,-1.71396544178803
NLD,Electricity,2012,0.1857,-1.68362281062348
NLD,Electricity,2013,0.19015,-1.65994204460787
NLD,Electricity,2014,0.1821,-1.70319929224857
NLD,Electricity,2015,0.1916,-1.65234541344538
NLD,Electricity,2016,0.1606,-1.82883847746948
NLD,Electricity,2017,0.1595,-1.83571135675724
NLD,Electricity,2018,0.18,-1.71479842809193
NLD,Electricity,2019,0.2065,-1.57745486658105
NLD,Electricity,2020,0.13965,-1.96861598659095
NLD,Electricity,2021,0.1365,-1.99143066435712
NLD,Electricity,2022,0.08785,-2.43212446434903
NLD,Electricity,2023,0.3031,-1.19369249491838
NLD,Electricity,2024,0.23345,-1.45478735756519
NLD,Electricity,2025,0.24755,-1.3961426971747
NLD,Natural gas,2004,12.55675,2.53025836959465
NLD,Natural gas,2005,17.33,2.85243910372751
NLD,Natural gas,2006,19.305,2.9603641297162
NLD,Natural gas,2007,19.865,2.98895938926656
NLD,Natural gas,2008,20.205,3.00593009853044
NLD,Natural gas,2009,20.61,3.02577639490237
NLD,Natural gas,2010,19.44,2.96733279903229
NLD,Natural gas,2011,20.495,3.0201809539563
NLD,Natural gas,2012,22.01,3.09149689553837
NLD,Natural gas,2013,22.965,3.13397131777776
NLD,Natural gas,2014,22.35,3.10682632105958
NLD,Natural gas,2015,21.65,3.0750054544485
NLD,Natural gas,2016,22.05,3.09331260189285
NLD,Natural gas,2017,23.6565,3.16363791861359
NLD,Natural gas,2018,25.3341,3.2321513143182
NLD,Natural gas,2019,27.7936,3.32480577836552
NLD,Natural gas,2020,29.491,3.38408513205219
NLD,Natural gas,2021,30.17325,3.40695577027282
NLD,Natural gas,2022,44.58035,3.79729317898119
NLD,Natural gas,2023,48.62845,3.88420875057851
NLD,Natural gas,2024,46.4636,3.83866921034985
NLD,Natural gas,2025,46.32295,3.83563751862884
NOR,Electricity,1995,0.08865,-2.42305924646192
NOR,Electricity,1996,0.09,-2.40794560865187
NOR,Electricity,1997,0.1008,-2.29461692334487
NOR,Electricity,1998,0.1104,-2.20364514513914
NOR,Electricity,1999,0.09825,-2.32024002823277
NOR,Electricity,2000,0.0977,-2.3258537199334
NOR,Electricity,2001,0.1206,-2.11527599468905
NOR,Electricity,2002,0.1276,-2.05885490807145
NOR,Electricity,2003,0.17195,-1.76055154210386
NOR,Electricity,2004,0.1384,-1.97760723579857
NOR,Electricity,2005,0.1602,-1.83133224434788
NOR,Electricity,2006,0.1588,-1.8401097301691
NOR,Electricity,2007,0.1498,-1.89845420789902
NOR,Electricity,2008,0.16695,-1.79006091259247
NOR,Electricity,2009,0.1564,-1.85533845087093
NOR,Electricity,2010,0.1967,-1.62607555358712
NOR,Electricity,2011,0.20015,-1.60868819354355
NOR,Electricity,2012,0.1828,-1.69936261996209
NOR,Electricity,2013,0.18435,-1.69091915430198
NOR,Electricity,2014,0.1657,-1.79757635454962
NOR,Electricity,2015,0.1524,-1.88124663572959
NOR,Electricity,2016,0.1573,-1.8496004689179
NOR,Electricity,2017,0.16235,-1.81800078043328
NOR,Electricity,2018,0.1829,-1.69881572358532
NOR,Electricity,2019,0.18055,-1.71174753125867
NOR,Electricity,2020,0.13385,-2.01103550901578
NOR,Electricity,2021,0.2016,-1.60146974278492
NOR,Electricity,2022,0.2148,-1.53804791634743
NOR,Electricity,2023,0.18925,-1.66468638666458
NOR,Electricity,2024,0.19475,-1.63603859423128
NOR,Electricity,2025,0.1954,-1.63270653937345
POL,Electricity,2000,0.081,-2.5133061243097
POL,Electricity,2001,0.08905,-2.41855726924647
POL,Electricity,2002,0.10015,-2.30108621687031
POL,Electricity,2003,0.09825,-2.32024002823277
POL,Electricity,2004,0.0929,-2.37623163316234
POL,Electricity,2005,0.10615,-2.24290209083287
POL,Electricity,2006,0.11635,-2.15115238923384
POL,Electricity,2007,0.138,-1.98050159382493
POL,Electricity,2008,0.1277,-2.05807151594364
POL,Electricity,2009,0.1211,-2.11113862842309
POL,Electricity,2010,0.13615,-1.99399805986237
POL,Electricity,2011,0.1411,-1.95828642012337
POL,Electricity,2012,0.14735,-1.91494456979843
POL,Electricity,2013,0.14585,-1.92517658266841
POL,Electricity,2014,0.14145,-1.95580898123456
POL,Electricity,2015,0.1431,-1.94421159241973
POL,Electricity,2016,0.1342,-2.00842405444456
POL,Electricity,2017,0.14485,-1.93205655476678
POL,Electricity,2018,0.1403,-1.96397229187372
POL,Electricity,2019,0.13595,-1.99546810790366
POL,Electricity,2020,0.14925,-1.90213252670943
POL,Electricity,2021,0.1561,-1.85725845146075
POL,Electricity,2022,0.1534,-1.87470639004898
POL,Electricity,2023,0.19655,-1.62683842711427
POL,Electricity,2024,0.22835,-1.47687573935113
POL,Electricity,2025,0.2634,-1.33408148967296
POL,Natural gas,2000,6.5066,1.87281704636271
POL,Natural gas,2001,7.7004,2.04127227556233
POL,Natural gas,2002,8.4229,2.13095418700821
POL,Natural gas,2003,8.2547,2.11078273510057
POL,Natural gas,2004,7.6413,2.03356774577142
POL,Natural gas,2005,9.0323,2.20080704153047
POL,Natural gas,2006,11.26195,2.42142978711382
POL,Natural gas,2007,11.146,2.41108068914734
POL,Natural gas,2008,12.93005,2.55955405975231
POL,Natural gas,2009,11.79055,2.46729836316435
POL,Natural gas,2010,12.92375,2.55906670391877
POL,Natural gas,2011,13.38535,2.59416082530433
POL,Natural gas,2012,14.508,2.67470022142066
POL,Natural gas,2013,13.59605,2.60977930937933
POL,Natural gas,2014,13.7431,2.62053687997788
POL,Natural gas,2015,13.87535,2.63011388453957
POL,Natural gas,2016,11.57215,2.44860134935273
POL,Natural gas,2017,11.9216,2.47835188081733
POL,Natural gas,2018,12.12865,2.49557042245066
POL,Natural gas,2019,13.01845,2.56636758207465
POL,Natural gas,2020,11.72575,2.46178727817147
POL,Natural gas,2021,11.78935,2.46719658156214
POL,Natural gas,2022,15.3074,2.72833637160325
POL,Natural gas,2023,19.62155,2.97662845203617
PRT,Electricity,1991,0.12005,-2.11984695631487
PRT,Electricity,1992,0.133,-2.01740615076038
PRT,Electricity,1993,0.13745,-1.98449506437088
PRT,Electricity,1994,0.1318,-2.02646965691373
PRT,Electricity,1995,0.13215,-2.02381763793184
PRT,Electricity,1996,0.13215,-2.02381763793184
PRT,Electricity,1997,0.13265,-2.02004119839839
PRT,Electricity,1998,0.1316,-2.02798826009092
PRT,Electricity,1999,0.1263,-2.06909524962569
PRT,Electricity,2000,0.1256,-2.07465302494804
PRT,Electricity,2001,0.1262,-2.06988732887502
PRT,Electricity,2002,0.1286,-2.05104846717862
PRT,Electricity,2003,0.1322,-2.02343935156455
PRT,Electricity,2004,0.135,-2.00248050054371
PRT,Electricity,2005,0.13805,-1.98013934060597
PRT,Electricity,2006,0.141,-1.95899538860397
PRT,Electricity,2007,0.1562,-1.85661804157655
PRT,Electricity,2008,0.15035,-1.8947893695476
PRT,Electricity,2009,0.1551,-1.86368520879964
PRT,Electricity,2010,0.1625,-1.81707727721235
PRT,Electricity,2011,0.17675,-1.73301897420546
PRT,Electricity,2012,0.2028,-1.59553500726511
PRT,Electricity,2013,0.2106,-1.55779467928226
PRT,Electricity,2014,0.2203,-1.51276502517384
PRT,Electricity,2015,0.2282,-1.47753284155416
PRT,Electricity,2016,0.2324,-1.45929525400438
PRT,Electricity,2017,0.2257,-1.48854859515865
PRT,Electricity,2018,0.22695,-1.48302555007966
PRT,Electricity,2019,0.21655,-1.5299338113215
PRT,Electricity,2020,0.21265,-1.54810765728249
PRT,Electricity,2021,0.21295,-1.54669788261291
PRT,Electricity,2022,0.22105,-1.50936635870988
PRT,Electricity,2023,0.2185,-1.52096926444649
PRT,Electricity,2024,0.2526,-1.37594806906575
PRT,Electricity,2025,0.2412,-1.42212881412911
PRT,Natural gas,2002,16.22,2.78624504868727
PRT,Natural gas,2003,16.845,2.82405387685852
PRT,Natural gas,2004,17.21,2.84549061022345
PRT,Natural gas,2005,18.167,2.89960676145661
PRT,Natural gas,2006,19.39,2.96475746925456
PRT,Natural gas,2007,18.1295,2.89754044578746
PRT,Natural gas,2008,17.4215,2.85770507563921
PRT,Natural gas,2009,16.6486,2.8123261288071
PRT,Natural gas,2010,16.9925,2.83277207023866
PRT,Natural gas,2011,18.73,2.930126516456
PRT,Natural gas,2012,22.105,3.09580382727821
PRT,Natural gas,2013,24.58,3.20193310413789
PRT,Natural gas,2014,27.415,3.31109030885601
PRT,Natural gas,2015,27.195,3.30303313287492
PRT,Natural gas,2016,23.99,3.1776370768516
PRT,Natural gas,2017,21.82775,3.083182096079
PRT,Natural gas,2018,21.42055,3.0643507416274
PRT,Natural gas,2019,21.34175,3.06066524813457
PRT,Natural gas,2020,21.77425,3.08072807897662
PRT,Natural gas,2021,21.31525,3.05942277897785
PRT,Natural gas,2022,29.3568,3.37952420598066
PRT,Natural gas,2023,38.61615,3.6536705827509
PRT,Natural gas,2024,35.5307,3.57039711149943
PRT,Natural gas,2025,37.08105,3.61310605744884
ROU,Electricity,2005,0.0863,-2.44992568089276
ROU,Electricity,2006,0.09525,-2.35125026497533
ROU,Electricity,2007,0.1141,-2.17068002211411
ROU,Electricity,2008,0.1082,-2.22377391256976
ROU,Electricity,2009,0.09775,-2.32534208011666
ROU,Electricity,2010,0.10415,-2.26192311127516
ROU,Electricity,2011,0.10835,-2.22238855099977
ROU,Electricity,2012,0.10625,-2.24196047117761
ROU,Electricity,2013,0.1301,-2.03945189346368
ROU,Electricity,2014,0.1269,-2.0643559042618
ROU,Electricity,2015,0.1311,-2.03179488821248
ROU,Electricity,2016,0.12465,-2.08224546901257
ROU,Electricity,2017,0.12435,-2.08465510873272
ROU,Electricity,2018,0.1325,-2.02117263355586
ROU,Electricity,2019,0.13895,-1.97364112279362
ROU,Electricity,2020,0.1454,-1.92826671388272
ROU,Electricity,2021,0.1569,-1.85214661924315
ROU,Electricity,2022,0.28865,-1.24254039747519
ROU,Electricity,2023,0.1901,-1.66020502948775
ROU,Electricity,2024,0.1873,-1.67504366953209
ROU,Electricity,2025,0.24055,-1.42482731083667
ROU,Natural gas,2005,5.7996,1.7577889496569
ROU,Natural gas,2006,7.94955,2.0731153232906
ROU,Natural gas,2007,9.5053,2.25184953777793
ROU,Natural gas,2008,9.2699,2.22677259203306
ROU,Natural gas,2009,7.78395,2.05206392143039
ROU,Natural gas,2010,7.68345,2.03906866504105
ROU,Natural gas,2011,7.7884,2.05263544725933
ROU,Natural gas,2012,7.56225,2.0231687649593
ROU,Natural gas,2013,8.21365,2.10579740444878
ROU,Natural gas,2014,8.71565,2.16512026024122
ROU,Natural gas,2015,9.0509,2.20286420028107
ROU,Natural gas,2016,9.1033,2.20863698514841
ROU,Natural gas,2017,8.4817,2.13791090141016
ROU,Natural gas,2018,9.36775,2.23727293934667
ROU,Natural gas,2019,9.43415,2.24433608467207
ROU,Natural gas,2020,8.94785,2.1914132799648
ROU,Natural gas,2021,10.99475,2.39741788614022
ROU,Natural gas,2022,26.05365,3.26015787354731
ROU,Natural gas,2023,15.37325,2.73262898607625
ROU,Natural gas,2024,15.5786,2.74589817761173
ROU,Natural gas,2025,15.62815,2.74907377530392
SVK,Electricity,2004,0.12305,-2.09516450214507
SVK,Electricity,2005,0.1334,-2.01440314550061
SVK,Electricity,2006,0.1434,-1.94211735081662
SVK,Electricity,2007,0.137,-1.98777435315401
SVK,Electricity,2008,0.14735,-1.91494456979843
SVK,Electricity,2009,0.155,-1.86433016206289
SVK,Electricity,2010,0.15785,-1.84611006397814
SVK,Electricity,2011,0.1696,-1.77431255562433
SVK,Electricity,2012,0.1719,-1.76084236659333
SVK,Electricity,2013,0.1688,-1.77904069682028
SVK,Electricity,2014,0.1515,-1.88716965403271
SVK,Electricity,2015,0.15115,-1.88948255775667
SVK,Electricity,2016,0.148,-1.91054300521802
SVK,Electricity,2017,0.14385,-1.93898418898458
SVK,Electricity,2018,0.1514,-1.88782993797879
SVK,Electricity,2019,0.1581,-1.84452753476671
SVK,Electricity,2020,0.1705,-1.76901998225857
SVK,Electricity,2021,0.1646,-1.80423699073917
SVK,Electricity,2022,0.184,-1.69281952137315
SVK,Electricity,2023,0.19175,-1.65156283873477
SVK,Electricity,2024,0.1788,-1.72148741624272
SVK,Electricity,2025,0.187,-1.67664666212755
SVK,Natural gas,2004,8.9554,2.19225670229846
SVK,Natural gas,2005,11.408,2.43431486367194
SVK,Natural gas,2006,10.5271,2.35395288460661
SVK,Natural gas,2007,11.5132,2.44349420320745
SVK,Natural gas,2008,12.40305,2.51794241010782
SVK,Natural gas,2009,13.0205,2.56652503850083
SVK,Natural gas,2010,12.2505,2.5055667524843
SVK,Natural gas,2011,13.57,2.60786147384678
SVK,Natural gas,2012,14.305,2.66060912650207
SVK,Natural gas,2013,14.12,2.6475922320651
SVK,Natural gas,2014,14.26,2.65745841498615
SVK,Natural gas,2015,13.76,2.6217658325052
SVK,Natural gas,2016,12.575,2.5317107159858
SVK,Natural gas,2017,12.0291,2.48732871422038
SVK,Natural gas,2018,12.312,2.51057439653658
SVK,Natural gas,2019,12.911,2.55807966119258
SVK,Natural gas,2020,13.015,2.56610253844653
SVK,Natural gas,2021,11.581,2.44936582420224
SVK,Natural gas,2022,13.7025,2.61757829793813
SVK,Natural gas,2023,16.406,2.79764712158056
SVK,Natural gas,2024,16.4595,2.80090281811683
SVK,Natural gas,2025,16.588,2.80867954238414
SVN,Electricity,1992,0.06255,-2.77178904206922
SVN,Electricity,1993,0.06255,-2.77178904206922
SVN,Electricity,1994,0.06695,-2.70380920684496
SVN,Electricity,1995,0.0803,-2.52198565802942
SVN,Electricity,1996,0.07875,-2.54147700127639
SVN,Electricity,1997,0.0861,-2.45224586754845
SVN,Electricity,1998,0.09555,-2.34810560829586
SVN,Electricity,1999,0.1004,-2.29859307172451
SVN,Electricity,2000,0.0988,-2.31465767422832
SVN,Electricity,2001,0.0986,-2.31668401737355
SVN,Electricity,2002,0.10135,-2.28917540608413
SVN,Electricity,2003,0.1011,-2.29164515295571
SVN,Electricity,2004,0.10215,-2.28131295771851
SVN,Electricity,2005,0.1041,-2.26240330336121
SVN,Electricity,2006,0.10485,-2.25522452163421
SVN,Electricity,2007,0.1116,-2.19283422903493
SVN,Electricity,2008,0.11515,-2.16151965271544
SVN,Electricity,2009,0.13435,-2.00730694392064
SVN,Electricity,2010,0.14135,-1.95651619484254
SVN,Electricity,2011,0.14665,-1.91970648355868
SVN,Electricity,2012,0.1542,-1.86950481785291
SVN,Electricity,2013,0.16335,-1.81186014093506
SVN,Electricity,2014,0.1631,-1.81339176935517
SVN,Electricity,2015,0.161,-1.82635091399767
SVN,Electricity,2016,0.16235,-1.81800078043328
SVN,Electricity,2017,0.1611,-1.82572998879921
SVN,Electricity,2018,0.16255,-1.81676963223222
SVN,Electricity,2019,0.165,-1.80180980508156
SVN,Electricity,2020,0.1571,-1.85087273372056
SVN,Electricity,2021,0.16865,-1.77992971747448
SVN,Electricity,2022,0.1673,-1.78796667098936
SVN,Electricity,2023,0.2015,-1.6019658975954
SVN,Electricity,2024,0.2045,-1.58718730349928
SVN,Electricity,2025,0.19655,-1.62683842711427
SVN,Natural gas,1995,14.22595,2.65506776161374
SVN,Natural gas,1996,13.1423,2.57583603579084
SVN,Natural gas,1997,12.7805,2.54792057181475
SVN,Natural gas,1998,14.40065,2.66727334445211
SVN,Natural gas,1999,13.2188,2.58164005874531
SVN,Natural gas,2000,16.30635,2.79155460250196
SVN,Natural gas,2001,14.2894,2.6595180036565
SVN,Natural gas,2002,12.1973,2.5012146157708
SVN,Natural gas,2003,10.98995,2.39698121881464
SVN,Natural gas,2004,10.73495,2.37350477365804
SVN,Natural gas,2005,11.93145,2.47917777105441
SVN,Natural gas,2006,14.66385,2.68538528135252
SVN,Natural gas,2007,14.14,2.64900766046843
SVN,Natural gas,2008,17.64,2.87016905057865
SVN,Natural gas,2009,16.62,2.8106067894273
SVN,Natural gas,2010,17.4307,2.85823301936808
SVN,Natural gas,2011,20.285,3.00988169665841
SVN,Natural gas,2012,21.22,3.05494413318584
SVN,Natural gas,2013,19.14,2.95178038602481
SVN,Natural gas,2014,18.075,2.89452976804483
SVN,Natural gas,2015,17.195,2.84461864388423
SVN,Natural gas,2016,16.145,2.78161040421024
SVN,Natural gas,2017,15.05715,2.71185296143514
SVN,Natural gas,2018,15.59985,2.74726129882465
SVN,Natural gas,2019,15.7382,2.7560908781271
SVN,Natural gas,2020,15.7696,2.7580840360369
SVN,Natural gas,2021,15.7493,2.75679591983951
SVN,Natural gas,2022,22.6727,3.12116155755991
SVN,Natural gas,2023,28.858,3.36238725087506
SVN,Natural gas,2024,26.1329,3.26319505691812
SVN,Natural gas,2025,23.88955,3.17344112482712
SWE,Electricity,1996,0.0963,-2.34028696017806
SWE,Electricity,1997,0.10145,-2.28818921271031
SWE,Electricity,1998,0.1037,-2.26625316374666
SWE,Electricity,1999,0.09715,-2.33149910315869
SWE,Electricity,2000,0.10315,-2.27157103946488
SWE,Electricity,2001,0.10575,-2.24667746105575
SWE,Electricity,2002,0.11245,-2.18524660057681
SWE,Electricity,2003,0.136,-1.99510039324609
SWE,Electricity,2004,0.14025,-1.96432873457933
SWE,Electricity,2005,0.1365,-1.99143066435712
SWE,Electricity,2006,0.1498,-1.89845420789902
SWE,Electricity,2007,0.15855,-1.84168527799778
SWE,Electricity,2008,0.1722,-1.75909868698851
SWE,Electricity,2009,0.1624,-1.81769285125456
SWE,Electricity,2010,0.18985,-1.66152099230433
SWE,Electricity,2011,0.2068,-1.57600313634786
SWE,Electricity,2012,0.2055,-1.58230924504585
SWE,Electricity,2013,0.20735,-1.57334709228975
SWE,Electricity,2014,0.1917,-1.65182362893054
SWE,Electricity,2015,0.1873,-1.67504366953209
SWE,Electricity,2016,0.19385,-1.6406706148652
SWE,Electricity,2017,0.1984,-1.61747008413136
SWE,Electricity,2018,0.19795,-1.61974080543
SWE,Electricity,2019,0.20425,-1.58841054524202
SWE,Electricity,2020,0.19655,-1.62683842711427
SWE,Electricity,2021,0.2359,-1.44434729256851
SWE,Electricity,2022,0.2509,-1.38270082560976
SWE,Electricity,2023,0.24215,-1.4181979101329
SWE,Electricity,2024,0.23925,-1.43024624864907
SWE,Electricity,2025,0.26825,-1.31583589747133
SWE,Natural gas,1996,15.9688,2.77063681851454
SWE,Natural gas,1997,15.69035,2.75304587369818
SWE,Natural gas,1998,15.44245,2.73712021076496
SWE,Natural gas,1999,15.15085,2.71805663599208
SWE,Natural gas,2000,15.88075,2.76510768392287
SWE,Natural gas,2001,18.8318,2.93554693024063
SWE,Natural gas,2002,19.7012,2.98067954759436
SWE,Natural gas,2003,20.4477,3.017870406726
SWE,Natural gas,2004,21.42605,3.06460747145101
SWE,Natural gas,2005,22.33975,3.10636760288909
SWE,Natural gas,2006,30.0068,3.40142402264381
SWE,Natural gas,2007,25.33635,3.23224012347625
SWE,Natural gas,2008,27.00735,3.29610905118081
SWE,Natural gas,2009,25.1944,3.22662174760014
SWE,Natural gas,2010,28.6824,3.35628369423864
SWE,Natural gas,2011,32.65515,3.48600257682133
SWE,Natural gas,2012,33.9136,3.52381611387625
SWE,Natural gas,2013,34.04835,3.52778157327161
SWE,Natural gas,2014,32.2628,3.47391486372293
SWE,Natural gas,2015,32.00795,3.46598430944424
SWE,Natural gas,2016,31.54325,3.45135961998021
SWE,Natural gas,2017,32.46775,3.48024728898016
SWE,Natural gas,2018,32.99505,3.49635755021536
SWE,Natural gas,2019,31.7713,3.45856336655034
SWE,Natural gas,2020,37.8136,3.63266882627702
SWE,Natural gas,2021,48.56585,3.88292060901761
SWE,Natural gas,2022,68.9806,4.23382530564425
SWE,Natural gas,2023,59.15645,4.0801856292808
SWE,Natural gas,2024,50.7335,3.9265864419052
SWE,Natural gas,2025,58.608,4.07087120603646
