country_id,year,population,ln_population
AUT,1960,7030385,15.7657520275789
AUT,1961,7064693,15.7706201195119
AUT,1962,7107904,15.7767179622566
AUT,1963,7151824,15.7828779870316
AUT,1964,7199798,15.7895635280372
AUT,1965,7247804,15.7962090843967
AUT,1966,7293973,15.8025589486713
AUT,1967,7350159,15.8102325036081
AUT,1968,7403837,15.8175089373062
AUT,1969,7426968,15.8206282580384
AUT,1970,7455142,15.8244145536186
AUT,1971,7479030,15.8276136623972
AUT,1972,7521933,15.8333337107672
AUT,1973,7566469,15.8392370700943
AUT,1974,7605760,15.8444164129362
AUT,1975,7592316,15.8426472411665
AUT,1976,7565489,15.839107542904
AUT,1977,7565561,15.8391170597584
AUT,1978,7571299,15.8398752091071
AUT,1979,7553310,15.8374964357474
AUT,1980,7545539,15.8364670856709
AUT,1981,7553326,15.8374985540218
AUT,1982,7584094,15.841563717355
AUT,1983,7564185,15.8389351664201
AUT,1984,7559635,15.8383334665669
AUT,1985,7563233,15.8388093022441
AUT,1986,7566736,15.8392723567371
AUT,1987,7572852,15.8400803047913
AUT,1988,7576319,15.8405380196142
AUT,1989,7594315,15.8429104990295
AUT,1990,7644818,15.8495385906525
AUT,1991,7710882,15.8581431358838
AUT,1992,7798899,15.8694931278505
AUT,1993,7882519,15.8801580808012
AUT,1994,7928746,15.886005447437
AUT,1995,7943489,15.8878631573612
AUT,1996,7953067,15.8890681983977
AUT,1997,7964966,15.8905632326417
AUT,1998,7971116,15.8913350660579
AUT,1999,7982461,15.8927573178717
AUT,2000,8002186,15.8952253123181
AUT,2001,8020946,15.8975669279988
AUT,2002,8063640,15.9028756254396
AUT,2003,8100273,15.9074083227784
AUT,2004,8142573,15.9126167813978
AUT,2005,8201359,15.9198104302098
AUT,2006,8254298,15.9262445923502
AUT,2007,8282984,15.9297138479113
AUT,2008,8307989,15.9327281399522
AUT,2009,8335003,15.935974434095
AUT,2010,8351643,15.9379688439381
AUT,2011,8375164,15.9407812175732
AUT,2012,8408121,15.9447085824915
AUT,2013,8451860,15.9498970934541
AUT,2014,8507786,15.9564923021886
AUT,2015,8584926,15.9655184325911
AUT,2016,8700471,15.9788877200904
AUT,2017,8772865,15.9871739928695
AUT,2018,8822267,15.992789424435
AUT,2019,8858775,15.9969190511712
AUT,2020,8901064,16.0016813781186
AUT,2021,8932664,16.0052252286328
AUT,2022,8978929,16.0103911681323
AUT,2023,9104772,16.0243092296442
AUT,2024,9158750,16.0302202644563
AUT,2025,9197213,16.0344110613427
BEL,1960,9128824,16.0269474381413
BEL,1961,9178154,16.0323366530509
BEL,1962,9189741,16.0335983111273
BEL,1963,9251414,16.0402869626708
BEL,1964,9328126,16.0485446951999
BEL,1965,9428100,16.0592051496853
BEL,1966,9499234,16.0667217217409
BEL,1967,9556380,16.0727195522295
BEL,1968,9605601,16.0778569238046
BEL,1969,9631910,16.0805921026333
BEL,1970,9660154,16.0835201480906
BEL,1971,9650944,16.0825662923649
BEL,1972,9695379,16.0871599382104
BEL,1973,9726850,16.0904006607396
BEL,1974,9756590,16.0934535120941
BEL,1975,9788248,16.0966930403712
BEL,1976,9813152,16.0992340847252
BEL,1977,9823302,16.1002678763563
BEL,1978,9837413,16.1017033279584
BEL,1979,9841654,16.1021343443339
BEL,1980,9855110,16.1035006603534
BEL,1981,9863374,16.1043388587143
BEL,1982,9854589,16.1034477929809
BEL,1983,9858017,16.1037955907337
BEL,1984,9853023,16.1032888696163
BEL,1985,9857721,16.1037655639602
BEL,1986,9858895,16.1038846513331
BEL,1987,9864751,16.1044784563702
BEL,1988,9875716,16.1055893724521
BEL,1989,9927612,16.1108305237169
BEL,1990,9947782,16.1128601697128
BEL,1991,9986975,16.1167923019679
BEL,1992,10021997,16.1202929351603
BEL,1993,10068319,16.1249043192805
BEL,1994,10100631,16.1281084551075
BEL,1995,10130574,16.1310685379957
BEL,1996,10143047,16.132299004085
BEL,1997,10170226,16.1349749900001
BEL,1998,10192264,16.1371395591274
BEL,1999,10213752,16.1392456054955
BEL,2000,10239085,16.1417228181145
BEL,2001,10263414,16.1440960908964
BEL,2002,10309725,16.1485981825045
BEL,2003,10355844,16.1530615560089
BEL,2004,10396421,16.1569721702683
BEL,2005,10445852,16.1617155197754
BEL,2006,10511382,16.167969228024
BEL,2007,10584534,16.1749044370189
BEL,2008,10666866,16.1826528594213
BEL,2009,10753080,16.1907027831292
BEL,2010,10839905,16.1987447900997
BEL,2011,11000638,16.2134638290807
BEL,2012,11075889,16.2202811415543
BEL,2013,11137974,16.2258709087782
BEL,2014,11180840,16.229712157037
BEL,2015,11237274,16.2347468463251
BEL,2016,11311117,16.241296605373
BEL,2017,11351727,16.2448804489071
BEL,2018,11398589,16.2490001337745
BEL,2019,11455519,16.2539821805693
BEL,2020,11522440,16.2598069963599
BEL,2021,11554767,16.2626086370563
BEL,2022,11617623,16.268033727361
BEL,2023,11742796,16.2787505041449
BEL,2024,11817096,16.2850578544775
BEL,2025,11883495,16.290661020552
BGR,1960,7829246,15.8733767670339
BGR,1961,7905502,15.8830695307207
BGR,1962,7980734,15.892540945146
BGR,1963,8045158,15.9005809777434
BGR,1964,8111132,15.9087479971156
BGR,1965,8177547,15.916902785856
BGR,1966,8230788,15.9233923153359
BGR,1967,8285325,15.929996435593
BGR,1968,8335126,15.9359891910294
BGR,1969,8404080,15.9442278601783
BGR,1970,8464264,15.9513636235201
BGR,1971,8514883,15.9573261315265
BGR,1972,8557906,15.9623660920238
BGR,1973,8594493,15.9666322072756
BGR,1974,8647440,15.9727738813479
BGR,1975,8710049,15.9799879745304
BGR,1976,8731434,15.9824401754948
BGR,1977,8785763,15.9886431284215
BGR,1978,8822602,15.9928273958136
BGR,1979,8805462,15.9908827687233
BGR,1980,8846417,15.9955230762496
BGR,1981,8876652,15.9989350168488
BGR,1982,8905581,16.0021887168224
BGR,1983,8929332,16.0048521460234
BGR,1984,8950144,16.0071801795071
BGR,1985,8971214,16.0095315648996
BGR,1986,8949880,16.0071506823399
BGR,1987,8966462,16.0090017303647
BGR,1988,8976255,16.010093315432
BGR,1989,8986636,16.0112491428715
BGR,1990,8767308,15.9865403616977
BGR,1991,8669269,15.9752950314766
BGR,1992,8595465,15.9667452965573
BGR,1993,8484863,15.9537943103799
BGR,1994,8459763,15.9508317170056
BGR,1995,8427418,15.9470009959926
BGR,1996,8384715,15.9419209633953
BGR,1997,8340936,15.9366859982534
BGR,1998,8283200,15.9297399251298
BGR,1999,8230371,15.9233416506166
BGR,2000,8190876,15.9185314098164
BGR,2001,8149468,15.9134632070129
BGR,2002,7868815,15.8784180372649
BGR,2003,7805506,15.8703399400673
BGR,2004,7745147,15.8625770116401
BGR,2005,7688573,15.8552457585927
BGR,2006,7629371,15.8475159621167
BGR,2007,7572673,15.8400566674463
BGR,2008,7518002,15.8328109691344
BGR,2009,7467119,15.8260198066794
BGR,2010,7421766,15.8199275922156
BGR,2011,7369431,15.8128510563004
BGR,2012,7327224,15.8071072845323
BGR,2013,7202556,15.7899465209887
BGR,2014,7117453,15.7780604946703
BGR,2015,7029690,15.7656531660863
BGR,2016,6938759,15.7526334980493
BGR,2017,6849518,15.7396888427992
BGR,2018,6757418,15.7261514223939
BGR,2019,6664177,15.7122570231003
BGR,2020,6569275,15.6979140342957
BGR,2021,6532117,15.6922416447308
BGR,2022,6482484,15.6846143282083
BGR,2023,6447710,15.6792355869711
BGR,2024,6445481,15.6788898230679
BGR,2025,6437360,15.6776290761448
CHE,1960,5295500,15.4823679612659
CHE,1961,5360153,15.4945030774157
CHE,1962,5508435,15.5217911117471
CHE,1963,5639195,15.5452518827908
CHE,1964,5749299,15.5645884922981
CHE,1965,5829156,15.5783827794076
CHE,1966,5883788,15.5877113301427
CHE,1967,5952216,15.5992741451592
CHE,1968,6031353,15.6124819216438
CHE,1969,6104074,15.6244669750708
CHE,1970,6168700,15.6349986767613
CHE,1971,6193054,15.6389388994042
CHE,1972,6233744,15.6454876733395
CHE,1973,6288168,15.6541803302915
CHE,1974,6326525,15.6602616702357
CHE,1975,6356285,15.6649546451552
CHE,1976,6320978,15.6593845009864
CHE,1977,6284029,15.653521893242
CHE,1978,6278319,15.6526128274538
CHE,1979,6285156,15.6537012207008
CHE,1980,6303573,15.6566271734542
CHE,1981,6335243,15.6616387293285
CHE,1982,6372904,15.6675658106336
CHE,1983,6409713,15.6733250541035
CHE,1984,6427833,15.6761480254149
CHE,1985,6455896,15.6805043797563
CHE,1986,6484834,15.6849767778723
CHE,1987,6523413,15.6909082631998
CHE,1988,6566799,15.6975370571213
CHE,1989,6619973,15.705601849355
CHE,1990,6673850,15.7137074627637
CHE,1991,6757188,15.7261173851456
CHE,1992,6842768,15.7387028861011
CHE,1993,6907959,15.7481847830834
CHE,1994,6968570,15.7569205966947
CHE,1995,7019019,15.7641340226472
CHE,1996,7062354,15.7702889816568
CHE,1997,7081346,15.7729745605951
CHE,1998,7096465,15.7751073307006
CHE,1999,7123537,15.7789149297019
CHE,2000,7164444,15.7846410167917
CHE,2001,7204055,15.7901546198963
CHE,2002,7255653,15.7972914471418
CHE,2003,7313853,15.8052807790481
CHE,2004,7364148,15.8121339189061
CHE,2005,7415102,15.8190292893598
CHE,2006,7459128,15.8249490752673
CHE,2007,7508739,15.8315781001879
CHE,2008,7593494,15.8428023860027
CHE,2009,7701856,15.8569718967397
CHE,2010,7785806,15.8678128903253
CHE,2011,7870134,15.8785856469322
CHE,2012,7954662,15.8892687298507
CHE,2013,8039060,15.8998227188971
CHE,2014,8139631,15.9122554052559
CHE,2015,8237666,15.9242276093349
CHE,2016,8327126,15.9350289366034
CHE,2017,8419550,15.9460669406098
CHE,2018,8484130,15.9537079175102
CHE,2019,8544527,15.9608015189915
CHE,2020,8606033,15.9679740269074
CHE,2021,8670300,15.9754139502342
CHE,2022,8738791,15.9832824085439
CHE,2023,8815385,15.9920090484134
CHE,2024,8962258,16.0085327621308
CHE,2025,9051029,16.01838901087
CYP,1960,572000,13.2568942703619
CYP,1961,573566,13.2596282917548
CYP,1962,575900,13.2636893134948
CYP,1963,578900,13.2688850300671
CYP,1964,585500,13.2802214620199
CYP,1965,588400,13.2851622677094
CYP,1966,593200,13.2932868892459
CYP,1967,597100,13.2998398825351
CYP,1968,601800,13.3076804431781
CYP,1969,606800,13.3159545264565
CYP,1970,612000,13.3244875614945
CYP,1971,616900,13.3324622151977
CYP,1972,623100,13.3424622985323
CYP,1973,631778,13.3562933455979
CYP,1974,637800,13.3657800335581
CYP,1975,505700,13.1336988870681
CYP,1976,497879,13.1181123545968
CYP,1977,497600,13.1175518204071
CYP,1978,498000,13.1183553560068
CYP,1979,501300,13.1249600032516
CYP,1980,505800,13.133896613218
CYP,1981,512300,13.1466656699273
CYP,1982,522845,13.1670403320088
CYP,1983,524623,13.1704351883818
CYP,1984,531518,13.1834923426065
CYP,1985,538397,13.1963514852318
CYP,1986,544605,13.20781604023
CYP,1987,550888,13.2192868006859
CYP,1988,556584,13.2295733817032
CYP,1989,562693,13.2404894653227
CYP,1990,572655,13.2580387201245
CYP,1991,587141,13.2830202743951
CYP,1992,603069,13.3097868970237
CYP,1993,619231,13.3362336646039
CYP,1994,632944,13.3581372295983
CYP,1995,645399,13.3776240091721
CYP,1996,656333,13.394423561081
CYP,1997,666313,13.4095148090912
CYP,1998,675215,13.4227864376569
CYP,1999,682862,13.4340480683577
CYP,2000,690497,13.4451669071443
CYP,2001,697549,13.4553280411062
CYP,2002,705539,13.4667173286904
CYP,2003,713720,13.4782460075454
CYP,2004,722893,13.4910164957211
CYP,2005,733067,13.5049923818758
CYP,2006,744013,13.5198137867809
CYP,2007,757916,13.5383278405418
CYP,2008,776333,13.5623368308295
CYP,2009,796930,13.588522124555
CYP,2010,819140,13.6160102883975
CYP,2011,839751,13.6408606983044
CYP,2012,862011,13.6670233105853
CYP,2013,862854,13.6680007784649
CYP,2014,860032,13.6647248768398
CYP,2015,860846,13.6656709056236
CYP,2016,863764,13.6690548623263
CYP,2017,869878,13.6761082509126
CYP,2018,878601,13.6860861486975
CYP,2019,890194,13.6991946954828
CYP,2020,902429,13.7128452957344
CYP,2021,914476,13.7261065026196
CYP,2022,929764,13.7426860694852
CYP,2023,949084,13.7632525879004
CYP,2024,966365,13.7812968886194
CYP,2025,982966,13.7983298105352
CZE,1960,9637840,16.0812075750901
CZE,1961,9566172,16.0737436834078
CZE,1962,9607129,16.0780159850107
CZE,1963,9642191,16.0816589229197
CZE,1964,9699179,16.0875518007163
CZE,1965,9756429,16.0934370102909
CZE,1966,9802287,16.0981262837618
CZE,1967,9839792,16.1019451305936
CZE,1968,9866006,16.1046056689248
CZE,1969,9886686,16.1066995614997
CZE,1970,9906474,16.1086990407736
CZE,1971,9809667,16.0988788860113
CZE,1972,9843962,16.1023688302662
CZE,1973,9891302,16.1071663430635
CZE,1974,9953230,16.1134076795717
CZE,1975,10023688,16.1204616497744
CZE,1976,10093551,16.1274072630226
CZE,1977,10158327,16.1338043212015
CZE,1978,10215183,16.1393857009045
CZE,1979,10269012,16.1446413747453
CZE,1980,10315669,16.1491745593887
CZE,1981,10292717,16.146947115717
CZE,1982,10308465,16.1484759603307
CZE,1983,10321186,16.1497092338952
CZE,1984,10326526,16.1502264825007
CZE,1985,10333900,16.1509403109874
CZE,1986,10340335,16.1515628249724
CZE,1987,10344119,16.1519287036213
CZE,1988,10350517,16.1525470281189
CZE,1989,10360034,16.1534660766435
CZE,1990,10362102,16.1536656699679
CZE,1991,10304607,16.1481016347527
CZE,1992,10312548,16.1488719641597
CZE,1993,10325697,16.1501462005862
CZE,1994,10334013,16.1509512458118
CZE,1995,10333161,16.1508687962229
CZE,1996,10321344,16.1497245420963
CZE,1997,10309137,16.148541147349
CZE,1998,10299125,16.147569498135
CZE,1999,10289621,16.1466462752563
CZE,2000,10278098,16.1455257814178
CZE,2001,10232027,16.1410332610176
CZE,2002,10201182,16.1380141538936
CZE,2003,10192649,16.1371773321608
CZE,2004,10195347,16.1374419977038
CZE,2005,10198855,16.1377860170515
CZE,2006,10223577,16.1402070815041
CZE,2007,10254233,16.1432011539075
CZE,2008,10343422,16.1518613200691
CZE,2009,10425783,16.1597924307424
CZE,2010,10462088,16.1632686142709
CZE,2011,10486731,16.1656213016818
CZE,2012,10505445,16.1674042521446
CZE,2013,10516125,16.1684203514102
CZE,2014,10512419,16.1680678781207
CZE,2015,10538275,16.1705244254443
CZE,2016,10553843,16.1720006169607
CZE,2017,10578820,16.1743644469834
CZE,2018,10610055,16.1773126943656
CZE,2019,10649800,16.1810516706007
CZE,2020,10693939,16.1851876903414
CZE,2021,10494836,16.166393884626
CZE,2022,10516707,16.1684756934583
CZE,2023,10827529,16.1976024304326
CZE,2024,10900555,16.2043242633343
CZE,2025,10909500,16.2051445272448
DEU,1960,72542990,18.0996899096076
DEU,1961,73086809,18.1071584570003
DEU,1962,73668454,18.115085232963
DEU,1963,74383113,18.124739498234
DEU,1964,75045592,18.1336063801416
DEU,1965,75591082,18.1408488712286
DEU,1966,76336308,18.1506592415234
DEU,1967,76864314,18.1575522695508
DEU,1968,77038358,18.1598140116237
DEU,1969,77550269,18.1664369163107
DEU,1970,78269095,18.1756633831743
DEU,1971,78069482,18.1731097830034
DEU,1972,78556202,18.179324875628
DEU,1973,78820701,18.1826862233734
DEU,1974,79052630,18.1856243911485
DEU,1975,78882235,18.1834666020357
DEU,1976,78464873,18.1781616048976
DEU,1977,78209026,18.1748956208498
DEU,1978,78110602,18.1736363546365
DEU,1979,78073038,18.1731553311347
DEU,1980,78179662,18.1745200949634
DEU,1981,78397490,18.177302469502
DEU,1982,78418324,18.1775681825011
DEU,1983,78248407,18.1753990293498
DEU,1984,78008156,18.17232394329
DEU,1985,77709213,18.1684843797374
DEU,1986,77660533,18.1678577454943
DEU,1987,77780338,18.1693992322726
DEU,1988,77899502,18.1709301180092
DEU,1989,78389735,18.177203545626
DEU,1990,79112831,18.1863856319723
DEU,1991,79753227,18.1944477627604
DEU,1992,80274564,18.2009633665953
DEU,1993,80974632,18.2096464783988
DEU,1994,81338093,18.2141250133689
DEU,1995,81538603,18.216587122513
DEU,1996,81817499,18.2200017028998
DEU,1997,82012162,18.2223781113038
DEU,1998,82057379,18.2229293044244
DEU,1999,82037011,18.2226810570576
DEU,2000,82163475,18.2242214182111
DEU,2001,82259540,18.2253899287256
DEU,2002,82440309,18.22758506216
DEU,2003,82536680,18.2287533585575
DEU,2004,82531671,18.2286926685467
DEU,2005,82500849,18.2283191421611
DEU,2006,82437995,18.2275569929727
DEU,2007,82314906,18.2260627671089
DEU,2008,82217837,18.2248828316202
DEU,2009,82002356,18.2222585365231
DEU,2010,81802257,18.2198153928794
DEU,2011,80222065,18.2003091596852
DEU,2012,80327900,18.2016275656447
DEU,2013,80523746,18.2040626802568
DEU,2014,80767463,18.2070847567481
DEU,2015,81197537,18.2123954721596
DEU,2016,82175684,18.2243700011793
DEU,2017,82521653,18.2285712774742
DEU,2018,82792351,18.2318462358612
DEU,2019,83019213,18.2345826209008
DEU,2020,83166711,18.2363577175537
DEU,2021,83155031,18.2362172668841
DEU,2022,83237124,18.237204008196
DEU,2023,83118501,18.2357778704252
DEU,2024,83456045,18.2398306440346
DEU,2025,83577140,18.241280595686
DNK,1960,4565455,15.3340287384573
DNK,1961,4593750,15.3402072419433
DNK,1962,4629624,15.3479862132615
DNK,1963,4665829,15.3557760827994
DNK,1964,4703136,15.3637400782212
DNK,1965,4741008,15.3717603292906
DNK,1966,4777015,15.3793264324132
DNK,1967,4817746,15.3878167417967
DNK,1968,4852962,15.3950997981486
DNK,1969,4876803,15.4000004401917
DNK,1970,4906916,15.4061561965232
DNK,1971,4950598,15.415018935329
DNK,1972,4975653,15.4200671762429
DNK,1973,5007538,15.4264549351104
DNK,1974,5036184,15.432159210413
DNK,1975,5054410,15.4357716875022
DNK,1976,5065313,15.4379264903992
DNK,1977,5079879,15.4407980003734
DNK,1978,5096959,15.4441546453424
DNK,1979,5111537,15.4470106997327
DNK,1980,5122065,15.4490682360164
DNK,1981,5123989,15.4494437952361
DNK,1982,5119155,15.4484999443327
DNK,1983,5116464,15.4479741334244
DNK,1984,5112130,15.4471267050761
DNK,1985,5111108,15.4469267684213
DNK,1986,5116273,15.4479368022587
DNK,1987,5124794,15.449600887059
DNK,1988,5129254,15.4504707874693
DNK,1989,5129778,15.4505729413568
DNK,1990,5135409,15.4516700476374
DNK,1991,5146469,15.4538214064195
DNK,1992,5162126,15.4568590681065
DNK,1993,5180614,15.4604341400297
DNK,1994,5196642,15.4635232057221
DNK,1995,5215718,15.4671873167099
DNK,1996,5251027,15.4739342344845
DNK,1997,5275121,15.4785121754519
DNK,1998,5294860,15.4822470966303
DNK,1999,5313577,15.4857758010797
DNK,2000,5330020,15.4888655484802
DNK,2001,5349212,15.4924598183044
DNK,2002,5368354,15.496031901808
DNK,2003,5383507,15.4988505785064
DNK,2004,5397640,15.5014723789689
DNK,2005,5411405,15.5040193213567
DNK,2006,5427459,15.5069816265835
DNK,2007,5447084,15.5105909775797
DNK,2008,5475791,15.5158472981172
DNK,2009,5511451,15.5223384858443
DNK,2010,5534738,15.5265547878645
DNK,2011,5560628,15.5312216094887
DNK,2012,5580516,15.5347918032004
DNK,2013,5602628,15.5387463313396
DNK,2014,5627235,15.5431287604721
DNK,2015,5659715,15.5488840955547
DNK,2016,5707251,15.5572480296276
DNK,2017,5748769,15.5644963028971
DNK,2018,5781190,15.5701201018106
DNK,2019,5806081,15.5744163745545
DNK,2020,5822763,15.5772854493212
DNK,2021,5840045,15.5802490602542
DNK,2022,5873420,15.5859476456545
DNK,2023,5932654,15.5959822256572
DNK,2024,5961249,15.6007905808445
DNK,2025,5992734,15.6060582933393
ESP,1960,30327000,17.2275489628043
ESP,1961,30583000,17.2359548569889
ESP,1962,30895500,17.2461211001948
ESP,1963,31151231,17.254364320876
ESP,1964,31442070,17.2636573630526
ESP,1965,31776320,17.2742319162698
ESP,1966,32132264,17.2853711923506
ESP,1967,32434123,17.294721605571
ESP,1968,32931771,17.3099484336535
ESP,1969,33294497,17.3209026860393
ESP,1970,33587610,17.3296678069284
ESP,1971,34040642,17.3430657216561
ESP,1972,34408338,17.3538094766944
ESP,1973,34800600,17.3651451859754
ESP,1974,35177294,17.3759113756115
ESP,1975,35569375,17.3869955727835
ESP,1976,35946425,17.3975401935147
ESP,1977,36329199,17.40813235606
ESP,1978,36694077,17.4181259103543
ESP,1979,37035719,17.4273933833089
ESP,1980,37346940,17.435761538476
ESP,1981,37635389,17.4434553625206
ESP,1982,37881873,17.4499832706775
ESP,1983,38090151,17.455466302742
ESP,1984,38252899,17.4597299062145
ESP,1985,38407829,17.4637718769855
ESP,1986,38531195,17.4669787309151
ESP,1987,38638052,17.4697481519591
ESP,1988,38731578,17.4721657942705
ESP,1989,38802300,17.4739900811871
ESP,1990,38853227,17.4753016943914
ESP,1991,38881416,17.4760269566464
ESP,1992,39051336,17.4803876462128
ESP,1993,39264034,17.4858194924256
ESP,1994,39458489,17.4907597658844
ESP,1995,39639726,17.4953423551923
ESP,1996,39808374,17.4995878501333
ESP,1997,39971329,17.5036729800722
ESP,1998,40143449,17.5079698219063
ESP,1999,40303568,17.511950558978
ESP,2000,40470182,17.5160760140003
ESP,2001,40665545,17.5208917316818
ESP,2002,41035278,17.5299426937275
ESP,2003,41827838,17.5490726566894
ESP,2004,42547451,17.5661305051963
ESP,2005,43296338,17.583578616648
ESP,2006,44009971,17.5999267798459
ESP,2007,44784666,17.6173763620094
ESP,2008,45668939,17.6369289530104
ESP,2009,46239273,17.6493400598865
ESP,2010,46486619,17.6546750657049
ESP,2011,46667174,17.658551563275
ESP,2012,46818219,17.6617829800041
ESP,2013,46712650,17.6595255639026
ESP,2014,46495744,17.654871339487
ESP,2015,46425722,17.6533642170477
ESP,2016,46418884,17.6532169171601
ESP,2017,46497393,17.6549068044698
ESP,2018,46645070,17.6580777990728
ESP,2019,46918951,17.6639322242959
ESP,2020,47318050,17.6724023874341
ESP,2021,47400798,17.6741496219666
ESP,2022,47486843,17.6759632411625
ESP,2023,48085361,17.6884883436393
ESP,2024,48619695,17.699539253694
ESP,2025,49128297,17.7099457404054
EST,1960,1206362,14.003119777066
EST,1961,1216712,14.0116626964704
EST,1962,1233441,14.0253183824335
EST,1963,1249804,14.0384972969841
EST,1964,1267910,14.0528804335423
EST,1965,1286262,14.0672508955329
EST,1966,1302870,14.0800800813676
EST,1967,1314323,14.0888322621268
EST,1968,1323569,14.0958424337822
EST,1969,1338858,14.1073275697592
EST,1970,1351640,14.116829227939
EST,1971,1368511,14.1292338454284
EST,1972,1385399,14.1414987427572
EST,1973,1399637,14.1517234752508
EST,1974,1412265,14.16070535648
EST,1975,1424073,14.169031633685
EST,1976,1434630,14.1764175342082
EST,1977,1444522,14.1832890289559
EST,1978,1455900,14.1911348240614
EST,1979,1464476,14.19700805727
EST,1980,1472190,14.2022616460283
EST,1981,1482247,14.2090697376175
EST,1982,1493085,14.2163550072517
EST,1983,1503743,14.2234678912311
EST,1984,1513747,14.2300985920143
EST,1985,1523486,14.2365116879991
EST,1986,1534076,14.2434388033588
EST,1987,1546304,14.2513781252803
EST,1988,1558137,14.2590014347947
EST,1989,1565662,14.2638192957107
EST,1990,1570599,14.2669676332234
EST,1991,1567749,14.2651513905483
EST,1992,1554878,14.256907643926
EST,1993,1511303,14.2284827506022
EST,1994,1476952,14.2054910626781
EST,1995,1448075,14.1857456461666
EST,1996,1425192,14.1698170994508
EST,1997,1405996,14.1562565063985
EST,1998,1393074,14.1470233741076
EST,1999,1379237,14.1370410056779
EST,2000,1401250,14.1528752533685
EST,2001,1392720,14.1467692275326
EST,2002,1383510,14.1401343062278
EST,2003,1375190,14.1341024613548
EST,2004,1366250,14.1275803184729
EST,2005,1358850,14.1221493117655
EST,2006,1350700,14.1161335345489
EST,2007,1342920,14.1103569056001
EST,2008,1338440,14.1070153146397
EST,2009,1335740,14.1049960033612
EST,2010,1333290,14.1031601298879
EST,2011,1329660,14.1004338284189
EST,2012,1325217,14.0970867775779
EST,2013,1320174,14.0932741040571
EST,2014,1315819,14.0899698434143
EST,2015,1313271,14.0880315295507
EST,2016,1315944,14.0900648367705
EST,2017,1315635,14.0898299967741
EST,2018,1319133,14.0924852605812
EST,2019,1324820,14.0967871591175
EST,2020,1328889,14.0998538127626
EST,2021,1330068,14.1007406267105
EST,2022,1331796,14.1020389652002
EST,2023,1365884,14.1273123960341
EST,2024,1374687,14.1337366268061
EST,2025,1369995,14.1303176481626
FIN,1960,4413046,15.3000757119454
FIN,1961,4446222,15.3075653047833
FIN,1962,4475787,15.3141927601503
FIN,1963,4507098,15.3211640453902
FIN,1964,4539519,15.3283316172682
FIN,1965,4557567,15.3322994864691
FIN,1966,4569896,15.3350010054998
FIN,1967,4591842,15.3397918087241
FIN,1968,4619645,15.3458284202788
FIN,1969,4633292,15.3487781885297
FIN,1970,4614277,15.3446657505909
FIN,1971,4598336,15.3412050568855
FIN,1972,4625912,15.3471840986786
FIN,1973,4653401,15.3531089080719
FIN,1974,4678761,15.3585438892533
FIN,1975,4702387,15.3635808100972
FIN,1976,4720492,15.3674235894175
FIN,1977,4730836,15.3696124890367
FIN,1978,4746967,15.3730164457503
FIN,1979,4758088,15.37535646484
FIN,1980,4771292,15.3781276857275
FIN,1981,4787778,15.3815769786703
FIN,1982,4812150,15.3866545276607
FIN,1983,4841715,15.3927795547726
FIN,1984,4869858,15.3985753365228
FIN,1985,4893748,15.4034690300366
FIN,1986,4910664,15.4069197248433
FIN,1987,4925644,15.4099655854611
FIN,1988,4938602,15.4125928531618
FIN,1989,4954359,15.4157783530994
FIN,1990,4974383,15.4198119007832
FIN,1991,4998478,15.4246440240593
FIN,1992,5029002,15.4307321128474
FIN,1993,5054982,15.4358848495995
FIN,1994,5077912,15.4404107114393
FIN,1995,5098754,15.4445067541196
FIN,1996,5116826,15.4480448829097
FIN,1997,5132320,15.4510683566319
FIN,1998,5147349,15.4539923828254
FIN,1999,5159646,15.4563785304532
FIN,2000,5171302,15.458635052303
FIN,2001,5181115,15.4605308420378
FIN,2002,5194901,15.4631881255485
FIN,2003,5206295,15.4653790283173
FIN,2004,5219732,15.4679566175447
FIN,2005,5236611,15.4711850913353
FIN,2006,5255580,15.4748009272779
FIN,2007,5276955,15.478859784779
FIN,2008,5300484,15.4833086951076
FIN,2009,5326314,15.4881699996828
FIN,2010,5351427,15.4928738122783
FIN,2011,5375276,15.4973204794969
FIN,2012,5401267,15.5021441136429
FIN,2013,5426674,15.506836981221
FIN,2014,5451270,15.5113591670157
FIN,2015,5471753,15.5151095983768
FIN,2016,5487308,15.517948347143
FIN,2017,5503297,15.5208579251471
FIN,2018,5513130,15.5226430779214
FIN,2019,5517919,15.52351135442
FIN,2020,5525292,15.5248466546503
FIN,2021,5533793,15.5263840334975
FIN,2022,5548241,15.5289914985506
FIN,2023,5563970,15.5318224402065
FIN,2024,5603851,15.5389645979342
FIN,2025,5635971,15.5446800064942
FRA,1982,55583694,17.8334004428265
FRA,1983,55918081,17.8393983384197
FRA,1984,56180589,17.8440818637435
FRA,1985,56461236,17.8490648721547
FRA,1986,56738825,17.8539692786357
FRA,1987,57033941,17.8591571047255
FRA,1988,57349954,17.8646825994469
FRA,1989,57688189,17.870563013818
FRA,1990,58029398,17.8764603021685
FRA,1991,58313439,17.8813431393361
FRA,1992,58604851,17.886328032691
FRA,1993,58885929,17.8911127236469
FRA,1994,59104320,17.8948145761516
FRA,1995,59315139,17.8983751264953
FRA,1996,59522297,17.9018615398144
FRA,1997,59726386,17.9052844572694
FRA,1998,59934884,17.9087692641914
FRA,1999,60158533,17.9124938523351
FRA,2000,60545022,17.9188978115366
FRA,2001,60979315,17.9260452662701
FRA,2002,61424036,17.9333117823127
FRA,2003,61864088,17.9404504077451
FRA,2004,62292241,17.9473474334655
FRA,2005,62772870,17.9550335317274
FRA,2006,63229635,17.9622836574418
FRA,2007,63645065,17.9688323465761
FRA,2008,64007193,17.9745060256336
FRA,2009,64350226,17.9798510040438
FRA,2010,64658856,17.9846356375594
FRA,2011,64978721,17.9895704050321
FRA,2012,65276983,17.9941500512531
FRA,2013,65600350,17.9990915892659
FRA,2014,66165980,18.0076769915358
FRA,2015,66458153,18.012083029352
FRA,2016,66638391,18.0147914108735
FRA,2017,66809816,18.0173605738191
FRA,2018,67026224,18.0205945037621
FRA,2019,67290471,18.0245291946942
FRA,2020,67473651,18.0272477240786
FRA,2021,67728568,18.0310186281948
FRA,2022,68091703,18.0363659281612
FRA,2023,68436003,18.0414096037633
FRA,2024,68669303,18.0448128305526
FRA,2025,68882600,18.0479141641774
GBR,1960,52200000,17.7705930528529
GBR,1961,52600000,17.7782266777079
GBR,1962,53000000,17.7858024715164
GBR,1963,53500000,17.7951922118662
GBR,1964,53800000,17.800784025132
GBR,1965,54200000,17.8081914664099
GBR,1966,54496100,17.8136396974399
GBR,1967,54800900,17.819217175141
GBR,1968,55086300,17.8244116043689
GBR,1969,55337100,17.8289541276251
GBR,1970,55546400,17.8327292654692
GBR,1971,55780100,17.8369277329193
GBR,1972,56012345,17.8410826708333
GBR,1973,56159785,17.8437114893269
GBR,1974,56229268,17.8449479622217
GBR,1975,56230680,17.844973073384
GBR,1976,56220920,17.8447994875919
GBR,1977,56203016,17.8444809789044
GBR,1978,56183968,17.8441420072637
GBR,1979,56209039,17.8445881382301
GBR,1980,56284863,17.845936193727
GBR,1981,56343569,17.846978665939
GBR,1982,56324088,17.8466328524072
GBR,1983,56303194,17.8462618232947
GBR,1984,56362502,17.8473146371961
GBR,1985,56481641,17.8494262052598
GBR,1986,56618895,17.8518533213855
GBR,1987,56743897,17.8540586666925
GBR,1988,56860203,17.8561062343531
GBR,1989,56996450,17.8584995431575
GBR,1990,57156972,17.861311935515
GBR,1991,57338199,17.8644776087878
GBR,1992,57511594,17.8674971202246
GBR,1993,57649210,17.869887101203
GBR,1994,57788017,17.8722919938101
GBR,1995,57943472,17.8749784725695
GBR,1996,58094587,17.8775830505283
GBR,1997,58239312,17.8800711485961
GBR,1998,58394596,17.8827339092703
GBR,1999,58579685,17.8858985220875
GBR,2000,58785246,17.8894014630162
GBR,2001,58999781,17.8930442899987
GBR,2002,59239564,17.8971001874448
GBR,2003,59501394,17.9015102988128
GBR,2004,59793759,17.906411848926
GBR,2005,60182050,17.9128846930592
GBR,2006,60620361,17.9201413847065
GBR,2007,61073279,17.927584996242
GBR,2008,61571647,17.9357120465702
GBR,2009,62042343,17.9433276615169
GBR,2010,62510197,17.9508402533988
GBR,2011,63022532,17.9590028712077
GBR,2012,63497844,17.9665165105306
GBR,2013,63924382,17.9732114115156
GBR,2014,64378457,17.9802896164772
GBR,2015,64852826,17.9876310452638
GBR,2016,65346400,17.9952129085293
GBR,2017,65785067,18.0019034252508
GBR,2018,66125510,18.0070651607784
GBR,2019,66457117,18.0120674404734
GBR,2020,66683687,18.0154709082594
GBR,2021,66858928,18.0180954053248
GBR,2022,67307061,18.0247757073878
GBR,2023,68081159,18.0362110661738
GBR,2024,68903810,18.0482220319877
GBR,2025,69384219,18.0551700076887
GBR,2026,69554275,18.0576179410155
GRC,1960,8300399,15.9318141439005
GRC,1961,8363050,15.9393337510616
GRC,1962,8433050,15.9476690676273
GRC,1963,8463416,15.9512634325901
GRC,1964,8495834,15.9550864836666
GRC,1965,8525024,15.9585163963792
GRC,1966,8575642,15.9644364170184
GRC,1967,8651660,15.9732617680106
GRC,1968,8716516,15.9807301747629
GRC,1969,8765014,15.986278673598
GRC,1970,8780514,15.988045506039
GRC,1971,8805098,15.9908414298903
GRC,1972,8856974,15.9967157292562
GRC,1973,8920282,16.0038381184062
GRC,1974,8937890,16.005810101396
GRC,1975,8986153,16.0111953949529
GRC,1976,9106928,16.0245460005123
GRC,1977,9269372,16.0422261898319
GRC,1978,9347586,16.050628686112
GRC,1979,9512332,16.0680996200237
GRC,1980,9584184,16.0756247978175
GRC,1981,9700826,16.0877215944873
GRC,1982,9757874,16.0935851067925
GRC,1983,9821152,16.1000489850591
GRC,1984,9872102,16.1052233573268
GRC,1985,9919500,16.110013074765
GRC,1986,9949100,16.1129926527824
GRC,1987,9985326,16.1166271732725
GRC,1988,10015863,16.1196806941135
GRC,1989,10058103,16.1238891362661
GRC,1990,10120892,16.1301123602318
GRC,1991,10272691,16.1449995728986
GRC,1992,10367163,16.1541539651488
GRC,1993,10430958,16.1602886731904
GRC,1994,10489871,16.1659206828707
GRC,1995,10535973,16.1703059597596
GRC,1996,10588332,16.1752631980899
GRC,1997,10629267,16.1791217921551
GRC,1998,10693250,16.1851232592467
GRC,1999,10747768,16.1902086630733
GRC,2000,10775627,16.1927973825163
GRC,2001,10835989,16.1983834670519
GRC,2002,10888274,16.2031969883164
GRC,2003,10915770,16.2057190905994
GRC,2004,10940369,16.2079700838226
GRC,2005,10969912,16.2106668103414
GRC,2006,11004716,16.2138344661581
GRC,2007,11036008,16.2166739392194
GRC,2008,11060937,16.2189302701806
GRC,2009,11094745,16.2219821307589
GRC,2010,11119289,16.2241919058936
GRC,2011,11123392,16.2245608362439
GRC,2012,11086406,16.2212302310587
GRC,2013,11003615,16.2137344131372
GRC,2014,10894294,16.2037497238941
GRC,2015,10818041,16.196725761386
GRC,2016,10735415,16.1890586471412
GRC,2017,10707527,16.1864575100655
GRC,2018,10667336,16.1826969201272
GRC,2019,10635213,16.1796810346247
GRC,2020,10612591,16.1775516843589
GRC,2021,10555344,16.1721428299225
GRC,2022,10461627,16.1632245494383
GRC,2023,10401868,16.1574959633673
GRC,2024,10375764,16.1549832599241
GRC,2025,10372335,16.1546527236151
HRV,1960,4127422,15.2331635569601
HRV,1961,4152939,15.2393268343278
HRV,1962,4181645,15.246215267754
HRV,1963,4211778,15.2533954442943
HRV,1964,4239572,15.2599728787168
HRV,1965,4266180,15.2662293712161
HRV,1966,4295665,15.2731169326144
HRV,1967,4325736,15.2800928572807
HRV,1968,4351629,15.2860608157223
HRV,1969,4379627,15.292474118909
HRV,1970,4403352,15.2978766270341
HRV,1971,4421151,15.3019106273936
HRV,1972,4441399,15.306479974868
HRV,1973,4459729,15.3105985598183
HRV,1974,4480592,15.3152657385182
HRV,1975,4500727,15.3197494972474
HRV,1976,4523436,15.3247824400114
HRV,1977,4548432,15.330293116149
HRV,1978,4570709,15.335178893069
HRV,1979,4591460,15.3397086142478
HRV,1980,4598095,15.3411526452489
HRV,1981,4601469,15.3418861583047
HRV,1982,4621548,15.3462402718713
HRV,1983,4646921,15.3517154077074
HRV,1984,4669587,15.3565811889035
HRV,1985,4690983,15.3611527133433
HRV,1986,4711852,15.3655915946522
HRV,1987,4731041,15.3696558208197
HRV,1988,4748450,15.3733288069688
HRV,1989,4761965,15.3761709561489
HRV,1990,4772556,15.3783925684053
HRV,1991,4782179,15.3804068583367
HRV,1992,4595865,15.3406675441512
HRV,1993,4555771,15.331905338897
HRV,1994,4645155,15.3513352988875
HRV,1995,4658893,15.3542884242334
HRV,1996,4581167,15.3374643271269
HRV,1997,4533028,15.3269007068287
HRV,1998,4536812,15.3277351207146
HRV,1999,4527460,15.3256716338028
HRV,2000,4497735,15.3190844946925
HRV,2001,4295406,15.2730566374545
HRV,2002,4305494,15.275402439551
HRV,2003,4305384,15.2753768904723
HRV,2004,4305725,15.2754560904917
HRV,2005,4310861,15.2766482101104
HRV,2006,4312487,15.2770253258245
HRV,2007,4313530,15.2772671523836
HRV,2008,4311967,15.2769047384805
HRV,2009,4309796,15.2764011291732
HRV,2010,4302847,15.2747874546002
HRV,2011,4289857,15.2717639570153
HRV,2012,4275984,15.2685248093053
HRV,2013,4247803,15.261912466064
HRV,2014,4217632,15.2547843910749
HRV,2015,4180915,15.2460406800675
HRV,2016,4131115,15.2340579042872
HRV,2017,4078769,15.2213057851687
HRV,2018,4014341,15.2053837573958
HRV,2019,3968676,15.19394309578
HRV,2020,3933511,15.1850429692392
HRV,2021,3893026,15.1746973052243
HRV,2022,3862305,15.1667747134768
HRV,2023,3850894,15.1638158871001
HRV,2024,3861967,15.1666871971386
HRV,2025,3874350,15.1698884647639
HUN,1960,9961044,16.1141924433447
HUN,1961,10005980,16.1186934722276
HUN,1962,10049935,16.1230767247868
HUN,1963,10071715,16.1252415580391
HUN,1964,10104179,16.1284596586117
HUN,1965,10135490,16.1315536840108
HUN,1966,10160380,16.13400640099
HUN,1967,10196926,16.1375968602836
HUN,1968,10236282,16.1414490257065
HUN,1969,10275347,16.1452580890659
HUN,1970,10322099,16.1497976888093
HUN,1971,10353721,16.1528565299731
HUN,1972,10381352,16.1555216777019
HUN,1973,10415626,16.1588177364878
HUN,1974,10448484,16.1619674540808
HUN,1975,10508956,16.1677384039515
HUN,1976,10572094,16.1737284460781
HUN,1977,10625259,16.1787446489482
HUN,1978,10670802,16.1830217844645
HUN,1979,10698841,16.1856459758083
HUN,1980,10709463,16.1866383011109
HUN,1981,10712781,16.1869480725827
HUN,1982,10710914,16.1867737795856
HUN,1983,10700155,16.1857687853085
HUN,1984,10678770,16.1837682163246
HUN,1985,10657420,16.1817669211425
HUN,1986,10640006,16.1801316057874
HUN,1987,10621121,16.178355123763
HUN,1988,10604360,16.1767757952678
HUN,1989,10588614,16.1752898308253
HUN,1990,10374823,16.1548925636945
HUN,1991,10373153,16.1547315841365
HUN,1992,10373647,16.1547792059384
HUN,1993,10365035,16.153948680595
HUN,1994,10350010,16.1524980438588
HUN,1995,10336700,16.1512112271695
HUN,1996,10321229,16.1497134000744
HUN,1997,10301247,16.1477755138329
HUN,1998,10279724,16.1456839693818
HUN,1999,10253416,16.1431214763198
HUN,2000,10221644,16.1400179908598
HUN,2001,10200298,16.137927493514
HUN,2002,10174853,16.1354298420141
HUN,2003,10142362,16.1322314678573
HUN,2004,10116742,16.1297022332319
HUN,2005,10097549,16.1278032790942
HUN,2006,10076581,16.1257245765628
HUN,2007,10066158,16.124689662599
HUN,2008,10045401,16.1226254757928
HUN,2009,10030975,16.1211883635886
HUN,2010,10014324,16.119527026052
HUN,2011,9985722,16.1166668306806
HUN,2012,9931925,16.1112648742325
HUN,2013,9895250,16.1075654019851
HUN,2014,9850217,16.1030040433625
HUN,2015,9815858,16.0995097990906
HUN,2016,9779652,16.0958144585558
HUN,2017,9739857,16.0917369937861
HUN,2018,9713655,16.0890431855067
HUN,2019,9700272,16.0876644843176
HUN,2020,9689376,16.0865405855086
HUN,2021,9651461,16.0826198608192
HUN,2022,9610403,16.0783567155511
HUN,2023,9599744,16.0772469894158
HUN,2024,9584627,16.0756710187334
HUN,2025,9539502,16.0709518408041
IRL,1960,2835500,14.8577288464362
IRL,1961,2821700,14.8528500981606
IRL,1962,2827100,14.8547620092372
IRL,1963,2845000,14.8610736255426
IRL,1964,2860300,14.8664370723998
IRL,1965,2872800,14.870797721894
IRL,1966,2881800,14.873925656881
IRL,1967,2895800,14.8787719693295
IRL,1968,2909100,14.8833543129607
IRL,1969,2922000,14.8877788712928
IRL,1970,2943300,14.8950419588196
IRL,1971,2971200,14.9044764695806
IRL,1972,3012900,14.9184136280495
IRL,1973,3060800,14.9341868776681
IRL,1974,3111100,14.9504869193683
IRL,1975,3163900,14.9673160018076
IRL,1976,3215200,14.9834001221171
IRL,1977,3260900,14.9975137888612
IRL,1978,3303500,15.0104930704521
IRL,1979,3354700,15.0258729056119
IRL,1980,3392800,15.0371660971425
IRL,1981,3432800,15.0488868126595
IRL,1982,3473200,15.0605869171686
IRL,1983,3498400,15.0678162790808
IRL,1984,3522800,15.0747666859134
IRL,1985,3542046,15.0802150842536
IRL,1986,3534117,15.0779740382747
IRL,1987,3545263,15.0811229041951
IRL,1988,3534850,15.0781814235978
IRL,1989,3515048,15.0725637388947
IRL,1990,3506970,15.0702629747658
IRL,1991,3520977,15.0742490658807
IRL,1992,3547492,15.0817514329046
IRL,1993,3569367,15.08789882711
IRL,1994,3583154,15.0917539761058
IRL,1995,3597617,15.0957822397999
IRL,1996,3620065,15.1020025394419
IRL,1997,3654955,15.1115943391887
IRL,1998,3693386,15.1220542104414
IRL,1999,3732006,15.1324564486651
IRL,2000,3777565,15.1445901801286
IRL,2001,3832783,15.1591017291415
IRL,2002,3899702,15.1764106979241
IRL,2003,3964191,15.1928123569241
IRL,2004,4028851,15.2089917816083
IRL,2005,4111672,15.2293403163987
IRL,2006,4208156,15.2525351049559
IRL,2007,4340118,15.2834120946471
IRL,2008,4457765,15.3101580773169
IRL,2009,4521322,15.3243149869212
IRL,2010,4549428,15.3305120687387
IRL,2011,4570881,15.3352165232843
IRL,2012,4589287,15.3392352322799
IRL,2013,4609779,15.3436904745612
IRL,2014,4637852,15.3497618859823
IRL,2015,4677627,15.3583014880178
IRL,2016,4726286,15.3686502511908
IRL,2017,4799157,15.3839508354542
IRL,2018,4855733,15.3956706266843
IRL,2019,4940311,15.4129388426481
IRL,2020,5012600,15.4274653005227
IRL,2021,5066893,15.4382383672033
IRL,2022,5154277,15.4553374134146
IRL,2023,5271395,15.4778055913715
IRL,2024,5351681,15.4929212751274
IRL,2025,5440278,15.5093407204676
ITA,1960,50025500,17.7280434333866
ITA,1961,50373900,17.7349837417644
ITA,1962,50698800,17.7414127996423
ITA,1963,51060100,17.7485139282559
ITA,1964,51443900,17.7560024515049
ITA,1965,51906800,17.7649603607482
ITA,1966,52317900,17.772849126693
ITA,1967,52720100,17.7805073449701
ITA,1968,53080900,17.7873277228233
ITA,1969,53390600,17.7931452584728
ITA,1970,53685300,17.7986497789879
ITA,1971,53958400,17.8037239372704
ITA,1972,54188579,17.8079807246482
ITA,1973,54574111,17.8150701707578
ITA,1974,54928700,17.8215465385541
ITA,1975,55293036,17.8281575272787
ITA,1976,55588966,17.833495286289
ITA,1977,55847553,17.8381362687327
ITA,1978,56063269,17.8419914145231
ITA,1979,56247017,17.8452635665315
ITA,1980,56388480,17.8477754402862
ITA,1981,56479285,17.8493844917207
ITA,1982,56524064,17.8501770169465
ITA,1983,56563031,17.8508661672257
ITA,1984,56565117,17.8509030457574
ITA,1985,56588319,17.8513131437827
ITA,1986,56597823,17.8514810795362
ITA,1987,56594487,17.8514221356026
ITA,1988,56609375,17.8516851654997
ITA,1989,56649201,17.8523884411905
ITA,1990,56694360,17.853185292851
ITA,1991,56744119,17.8540625789999
ITA,1992,56772923,17.8545700622836
ITA,1993,56821250,17.8554209334444
ITA,1994,56842392,17.8557929433478
ITA,1995,56844408,17.8558284092067
ITA,1996,56844197,17.8558246973131
ITA,1997,56876364,17.8563904173654
ITA,1998,56904379,17.8568828557135
ITA,1999,56909109,17.8569659741573
ITA,2000,56923524,17.8572192407242
ITA,2001,56960692,17.8578719738706
ITA,2002,56993270,17.8584437486526
ITA,2003,57186378,17.8618262811354
ITA,2004,57611990,17.8692412637261
ITA,2005,58044368,17.8767182415909
ITA,2006,58288996,17.8809238856497
ITA,2007,58510725,17.8847206287319
ITA,2008,59001769,17.8930779844714
ITA,2009,59420592,17.9001513909245
ITA,2010,59690316,17.9046803541499
ITA,2011,59948497,17.9089963682311
ITA,2012,60105185,17.9116066686627
ITA,2013,60277309,17.9144662890539
ITA,2014,60345917,17.9156038478753
ITA,2015,60295497,17.9147679822921
ITA,2016,60163712,17.91257993783
ITA,2017,60066734,17.9109667354465
ITA,2018,59937769,17.9088173986062
ITA,2019,59816673,17.9067949927689
ITA,2020,59641488,17.9038619972478
ITA,2021,59236213,17.8970436189194
ITA,2022,59030133,17.893558600306
ITA,2023,58997201,17.8930005600667
ITA,2024,58971230,17.8925602558226
ITA,2025,58943464,17.892089305179
LTU,1960,2755600,14.8291457627012
LTU,1961,2801500,14.8456655459875
LTU,1962,2845600,14.8612844996164
LTU,1963,2881100,14.8736827236344
LTU,1964,2916800,14.8859976829065
LTU,1965,2953600,14.8985353232907
LTU,1966,2989300,14.9105498042456
LTU,1967,3026800,14.9230165138025
LTU,1968,3062000,14.9345788551998
LTU,1969,3095700,14.9455246097719
LTU,1970,3118941,14.9530040790917
LTU,1971,3160437,14.966220867141
LTU,1972,3197645,14.977925159335
LTU,1973,3229598,14.9878682292489
LTU,1974,3259277,14.9970159496052
LTU,1975,3288510,15.005945132619
LTU,1976,3314794,15.0139060378914
LTU,1977,3342533,15.0222394607592
LTU,1978,3367538,15.0296924715386
LTU,1979,3391490,15.0367799108161
LTU,1980,3404194,15.0405187588258
LTU,1981,3422210,15.0457970991726
LTU,1982,3443684,15.0520523865454
LTU,1983,3470673,15.0598590812443
LTU,1984,3499711,15.0681909516219
LTU,1985,3528698,15.0764395223449
LTU,1986,3560388,15.0853800856534
LTU,1987,3597439,15.0957327613803
LTU,1988,3635295,15.1062008210901
LTU,1989,3674802,15.1170098116266
LTU,1990,3693708,15.1221413895135
LTU,1991,3701968,15.124375128102
LTU,1992,3706299,15.1255443625514
LTU,1993,3693929,15.1222012191993
LTU,1994,3671296,15.1160552912088
LTU,1995,3642991,15.1083156054963
LTU,1996,3615212,15.1006610563921
LTU,1997,3588013,15.0931091253427
LTU,1998,3562261,15.0859060135893
LTU,1999,3536401,15.0786201012872
LTU,2000,3512074,15.0717173041302
LTU,2001,3486998,15.0645517520987
LTU,2002,3454637,15.0552279445412
LTU,2003,3431497,15.0485071670772
LTU,2004,3398929,15.0389709399635
LTU,2005,3355220,15.0260279000085
LTU,2006,3289835,15.0063479695082
LTU,2007,3249983,14.994160323523
LTU,2008,3212605,14.9825926924764
LTU,2009,3183856,14.973603598793
LTU,2010,3141976,14.9603624593217
LTU,2011,3052588,14.9315003133803
LTU,2012,3003641,14.915335777401
LTU,2013,2974637,14.9056325727105
LTU,2014,2947862,14.8965907197981
LTU,2015,2926644,14.8893669320385
LTU,2016,2895573,14.8786935768653
LTU,2017,2859077,14.8660094034357
LTU,2018,2826200,14.8544436111308
LTU,2019,2812200,14.8494776531389
LTU,2020,2809977,14.8486868562231
LTU,2021,2810761,14.8489658231506
LTU,2022,2805998,14.8472698268859
LTU,2023,2857279,14.8653803313277
LTU,2024,2885891,14.8753442490649
LTU,2025,2890664,14.8769967914838
LUX,1960,313050,12.6541182011735
LUX,1961,314889,12.6599754747546
LUX,1962,318800,12.6723192258982
LUX,1963,322700,12.6844783780401
LUX,1964,325500,12.6931177406308
LUX,1965,330000,12.7068479334427
LUX,1966,333000,12.7158977689626
LUX,1967,334790,12.7212587485731
LUX,1968,335200,12.7224826475901
LUX,1969,336500,12.7263534280669
LUX,1970,338507,12.7323000505889
LUX,1971,339841,12.7362331401525
LUX,1972,345000,12.7512996960135
LUX,1973,348200,12.7605323063162
LUX,1974,352700,12.7733731162241
LUX,1975,357400,12.7866108817075
LUX,1976,360500,12.7952472357071
LUX,1977,360962,12.7965279686166
LUX,1978,361753,12.7987169374794
LUX,1979,362261,12.8001202254914
LUX,1980,363450,12.8033970149128
LUX,1981,364850,12.8072415891938
LUX,1982,365600,12.8092951185621
LUX,1983,365450,12.8088847499085
LUX,1984,365794,12.8098256123987
LUX,1985,366202,12.8109403727041
LUX,1986,367210,12.8136891704731
LUX,1987,369500,12.8199060193704
LUX,1988,372000,12.8266491332553
LUX,1989,374900,12.834414602724
LUX,1990,379300,12.846082727677
LUX,1991,384400,12.8594389560783
LUX,1992,389600,12.8728758507505
LUX,1993,394750,12.8860079321179
LUX,1994,400200,12.8997197011318
LUX,1995,405650,12.9132459978232
LUX,1996,411600,12.927807282942
LUX,1997,416850,12.9404817238388
LUX,1998,422050,12.9528790694119
LUX,1999,427350,12.9653586285942
LUX,2000,433600,12.9798777291076
LUX,2001,439000,12.9922546920573
LUX,2002,444050,13.0036924476867
LUX,2003,448300,13.0132179301435
LUX,2004,454960,13.0279647819807
LUX,2005,461230,13.0416521129632
LUX,2006,469086,13.0585413994883
LUX,2007,476187,13.0735659132083
LUX,2008,483799,13.0894248101861
LUX,2009,493500,13.1092781378557
LUX,2010,502066,13.1264868641355
LUX,2011,511840,13.1457673551833
LUX,2012,524853,13.1708735023664
LUX,2013,537039,13.1938259965522
LUX,2014,549680,13.217091569705
LUX,2015,562958,13.2409603039838
LUX,2016,576249,13.2642951379336
LUX,2017,590667,13.289007685813
LUX,2018,602005,13.3080210299043
LUX,2019,613894,13.3275775537891
LUX,2020,626108,13.3472781591634
LUX,2021,634730,13.3609549906026
LUX,2022,645397,13.3776209103091
LUX,2023,660809,13.4012201209509
LUX,2024,672050,13.4180880214993
LUX,2025,681973,13.4327453465991
LVA,1960,2104128,14.5594116874912
LVA,1961,2137830,14.5753018538417
LVA,1962,2167531,14.589099289726
LVA,1963,2195640,14.6019841337466
LVA,1964,2226198,14.615805755649
LVA,1965,2255048,14.6286818167234
LVA,1966,2276789,14.6382766749638
LVA,1967,2289645,14.6439073416792
LVA,1968,2312795,14.6539673078002
LVA,1969,2334443,14.6632838767318
LVA,1970,2351903,14.6707353456536
LVA,1971,2366424,14.6768905128751
LVA,1972,2386353,14.6852768170507
LVA,1973,2404995,14.6930583825178
LVA,1974,2426642,14.7020189666179
LVA,1975,2447730,14.7106716224139
LVA,1976,2464529,14.7175112721511
LVA,1977,2477449,14.722739959707
LVA,1978,2492697,14.7288758148062
LVA,1979,2503145,14.7330584992194
LVA,1980,2508761,14.7352995637368
LVA,1981,2514640,14.7376402101172
LVA,1982,2524202,14.7414355311366
LVA,1983,2537958,14.7468703786562
LVA,1984,2554063,14.7531959824591
LVA,1985,2570030,14.759428129955
LVA,1986,2587716,14.7662861913325
LVA,1987,2612068,14.7756528027302
LVA,1988,2641097,14.7867049191167
LVA,1989,2665770,14.7960035044313
LVA,1990,2668140,14.7968921584041
LVA,1991,2658161,14.7931450882795
LVA,1992,2643000,14.7874251935864
LVA,1993,2585675,14.7654971536952
LVA,1994,2540904,14.7480304811872
LVA,1995,2500580,14.7320332629306
LVA,1996,2469531,14.7195388120324
LVA,1997,2444912,14.7095196884233
LVA,1998,2420789,14.6996040780535
LVA,1999,2399248,14.6906659128857
LVA,2000,2381715,14.6833313743839
LVA,2001,2353384,14.6713648503146
LVA,2002,2320956,14.6574897277309
LVA,2003,2299390,14.6481544283317
LVA,2004,2276520,14.6381585191346
LVA,2005,2249724,14.6263180999898
LVA,2006,2227874,14.6165583254678
LVA,2007,2208840,14.6079780488148
LVA,2008,2191810,14.6002382444611
LVA,2009,2162834,14.5869299567289
LVA,2010,2120504,14.5671643542426
LVA,2011,2074605,14.5452813320801
LVA,2012,2044813,14.5308169007351
LVA,2013,2023825,14.5204998432008
LVA,2014,2001468,14.509391469278
LVA,2015,1986096,14.5016814607876
LVA,2016,1968957,14.4930145188861
LVA,2017,1950116,14.4833994159501
LVA,2018,1934379,14.4752969027043
LVA,2019,1919968,14.4678190771984
LVA,2020,1907675,14.4613957810519
LVA,2021,1893223,14.4537912256833
LVA,2022,1875757,14.4445228692416
LVA,2023,1895239,14.4548555099181
LVA,2024,1878575,14.4460240686716
LVA,2025,1860565,14.4363907630035
MLT,1960,327200,12.6983268837107
MLT,1961,325900,12.6943458648257
MLT,1962,324600,12.6903489340626
MLT,1963,323200,12.6860266056291
MLT,1964,321900,12.6819962172869
MLT,1965,320600,12.6779495191576
MLT,1966,317000,12.6666570528594
MLT,1967,313400,12.6552356089041
MLT,1968,309700,12.6433593659613
MLT,1969,306100,12.6316671249335
MLT,1970,302500,12.619836556453
MLT,1971,302800,12.6208278005454
MLT,1972,302600,12.6201670803364
MLT,1973,302300,12.6191751807675
MLT,1974,302100,12.6185133673748
MLT,1975,301892,12.6178246165032
MLT,1976,306551,12.6331394152961
MLT,1977,304997,12.6280572194756
MLT,1978,308942,12.6409088359962
MLT,1979,311421,12.6489009734878
MLT,1980,315262,12.6611593181305
MLT,1981,318028,12.6698947082006
MLT,1982,319936,12.6758762547732
MLT,1983,331859,12.7124654588934
MLT,1984,329189,12.704387332889
MLT,1985,331997,12.7128812117132
MLT,1986,340907,12.7393649917961
MLT,1987,343334,12.7464590132834
MLT,1988,345636,12.7531414771537
MLT,1989,349014,12.7628673149932
MLT,1990,352430,12.7726072999542
MLT,1991,361908,12.7991453148615
MLT,1992,365781,12.8097900726386
MLT,1993,369455,12.8197842257563
MLT,1994,373161,12.8297652408869
MLT,1995,376433,12.838495355539
MLT,1996,378404,12.8437176869285
MLT,1997,381405,12.8516170816588
MLT,1998,384176,12.8588560599006
MLT,1999,386397,12.8646206173152
MLT,2000,388759,12.870714893333
MLT,2001,391415,12.877523657175
MLT,2002,394641,12.8857317698594
MLT,2003,397296,12.8924368737933
MLT,2004,399867,12.8988872707997
MLT,2005,402668,12.9058676800616
MLT,2006,404999,12.9116398769498
MLT,2007,405616,12.9131621782128
MLT,2008,407832,12.9186106038821
MLT,2009,410926,12.9261684286059
MLT,2010,414027,12.9336864680722
MLT,2011,414989,12.9360072928374
MLT,2012,417546,12.9421499968444
MLT,2013,421464,12.9514896435238
MLT,2014,428156,12.9672428941364
MLT,2015,438805,12.9918104020311
MLT,2016,449635,13.0161914215068
MLT,2017,459375,13.0376221489492
MLT,2018,474837,13.0707268662299
MLT,2019,492968,13.1081995421961
MLT,2020,514855,13.1516405866042
MLT,2021,516125,13.1541042631884
MLT,2022,520174,13.161918649971
MLT,2023,542051,13.203115371936
MLT,2024,563443,13.2418214538407
MLT,2025,574250,13.2608201205513
NLD,1960,11417254,16.2506362779366
NLD,1961,11556008,16.2627160328491
NLD,1962,11721416,16.2769281539277
NLD,1963,11889962,16.2912050726989
NLD,1964,12041970,16.3039086057229
NLD,1965,12212269,16.3179516601082
NLD,1966,12377194,16.3313661436338
NLD,1967,12535307,16.3440597806986
NLD,1968,12661095,16.354044463831
NLD,1969,12798346,16.3648265017904
NLD,1970,12957621,16.3771946672235
NLD,1971,13119430,16.3896048954145
NLD,1972,13269563,16.4009834743419
NLD,1973,13387623,16.409841181371
NLD,1974,13491020,16.4175348368897
NLD,1975,13599092,16.4255135837715
NLD,1976,13733578,16.4353543410269
NLD,1977,13814495,16.4412289612017
NLD,1978,13897874,16.4472464367626
NLD,1979,13985526,16.4535334956377
NLD,1980,14091014,16.4610478472187
NLD,1981,14208586,16.4693569877329
NLD,1982,14285829,16.4747786248648
NLD,1983,14339551,16.4785320816274
NLD,1984,14394589,16.4823629300404
NLD,1985,14453833,16.4864701968632
NLD,1986,14529430,16.491686805596
NLD,1987,14615125,16.4975675093476
NLD,1988,14714948,16.5043744058344
NLD,1989,14805240,16.5104917301261
NLD,1990,14892574,16.5163732574167
NLD,1991,15010445,16.5242568500723
NLD,1992,15129150,16.5321339044111
NLD,1993,15239182,16.5393804322416
NLD,1994,15341553,16.546075587371
NLD,1995,15424122,16.5514432055522
NLD,1996,15493889,16.5559562460848
NLD,1997,15567107,16.5606707205089
NLD,1998,15654192,16.5662492985074
NLD,1999,15760225,16.5729999189418
NLD,2000,15863950,16.5795597973866
NLD,2001,15987075,16.5872911412477
NLD,2002,16105285,16.5946580369584
NLD,2003,16192572,16.6000631765323
NLD,2004,16258032,16.6040976215485
NLD,2005,16305526,16.6070146267281
NLD,2006,16334210,16.6087722394358
NLD,2007,16357992,16.6102271432196
NLD,2008,16405399,16.6131210459347
NLD,2009,16485787,16.6180091737185
NLD,2010,16574989,16.6234054303859
NLD,2011,16655799,16.6282690020407
NLD,2012,16730348,16.632734873703
NLD,2013,16779575,16.6356729309114
NLD,2014,16829289,16.6386313192853
NLD,2015,16900726,16.6428671375505
NLD,2016,16979120,16.6474949118272
NLD,2017,17081507,16.6535069742826
NLD,2018,17181084,16.6593195691539
NLD,2019,17282163,16.6651854871177
NLD,2020,17407585,16.6724165887397
NLD,2021,17475415,16.6763055940139
NLD,2022,17590672,16.6828793195087
NLD,2023,17811291,16.6953431400054
NLD,2024,17942942,16.7027073922312
NLD,2025,18044027,16.7083252738516
NOR,1960,3567707,15.087433650476
NOR,1961,3594771,15.0949908475256
NOR,1962,3624829,15.1033176727445
NOR,1963,3653006,15.1110609482617
NOR,1964,3680068,15.1184417882353
NOR,1965,3708609,15.1261674316643
NOR,1966,3737726,15.1339879630804
NOR,1967,3768298,15.1421339986
NOR,1968,3800780,15.1507168667909
NOR,1969,3832192,15.1589475212018
NOR,1970,3863221,15.1670118494348
NOR,1971,3888305,15.1734838879878
NOR,1972,3917773,15.1810339380848
NOR,1973,3948234,15.1887789482958
NOR,1974,3972990,15.1950295178039
NOR,1975,3997525,15.2011859775794
NOR,1976,4017101,15.206071056167
NOR,1977,4035202,15.210566920391
NOR,1978,4051208,15.2145256662135
NOR,1979,4066134,15.2182032288497
NOR,1980,4078900,15.2213379021865
NOR,1981,4092340,15.224627491556
NOR,1982,4107063,15.228218732485
NOR,1983,4122511,15.2319730016961
NOR,1984,4134353,15.2348414050317
NOR,1985,4145845,15.2376171858473
NOR,1986,4159187,15.2408301804457
NOR,1987,4175521,15.2447496989006
NOR,1988,4198289,15.2501876192991
NOR,1989,4220686,15.2555082320426
NOR,1990,4233116,15.2584489228602
NOR,1991,4249830,15.2623895401006
NOR,1992,4273634,15.267975077128
NOR,1993,4299167,15.2739318409672
NOR,1994,4324815,15.2798799228668
NOR,1995,4348410,15.2853208190058
NOR,1996,4369957,15.2902637272064
NOR,1997,4392714,15.2954578172647
NOR,1998,4417599,15.3011068937907
NOR,1999,4445329,15.3073644399391
NOR,2000,4478497,15.31479805703
NOR,2001,4503436,15.3203512189359
NOR,2002,4524066,15.3249217049711
NOR,2003,4552252,15.3311326135372
NOR,2004,4577457,15.3366541617128
NOR,2005,4606363,15.3429491665049
NOR,2006,4640219,15.3502721213645
NOR,2007,4681134,15.3590509462344
NOR,2008,4737171,15.3709506800511
NOR,2009,4799252,15.3839706304015
NOR,2010,4858199,15.3961783510647
NOR,2011,4920305,15.408881078417
NOR,2012,4985870,15.4221184697213
NOR,2013,5051275,15.4351512446326
NOR,2014,5109056,15.446525209302
NOR,2015,5165802,15.4575709243773
NOR,2016,5213985,15.4668549966015
NOR,2017,5258317,15.475321571538
NOR,2018,5295619,15.4823904329235
NOR,2019,5328212,15.4885262802006
NOR,2020,5367580,15.4958877131419
NOR,2021,5391369,15.5003098995037
NOR,2022,5425270,15.5065782257376
NOR,2023,5488984,15.518253732607
NOR,2024,5550203,15.5293450616303
NOR,2025,5594340,15.5372659303036
POL,1960,29479900,17.1992192331494
POL,1961,29795000,17.2098511521632
POL,1962,30133000,17.2211314746862
POL,1963,30484000,17.2327125137681
POL,1964,30940000,17.2475604031092
POL,1965,31338900,17.260370695361
POL,1966,31551000,17.2671158421703
POL,1967,31811000,17.2753226998863
POL,1968,32163310,17.2863369198644
POL,1969,32426000,17.2944711280922
POL,1970,32670600,17.3019861488815
POL,1971,32658000,17.3016004066444
POL,1972,32909000,17.3092567345569
POL,1973,33202300,17.3181297085956
POL,1974,33512100,17.3274171256103
POL,1975,33845698,17.3373224591425
POL,1976,34184700,17.3472887335127
POL,1977,34527900,17.3572782508356
POL,1978,34850200,17.3665694340353
POL,1979,35081000,17.3731702313333
POL,1980,35413434,17.3826017976407
POL,1981,35734865,17.3916373808202
POL,1982,36062309,17.4007588058581
POL,1983,36398652,17.4100422989542
POL,1984,36744964,17.4195117402195
POL,1985,37063303,17.4281379005921
POL,1986,37340467,17.4355882026949
POL,1987,37571771,17.4417635551136
POL,1988,37764318,17.4468752465172
POL,1989,37884655,17.4500567067996
POL,1990,38038403,17.4541068126361
POL,1991,38183160,17.457905138683
POL,1992,38309226,17.4612013128705
POL,1993,38418108,17.4640394689073
POL,1994,38504707,17.4662910515252
POL,1995,38580597,17.4682600396612
POL,1996,38609399,17.4690063022037
POL,1997,38639341,17.4697815122977
POL,1998,38659979,17.4703154885472
POL,1999,38666983,17.4704966414035
POL,2000,38263303,17.4600018486213
POL,2001,38253955,17.4597575115844
POL,2002,38242197,17.459450097426
POL,2003,38218531,17.4588310606636
POL,2004,38190608,17.458100179473
POL,2005,38173835,17.457660891249
POL,2006,38157055,17.4572212265138
POL,2007,38125479,17.4563933567474
POL,2008,38115641,17.456135280789
POL,2009,38135876,17.4566660243406
POL,2010,38022869,17.4536983524616
POL,2011,38062718,17.45474583084
POL,2012,38063792,17.4547740470291
POL,2013,38062535,17.4547410229742
POL,2014,38017856,17.4535665020615
POL,2015,38005614,17.4532444436208
POL,2016,37967209,17.4522334241073
POL,2017,37972964,17.4523849907889
POL,2018,37976687,17.4524830294225
POL,2019,37972812,17.452380987933
POL,2020,37958138,17.4519944788696
POL,2021,37073357,17.4284091294298
POL,2022,36889761,17.4234445908314
POL,2023,36753736,17.4197504383201
POL,2024,36620970,17.4161315851176
POL,2025,36497495,17.4127541860606
PRT,1960,8826040,15.9932170008657
PRT,1961,8889392,16.0003692137002
PRT,1962,8969240,16.0093115035781
PRT,1963,9018730,16.0148140838996
PRT,1964,9041980,16.0173887349342
PRT,1965,9028750,16.0159244883472
PRT,1966,8968440,16.0092223058669
PRT,1967,8893540,16.0008357284544
PRT,1968,8855500,15.9965492928788
PRT,1969,8817800,15.9922829637628
PRT,1970,8697610,15.9785588332407
PRT,1971,8663252,15.9746007296793
PRT,1972,8624260,15.9700897200995
PRT,1973,8636600,15.971519544813
PRT,1974,8629600,15.9707087120434
PRT,1975,8879130,15.9992141371957
PRT,1976,9307810,16.0463643906476
PRT,1977,9403810,16.0566254842696
PRT,1978,9507540,16.0675957259805
PRT,1979,9608960,16.0782065544867
PRT,1980,9713570,16.0890344349002
PRT,1981,9819054,16.099835341678
PRT,1982,9883670,16.1063944582407
PRT,1983,9939871,16.1120646006813
PRT,1984,9975859,16.1156786323207
PRT,1985,10016605,16.1197547738524
PRT,1986,10030621,16.1211530722787
PRT,1987,10034846,16.1215741938068
PRT,1988,10025215,16.120613977311
PRT,1989,10014005,16.1194951711729
PRT,1990,9995995,16.1176950707368
PRT,1991,9970441,16.1151353736579
PRT,1992,9950029,16.1130860237034
PRT,1993,9954958,16.1135812764861
PRT,1994,9974391,16.1155314662448
PRT,1995,10008659,16.1189611762832
PRT,1996,10043693,16.1224554332807
PRT,1997,10084196,16.1264800038325
PRT,1998,10133758,16.131382784725
PRT,1999,10186634,16.1365870267831
PRT,2000,10249022,16.1426928443623
PRT,2001,10330774,16.1506377656848
PRT,2002,10394669,16.1568036365354
PRT,2003,10444592,16.1615948904578
PRT,2004,10473050,16.1643158489251
PRT,2005,10494672,16.1663782577709
PRT,2006,10511988,16.1680268781534
PRT,2007,10532588,16.1699846278918
PRT,2008,10553339,16.171952860704
PRT,2009,10563014,16.1728692121855
PRT,2010,10573479,16.1738594427649
PRT,2011,10572721,16.1737877513971
PRT,2012,10558950,16.1724843994805
PRT,2013,10503889,16.167256127506
PRT,2014,10444092,16.1615470176478
PRT,2015,10395121,16.1568471194181
PRT,2016,10368554,16.1542881297886
PRT,2017,10344478,16.1519634087297
PRT,2018,10335770,16.151121252435
PRT,2019,10333496,16.1509012155929
PRT,2020,10375395,16.1549476956455
PRT,2021,10394297,16.1567678483197
PRT,2022,10421117,16.159344786241
PRT,2023,10467366,16.163772975265
PRT,2024,10639726,16.1801052896665
PRT,2025,10749635,16.1903823584731
ROU,1960,18319210,16.7234607940097
ROU,1961,18494600,16.7329893555479
ROU,1962,18615900,16.7395266122266
ROU,1963,18737200,16.746021410591
ROU,1964,18858500,16.7524742986026
ROU,1965,18979752,16.758883284675
ROU,1966,19083400,16.7643294051742
ROU,1967,19347500,16.7780737701268
ROU,1968,19720984,16.797193804474
ROU,1969,19878678,16.8051582579876
ROU,1970,20139603,16.8181987330445
ROU,1971,20361192,16.8291412941018
ROU,1972,20561942,16.8389524493435
ROU,1973,20753972,16.8482482080089
ROU,1974,20917390,16.8560914283834
ROU,1975,21141468,16.8667469778119
ROU,1976,21445698,16.881034623783
ROU,1977,21657569,16.8908655587047
ROU,1978,21854622,16.8999229903167
ROU,1979,22048305,16.9087462861541
ROU,1980,22132670,16.9125653554499
ROU,1981,22281894,16.919284978387
ROU,1982,22424246,16.9256533421555
ROU,1983,22527235,16.9302355796219
ROU,1984,22593720,16.9331825495216
ROU,1985,22687374,16.9373191162549
ROU,1986,22778624,16.9413331102959
ROU,1987,22895058,16.9464316373743
ROU,1988,23003802,16.95117006458
ROU,1989,23111521,16.955841795749
ROU,1990,23211395,16.9601538798482
ROU,1991,23192274,16.9593297639326
ROU,1992,22810035,16.9427111286741
ROU,1993,22778533,16.9413291153144
ROU,1994,22748027,16.9399889743257
ROU,1995,22712394,16.9384213246421
ROU,1996,22656145,16.9359416755257
ROU,1997,22581862,16.932657575642
ROU,1998,22526093,16.9301848841438
ROU,1999,22488595,16.9285188497742
ROU,2000,22455485,16.9270454630238
ROU,2001,22430457,16.9259302807873
ROU,2002,21833483,16.8989552668757
ROU,2003,21627509,16.8894766271734
ROU,2004,21521142,16.8845463587644
ROU,2005,21382354,16.8780765604002
ROU,2006,21257016,16.8721975635482
ROU,2007,21130503,16.8662281943255
ROU,2008,20635460,16.8425215131423
ROU,2009,20440290,16.8330185110661
ROU,2010,20294683,16.8258694885224
ROU,2011,20199059,16.8211465771279
ROU,2012,20095996,16.8160311492055
ROU,2013,20020074,16.8122460281482
ROU,2014,19947311,16.8086049052482
ROU,2015,19870647,16.8047541756486
ROU,2016,19760585,16.7991998551089
ROU,2017,19643949,16.7932799099253
ROU,2018,19533481,16.7876405255775
ROU,2019,19414458,16.7815286041989
ROU,2020,19328838,16.7771087355649
ROU,2021,19201662,16.7705073957517
ROU,2022,19043098,16.7622152841757
ROU,2023,19055228,16.7628520575819
ROU,2024,19067576,16.7634998588524
ROU,2025,19043151,16.7622180673324
SVK,1960,3969682,15.1941965486995
SVK,1961,4166507,15.2425885928702
SVK,1962,4216827,15.2545935074622
SVK,1963,4259549,15.2646738440965
SVK,1964,4304484,15.2751678280329
SVK,1965,4350198,15.2857319192704
SVK,1966,4391768,15.2952424374612
SVK,1967,4431564,15.3042631271188
SVK,1968,4467170,15.3122656564715
SVK,1969,4500659,15.3197343884631
SVK,1970,4536555,15.3276784714024
SVK,1971,4539890,15.3284133406491
SVK,1972,4575007,15.3361187867452
SVK,1973,4618236,15.345523371965
SVK,1974,4664653,15.3555240057885
SVK,1975,4714593,15.3661731500694
SVK,1976,4763617,15.3765178115991
SVK,1977,4815396,15.3873288428232
SVK,1978,4865605,15.3977016235272
SVK,1979,4914644,15.4077298776075
SVK,1980,4963301,15.4175816015316
SVK,1981,4996329,15.4242140007416
SVK,1982,5035881,15.4320990440022
SVK,1983,5074316,15.4397022954836
SVK,1984,5109626,15.4466367696775
SVK,1985,5144568,15.4534519587105
SVK,1986,5178967,15.4601161734993
SVK,1987,5208708,15.4658423983314
SVK,1988,5236972,15.4712540266749
SVK,1989,5264220,15.476443544427
SVK,1990,5287663,15.4808869292847
SVK,1991,5310711,15.4852362825596
SVK,1992,5295877,15.4824391512537
SVK,1993,5314155,15.4858845731114
SVK,1994,5336455,15.4900721328074
SVK,1995,5356207,15.4937666332913
SVK,1996,5367790,15.4959268361531
SVK,1997,5378932,15.4980003994205
SVK,1998,5387650,15.4996198552339
SVK,1999,5393382,15.5006832043716
SVK,2000,5398657,15.5016607768989
SVK,2001,5378783,15.4979726983706
SVK,2002,5378951,15.498003931714
SVK,2003,5374873,15.4972455037919
SVK,2004,5371875,15.4966875675534
SVK,2005,5372685,15.4968383415267
SVK,2006,5372928,15.4968835692862
SVK,2007,5373180,15.4969304699873
SVK,2008,5376064,15.4974670658762
SVK,2009,5382401,15.4986451151114
SVK,2010,5390410,15.5001320067826
SVK,2011,5392446,15.5005096432871
SVK,2012,5404322,15.5027095617793
SVK,2013,5410836,15.503914167535
SVK,2014,5415949,15.5048586769863
SVK,2015,5421349,15.505855235436
SVK,2016,5426252,15.5067592141745
SVK,2017,5435343,15.5084331860217
SVK,2018,5443120,15.5098629838388
SVK,2019,5450421,15.5112034113624
SVK,2020,5457873,15.5125697113831
SVK,2021,5459781,15.5129192370266
SVK,2022,5434712,15.508317087253
SVK,2023,5428792,15.5072271993889
SVK,2024,5424687,15.5064707598738
SVK,2025,5419451,15.5055050767726
SVN,1960,1580535,14.2732739552835
SVN,1961,1588904,14.2785550283382
SVN,1962,1599357,14.2851122314366
SVN,1963,1607941,14.2904650365056
SVN,1964,1626000,14.3016335690899
SVN,1965,1638227,14.3091251174319
SVN,1966,1660092,14.3223835804837
SVN,1967,1679717,14.3341358848088
SVN,1968,1699339,14.3457499098856
SVN,1969,1709752,14.3518588887213
SVN,1970,1717995,14.3566684711612
SVN,1971,1731787,14.3646643813272
SVN,1972,1744882,14.3721974895557
SVN,1973,1759584,14.3805879754397
SVN,1974,1773809,14.3886397697644
SVN,1975,1778454,14.3912550055436
SVN,1976,1808707,14.4081227833211
SVN,1977,1831790,14.4208041888249
SVN,1978,1852963,14.4322965374481
SVN,1979,1872133,14.4425889805045
SVN,1980,1893064,14.4537072383891
SVN,1981,1909566,14.4623865490724
SVN,1982,1903495,14.459202228061
SVN,1983,1917173,14.4663622631307
SVN,1984,1927469,14.4717183012812
SVN,1985,1936839,14.4765678207106
SVN,1986,1946442,14.481513648517
SVN,1987,1985486,14.501374278408
SVN,1988,1994066,14.505686328254
SVN,1989,1996325,14.5068185482502
SVN,1990,1996377,14.5068445957739
SVN,1991,1999945,14.5086302381461
SVN,1992,1998912,14.5081135905025
SVN,1993,1994084,14.5056953549958
SVN,1994,1989408,14.5033476650053
SVN,1995,1989477,14.5033823480887
SVN,1996,1990266,14.5037788561096
SVN,1997,1986989,14.5021309855347
SVN,1998,1984923,14.5010906804191
SVN,1999,1978334,14.4977656343417
SVN,2000,1987755,14.5025164191674
SVN,2001,1990094,14.503692431766
SVN,2002,1994026,14.5056662685363
SVN,2003,1995033,14.5061711495227
SVN,2004,1996433,14.5068726461945
SVN,2005,1997590,14.507452011928
SVN,2006,2003358,14.5103353305795
SVN,2007,2010377,14.5138328246367
SVN,2008,2010269,14.5137791019265
SVN,2009,2032362,14.5247092214201
SVN,2010,2046976,14.5318741400999
SVN,2011,2050189,14.5334425419868
SVN,2012,2055496,14.5360277393196
SVN,2013,2058821,14.5376440468253
SVN,2014,2061085,14.5387431011376
SVN,2015,2062874,14.5396107140854
SVN,2016,2064188,14.5402474867069
SVN,2017,2065895,14.5410741045241
SVN,2018,2066880,14.5415507818262
SVN,2019,2080908,14.5483148948838
SVN,2020,2095861,14.5554750054301
SVN,2021,2108977,14.561713553759
SVN,2022,2107180,14.5608611186581
SVN,2023,2116972,14.565497323766
SVN,2024,2123949,14.5687876497563
SVN,2025,2130850,14.5720315191148
SWE,1960,7471345,15.8265855944488
SWE,1961,7497967,15.8301424750947
SWE,1962,7542028,15.8360016693366
SWE,1963,7581148,15.8411751973383
SWE,1964,7627507,15.8472716133044
SWE,1965,7695200,15.8561073158205
SWE,1966,7772506,15.8661031928671
SWE,1967,7843088,15.8751431923282
SWE,1968,7892774,15.8814582153147
SWE,1969,7931772,15.8863870238819
SWE,1970,8004371,15.8954983254356
SWE,1971,8081230,15.9050546466346
SWE,1972,8115438,15.9092787315963
SWE,1973,8129161,15.9109682781667
SWE,1974,8143463,15.9127260774845
SWE,1975,8176447,15.9167682621425
SWE,1976,8208427,15.9206718674567
SWE,1977,8236144,15.9240428311926
SWE,1978,8266936,15.9277745025815
SWE,1979,8284261,15.9298680075199
SWE,1980,8303094,15.9321387743893
SWE,1981,8317967,15.9339284319773
SWE,1982,8323038,15.9345378903792
SWE,1983,8327488,15.9350724080402
SWE,1984,8330577,15.9354432794512
SWE,1985,8342633,15.9368894319439
SWE,1986,8358139,15.9387463526246
SWE,1987,8381519,15.9415397209482
SWE,1988,8414089,15.9454181206854
SWE,1989,8458888,15.9507282808628
SWE,1990,8527039,15.9587527314208
SWE,1991,8590630,15.9661826323654
SWE,1992,8644120,15.9723898789744
SWE,1993,8692013,15.9779151159855
SWE,1994,8745109,15.9840051306225
SWE,1995,8816381,15.9921220263194
SWE,1996,8837496,15.9945141365702
SWE,1997,8844499,15.9953062418011
SWE,1998,8847625,15.9956596193868
SWE,1999,8854322,15.9964162593563
SWE,2000,8861426,15.9972182577118
SWE,2001,8882792,15.9996264799649
SWE,2002,8909128,16.0025869270931
SWE,2003,8940788,16.006134286442
SWE,2004,8975670,16.0100281413629
SWE,2005,9011392,16.0140001126569
SWE,2006,9047752,16.0180268870302
SWE,2007,9113257,16.025240724551
SWE,2008,9182927,16.0328565570922
SWE,2009,9256347,16.0408200363491
SWE,2010,9340682,16.0498898268112
SWE,2011,9415570,16.0578752599296
SWE,2012,9482855,16.0649959892291
SWE,2013,9555893,16.0726685902115
SWE,2014,9644864,16.0819361036523
SWE,2015,9747355,16.0925065241191
SWE,2016,9851017,16.1030852565495
SWE,2017,9995153,16.1176108334533
SWE,2018,10120242,16.1300481345812
SWE,2019,10230185,16.1408532218308
SWE,2020,10327589,16.150329415984
SWE,2021,10379295,16.1553235143203
SWE,2022,10452326,16.1623350953391
SWE,2023,10521556,16.1689366630817
SWE,2024,10551707,16.1717982057459
SWE,2025,10587710,16.1752044524565
