model,bin_id,delta_sv,n_years,hos_year,component,dln,branch
EC-Earth3,-1.5,-1.0275,1,1,gdd_mj,0.0239637755635499,crop
EC-Earth3,-0.5,-0.427,1,2,gdd_mj,0.0159036546244617,crop
EC-Earth3,-1.5,-1.3474,1,3,gdd_mj,-0.00709651641917392,crop
EC-Earth3,-0.5,-0.6618,1,4,gdd_mj,-0.0425269945104531,crop
EC-Earth3,-1.5,-1.6418,1,5,gdd_mj,-0.00920747338847194,crop
EC-Earth3,-1.5,-1.4487,1,6,gdd_mj,-0.0167439479442344,crop
EC-Earth3,-0.5,-0.8901,1,8,gdd_mj,0.00382437655060571,crop
EC-Earth3,-1.5,-1.2916,1,9,gdd_mj,0.0779394488242205,crop
EC-Earth3,-2.5,-2.6913,1,10,gdd_mj,0.0935634184743838,crop
EC-Earth3,-1.5,-1.5274,1,11,gdd_mj,0.0458848002077113,crop
EC-Earth3,-2.5,-2.1055,1,12,gdd_mj,0.0215639867147722,crop
EC-Earth3,-3.5,-3.4794,1,13,gdd_mj,0.038540507103945,crop
EC-Earth3,-2.5,-2.0746,1,14,gdd_mj,0.0160231922976724,crop
EC-Earth3,-3.5,-3.1651,1,15,gdd_mj,-0.0537841502959386,crop
EC-Earth3,-3.5,-3.1261,1,16,gdd_mj,0.0974983533697238,crop
EC-Earth3,-2.5,-2.9432,1,17,gdd_mj,-0.0126826359420533,crop
EC-Earth3,-3.5,-3.0673,1,18,gdd_mj,0.0979807606354759,crop
EC-Earth3,-3.5,-3.5498,1,19,gdd_mj,0.104963494294653,crop
EC-Earth3,-4.5,-4.0869,1,20,gdd_mj,0.12597569239302,crop
EC-Earth3,-2.5,-2.4319,1,21,gdd_mj,0.0819729009230006,crop
EC-Earth3,-3.5,-3.1533,1,22,gdd_mj,0.172206893497184,crop
EC-Earth3,-4.5,-4.2706,1,23,gdd_mj,0.079820300626303,crop
EC-Earth3,-5.5,-5.0118,1,24,gdd_mj,0.012078546682425,crop
EC-Earth3,-4.5,-4.5954,1,25,gdd_mj,0.138214230346403,crop
EC-Earth3,-3.5,-3.0837,1,26,gdd_mj,0.110767934591213,crop
EC-Earth3,-3.5,-3.583,1,27,gdd_mj,0.069470049573084,crop
EC-Earth3,-5.5,-5.0621,1,28,gdd_mj,0.0741913473874832,crop
EC-Earth3,-6.5,-6.0801,1,29,gdd_mj,0.0708060200183848,crop
EC-Earth3,-5.5,-5.4695,1,30,gdd_mj,0.108457270301223,crop
EC-Earth3,-4.5,-4.6618,1,31,gdd_mj,0.0514630791591426,crop
EC-Earth3,-4.5,-4.6709,1,32,gdd_mj,0.107045454234679,crop
EC-Earth3,-6.5,-6.3408,1,33,gdd_mj,0.00958432762767661,crop
EC-Earth3,-5.5,-5.064,1,34,gdd_mj,0.0803250073520575,crop
EC-Earth3,-3.5,-3.9051,1,35,gdd_mj,-0.00697869073706736,crop
EC-Earth3,-5.5,-5.2512,1,36,gdd_mj,0.0505539867038246,crop
EC-Earth3,-4.5,-4.7716,1,37,gdd_mj,-0.0393739814520882,crop
EC-Earth3,-4.5,-4.4358,1,38,gdd_mj,0.0613302221681631,crop
EC-Earth3,-4.5,-4.9035,1,39,gdd_mj,0.0172895106958219,crop
EC-Earth3,-6.5,-6.18,1,40,gdd_mj,0.0444418752701614,crop
EC-Earth3,-6.5,-6.008,1,41,gdd_mj,0.12614267671246,crop
EC-Earth3,-6.5,-6.2364,1,42,gdd_mj,0.0819227016782538,crop
EC-Earth3,-6.5,-6.8341,1,43,gdd_mj,0.0413253654615109,crop
EC-Earth3,-6.5,-6.675,1,44,gdd_mj,-0.0197750155690575,crop
EC-Earth3,-6.5,-6.8501,1,45,gdd_mj,-0.016833605673795,crop
EC-Earth3,-6.5,-6.7223,1,46,gdd_mj,0.0509226016634371,crop
EC-Earth3,-5.5,-5.7248,1,47,gdd_mj,0.0524977831527032,crop
EC-Earth3,-6.5,-6.2241,1,48,gdd_mj,0.0534518621152712,crop
EC-Earth3,-5.5,-5.8453,1,49,gdd_mj,0.000260922991470537,crop
EC-Earth3,-6.5,-6.8563,1,50,gdd_mj,0.0708174838706101,crop
EC-Earth3,-7.5,-7.5461,1,51,gdd_mj,0.078659308810578,crop
EC-Earth3,-6.5,-6.3315,1,52,gdd_mj,0.0762856495930207,crop
EC-Earth3,-6.5,-6.7481,1,53,gdd_mj,-0.0563898988814435,crop
EC-Earth3,-6.5,-6.1066,1,54,gdd_mj,0.0757346301468743,crop
EC-Earth3,-6.5,-6.0168,1,55,gdd_mj,0.100790109038252,crop
EC-Earth3,-5.5,-5.2452,1,56,gdd_mj,0.122884208657314,crop
EC-Earth3,-7.5,-7.1289,1,57,gdd_mj,0.0098819572615344,crop
EC-Earth3,-7.5,-7.2115,1,58,gdd_mj,0.130183011602653,crop
EC-Earth3,-7.5,-7.9509,1,59,gdd_mj,0.00674367508784787,crop
EC-Earth3,-8.5,-8.2102,1,60,gdd_mj,0.0327296311612296,crop
EC-Earth3,-6.5,-6.4442,1,61,gdd_mj,0.154125106394312,crop
EC-Earth3,-7.5,-7.1806,1,62,gdd_mj,0.142000681467008,crop
EC-Earth3,-7.5,-7.7831,1,63,gdd_mj,0.117456235117871,crop
EC-Earth3,-7.5,-7.286,1,64,gdd_mj,0.0310254297973404,crop
EC-Earth3,-6.5,-6.7982,1,65,gdd_mj,0.0352550898600721,crop
EC-Earth3,-7.5,-7.5499,1,66,gdd_mj,0.00704158054268227,crop
EC-Earth3,-7.5,-7.3663,1,67,gdd_mj,0.0451207974821501,crop
EC-Earth3,-7.5,-7.4385,1,68,gdd_mj,0.140040335287032,crop
EC-Earth3,-7.5,-7.9514,1,69,gdd_mj,0.115911127404592,crop
EC-Earth3,-7.5,-7.4094,1,70,gdd_mj,0.139349864963463,crop
EC-Earth3,-7.5,-7.3154,1,71,gdd_mj,0.145606556685644,crop
EC-Earth3,-7.5,-7.6278,1,72,gdd_mj,0.0692220701665012,crop
EC-Earth3,-9.5,-9.1196,1,73,gdd_mj,0.113821412561352,crop
EC-Earth3,-8.5,-8.8784,1,74,gdd_mj,-0.00128908047257918,crop
EC-Earth3,-8.5,-8.3663,1,75,gdd_mj,0.0373776789126878,crop
EC-Earth3,-6.5,-6.7767,1,76,gdd_mj,0.119044614350797,crop
EC-Earth3,-7.5,-7.9209,1,77,gdd_mj,0.116308508055729,crop
EC-Earth3,-7.5,-7.5061,1,78,gdd_mj,0.0633434802129232,crop
EC-Earth3,-8.5,-8.0807,1,79,gdd_mj,0.116786821245843,crop
EC-Earth3,-9.5,-9.0422,1,80,gdd_mj,0.114342894800363,crop
EC-Earth3,-8.5,-8.9544,1,81,gdd_mj,0.0677453507752579,crop
EC-Earth3,-9.5,-9.0564,1,82,gdd_mj,0.117992800685709,crop
EC-Earth3,-7.5,-7.7863,1,83,gdd_mj,0.114051360355848,crop
EC-Earth3,-8.5,-8.1585,1,84,gdd_mj,0.0675520806798584,crop
EC-Earth3,-8.5,-8.7355,1,85,gdd_mj,0.14298066617143,crop
EC-Earth3,-8.5,-8.4153,1,86,gdd_mj,0.130946324378146,crop
EC-Earth3,-8.5,-8.2917,1,87,gdd_mj,0.122573289145208,crop
EC-Earth3,-7.5,-7.7779,1,88,gdd_mj,0.164844533793644,crop
EC-Earth3,-6.5,-6.3297,1,89,gdd_mj,0.0539861979249788,crop
EC-Earth3,-6.5,-6.6027,1,90,gdd_mj,0.0703201955494331,crop
EC-Earth3,-6.5,-6.8486,1,91,gdd_mj,0.0179423093451874,crop
EC-Earth3,-8.5,-8.4349,1,92,gdd_mj,0.104201296082599,crop
EC-Earth3,-8.5,-8.8942,1,93,gdd_mj,0.129438238387215,crop
EC-Earth3,-7.5,-7.973,1,94,gdd_mj,0.140573085774875,crop
EC-Earth3,-9.5,-9.4034,1,95,gdd_mj,0.0813056657303171,crop
EC-Earth3,-8.5,-8.7768,1,96,gdd_mj,0.182814407218872,crop
EC-Earth3,-8.5,-8.4777,1,97,gdd_mj,0.182794304247468,crop
EC-Earth3,-8.5,-8.3893,1,98,gdd_mj,0.18966738198577,crop
EC-Earth3,-7.5,-7.4134,1,99,gdd_mj,0.161912614109741,crop
EC-Earth3,-8.5,-8.0258,1,100,gdd_mj,0.124184618873562,crop
EC-Earth3,-1.5,-1.0275,1,1,heat_mj,-0.00106093823469557,crop
EC-Earth3,-0.5,-0.427,1,2,heat_mj,-0.00212208777207846,crop
EC-Earth3,-1.5,-1.3474,1,3,heat_mj,0.00220746386973595,crop
EC-Earth3,-0.5,-0.6618,1,4,heat_mj,-0.0136608277383295,crop
EC-Earth3,-1.5,-1.6418,1,5,heat_mj,1.530483758402e-05,crop
EC-Earth3,-1.5,-1.4487,1,6,heat_mj,0.0011747964517222,crop
EC-Earth3,-0.5,-0.8901,1,8,heat_mj,-0.00863994085629188,crop
EC-Earth3,-1.5,-1.2916,1,9,heat_mj,0.00559757997494543,crop
EC-Earth3,-2.5,-2.6913,1,10,heat_mj,0.00306752814270198,crop
EC-Earth3,-1.5,-1.5274,1,11,heat_mj,0.000308959952997504,crop
EC-Earth3,-2.5,-2.1055,1,12,heat_mj,-0.00386582847972389,crop
EC-Earth3,-3.5,-3.4794,1,13,heat_mj,-0.00336177788799968,crop
EC-Earth3,-2.5,-2.0746,1,14,heat_mj,0.00352967212207706,crop
EC-Earth3,-3.5,-3.1651,1,15,heat_mj,-0.0274516950226753,crop
EC-Earth3,-3.5,-3.1261,1,16,heat_mj,0.00938164979884102,crop
EC-Earth3,-2.5,-2.9432,1,17,heat_mj,-0.0102391301893881,crop
EC-Earth3,-3.5,-3.0673,1,18,heat_mj,0.00575731440007016,crop
EC-Earth3,-3.5,-3.5498,1,19,heat_mj,0.0120735064950357,crop
EC-Earth3,-4.5,-4.0869,1,20,heat_mj,0.0110218436235675,crop
EC-Earth3,-2.5,-2.4319,1,21,heat_mj,0.00218426822439083,crop
EC-Earth3,-3.5,-3.1533,1,22,heat_mj,0.0116020298539084,crop
EC-Earth3,-4.5,-4.2706,1,23,heat_mj,0.0076092716086031,crop
EC-Earth3,-5.5,-5.0118,1,24,heat_mj,-0.0101528285482684,crop
EC-Earth3,-4.5,-4.5954,1,25,heat_mj,0.0110133655017645,crop
EC-Earth3,-3.5,-3.0837,1,26,heat_mj,0.00835988509514946,crop
EC-Earth3,-3.5,-3.583,1,27,heat_mj,0.00536036665629896,crop
EC-Earth3,-5.5,-5.0621,1,28,heat_mj,0.00350041975146844,crop
EC-Earth3,-6.5,-6.0801,1,29,heat_mj,0.00272338137004558,crop
EC-Earth3,-5.5,-5.4695,1,30,heat_mj,0.00985518805659161,crop
EC-Earth3,-4.5,-4.6618,1,31,heat_mj,0.000146193890841539,crop
EC-Earth3,-4.5,-4.6709,1,32,heat_mj,0.0132536813495386,crop
EC-Earth3,-6.5,-6.3408,1,33,heat_mj,-0.00733577836330414,crop
EC-Earth3,-5.5,-5.064,1,34,heat_mj,0.00591885401914075,crop
EC-Earth3,-3.5,-3.9051,1,35,heat_mj,-0.0267997146217486,crop
EC-Earth3,-5.5,-5.2512,1,36,heat_mj,4.18744930419797e-05,crop
EC-Earth3,-4.5,-4.7716,1,37,heat_mj,-0.0359360180957536,crop
EC-Earth3,-4.5,-4.4358,1,38,heat_mj,-0.0043788885968544,crop
EC-Earth3,-4.5,-4.9035,1,39,heat_mj,-0.0133719946014435,crop
EC-Earth3,-6.5,-6.18,1,40,heat_mj,-0.00797854936111545,crop
EC-Earth3,-6.5,-6.008,1,41,heat_mj,0.0063511527172001,crop
EC-Earth3,-6.5,-6.2364,1,42,heat_mj,0.00411636629006366,crop
EC-Earth3,-6.5,-6.8341,1,43,heat_mj,-0.00544978220564064,crop
EC-Earth3,-6.5,-6.675,1,44,heat_mj,-0.0147239397222159,crop
EC-Earth3,-6.5,-6.8501,1,45,heat_mj,-0.0133415065666823,crop
EC-Earth3,-6.5,-6.7223,1,46,heat_mj,-0.00515404839046542,crop
EC-Earth3,-5.5,-5.7248,1,47,heat_mj,-0.00752358760420706,crop
EC-Earth3,-6.5,-6.2241,1,48,heat_mj,0.000763469046088871,crop
EC-Earth3,-5.5,-5.8453,1,49,heat_mj,-0.00465388688910716,crop
EC-Earth3,-6.5,-6.8563,1,50,heat_mj,0.00634433337974794,crop
EC-Earth3,-7.5,-7.5461,1,51,heat_mj,0.00721227968252949,crop
EC-Earth3,-6.5,-6.3315,1,52,heat_mj,0.00532303448271526,crop
EC-Earth3,-6.5,-6.7481,1,53,heat_mj,-0.00753667259653255,crop
EC-Earth3,-6.5,-6.1066,1,54,heat_mj,0.00287221834225716,crop
EC-Earth3,-6.5,-6.0168,1,55,heat_mj,0.00442267275564846,crop
EC-Earth3,-5.5,-5.2452,1,56,heat_mj,0.0122057691504194,crop
EC-Earth3,-7.5,-7.1289,1,57,heat_mj,-0.0113648175396812,crop
EC-Earth3,-7.5,-7.2115,1,58,heat_mj,0.00652764466628392,crop
EC-Earth3,-7.5,-7.9509,1,59,heat_mj,-0.00470094534137585,crop
EC-Earth3,-8.5,-8.2102,1,60,heat_mj,0.00466886301418852,crop
EC-Earth3,-6.5,-6.4442,1,61,heat_mj,0.0160574911646026,crop
EC-Earth3,-7.5,-7.1806,1,62,heat_mj,0.0144050389343758,crop
EC-Earth3,-7.5,-7.7831,1,63,heat_mj,0.011255353907366,crop
EC-Earth3,-7.5,-7.286,1,64,heat_mj,-0.00536823377311911,crop
EC-Earth3,-6.5,-6.7982,1,65,heat_mj,-0.00231483654194729,crop
EC-Earth3,-7.5,-7.5499,1,66,heat_mj,-0.00314329618686329,crop
EC-Earth3,-7.5,-7.3663,1,67,heat_mj,-0.00292277838647153,crop
EC-Earth3,-7.5,-7.4385,1,68,heat_mj,0.0085966728138371,crop
EC-Earth3,-7.5,-7.9514,1,69,heat_mj,0.00152030537469739,crop
EC-Earth3,-7.5,-7.4094,1,70,heat_mj,0.00635330725262921,crop
EC-Earth3,-7.5,-7.3154,1,71,heat_mj,0.0133223825477487,crop
EC-Earth3,-7.5,-7.6278,1,72,heat_mj,0.00438730562204739,crop
EC-Earth3,-9.5,-9.1196,1,73,heat_mj,0.00260689112264893,crop
EC-Earth3,-8.5,-8.8784,1,74,heat_mj,-0.0114352736103776,crop
EC-Earth3,-8.5,-8.3663,1,75,heat_mj,0.00304635608018109,crop
EC-Earth3,-6.5,-6.7767,1,76,heat_mj,0.00860857814625885,crop
EC-Earth3,-7.5,-7.9209,1,77,heat_mj,0.00909961849772764,crop
EC-Earth3,-7.5,-7.5061,1,78,heat_mj,0.00432586626386358,crop
EC-Earth3,-8.5,-8.0807,1,79,heat_mj,0.00315483304134662,crop
EC-Earth3,-9.5,-9.0422,1,80,heat_mj,0.00647612730231258,crop
EC-Earth3,-8.5,-8.9544,1,81,heat_mj,0.0082871055038323,crop
EC-Earth3,-9.5,-9.0564,1,82,heat_mj,0.0127849178338359,crop
EC-Earth3,-7.5,-7.7863,1,83,heat_mj,0.0105785222793239,crop
EC-Earth3,-8.5,-8.1585,1,84,heat_mj,-0.000499437589425546,crop
EC-Earth3,-8.5,-8.7355,1,85,heat_mj,0.0132401498109735,crop
EC-Earth3,-8.5,-8.4153,1,86,heat_mj,0.00533401534765116,crop
EC-Earth3,-8.5,-8.2917,1,87,heat_mj,0.00760250659633653,crop
EC-Earth3,-7.5,-7.7779,1,88,heat_mj,0.0139088239939647,crop
EC-Earth3,-6.5,-6.3297,1,89,heat_mj,0.00281338513369167,crop
EC-Earth3,-6.5,-6.6027,1,90,heat_mj,0.00516153131969653,crop
EC-Earth3,-6.5,-6.8486,1,91,heat_mj,-0.00260889830505381,crop
EC-Earth3,-8.5,-8.4349,1,92,heat_mj,0.00411166887892486,crop
EC-Earth3,-8.5,-8.8942,1,93,heat_mj,0.0124166379966688,crop
EC-Earth3,-7.5,-7.973,1,94,heat_mj,0.0106616046399415,crop
EC-Earth3,-9.5,-9.4034,1,95,heat_mj,0.00740126860113767,crop
EC-Earth3,-8.5,-8.7768,1,96,heat_mj,0.0129910227516999,crop
EC-Earth3,-8.5,-8.4777,1,97,heat_mj,0.00934807231853665,crop
EC-Earth3,-8.5,-8.3893,1,98,heat_mj,0.0123180573742601,crop
EC-Earth3,-7.5,-7.4134,1,99,heat_mj,0.0140297354276742,crop
EC-Earth3,-8.5,-8.0258,1,100,heat_mj,0.00603381874712466,crop
EC-Earth3,-1.5,-1.0275,1,1,frost_mj,-0.013219049227758,crop
EC-Earth3,-0.5,-0.427,1,2,frost_mj,-0.0152332224627284,crop
EC-Earth3,-1.5,-1.3474,1,3,frost_mj,-0.00789221154874031,crop
EC-Earth3,-0.5,-0.6618,1,4,frost_mj,0.00613365077381025,crop
EC-Earth3,-1.5,-1.6418,1,5,frost_mj,0.00917503415026558,crop
EC-Earth3,-1.5,-1.4487,1,6,frost_mj,0.0065803527835369,crop
EC-Earth3,-0.5,-0.8901,1,8,frost_mj,-0.0131016694140887,crop
EC-Earth3,-1.5,-1.2916,1,9,frost_mj,-0.0169314702182673,crop
EC-Earth3,-2.5,-2.6913,1,10,frost_mj,-0.0509416133279028,crop
EC-Earth3,-1.5,-1.5274,1,11,frost_mj,-0.0106790565494786,crop
EC-Earth3,-2.5,-2.1055,1,12,frost_mj,-0.0189299183501791,crop
EC-Earth3,-3.5,-3.4794,1,13,frost_mj,-0.0230616698884874,crop
EC-Earth3,-2.5,-2.0746,1,14,frost_mj,-0.0130876531820081,crop
EC-Earth3,-3.5,-3.1651,1,15,frost_mj,0.00247154025108034,crop
EC-Earth3,-3.5,-3.1261,1,16,frost_mj,-0.0407714222004394,crop
EC-Earth3,-2.5,-2.9432,1,17,frost_mj,0.0122837720414397,crop
EC-Earth3,-3.5,-3.0673,1,18,frost_mj,-0.0581947335121532,crop
EC-Earth3,-3.5,-3.5498,1,19,frost_mj,-0.0206266978892398,crop
EC-Earth3,-4.5,-4.0869,1,20,frost_mj,-0.0244779701978174,crop
EC-Earth3,-2.5,-2.4319,1,21,frost_mj,-0.039849820844334,crop
EC-Earth3,-3.5,-3.1533,1,22,frost_mj,-0.0694582632277238,crop
EC-Earth3,-4.5,-4.2706,1,23,frost_mj,-0.0171302986235138,crop
EC-Earth3,-5.5,-5.0118,1,24,frost_mj,-0.0165441589357142,crop
EC-Earth3,-4.5,-4.5954,1,25,frost_mj,-0.0720870614943001,crop
EC-Earth3,-3.5,-3.0837,1,26,frost_mj,-0.0393745700456528,crop
EC-Earth3,-3.5,-3.583,1,27,frost_mj,-0.0470428959014476,crop
EC-Earth3,-5.5,-5.0621,1,28,frost_mj,-0.0421645376749492,crop
EC-Earth3,-6.5,-6.0801,1,29,frost_mj,-0.0438301304956423,crop
EC-Earth3,-5.5,-5.4695,1,30,frost_mj,-0.0443799581451531,crop
EC-Earth3,-4.5,-4.6618,1,31,frost_mj,-0.0293245435222119,crop
EC-Earth3,-4.5,-4.6709,1,32,frost_mj,-0.0366980987497503,crop
EC-Earth3,-6.5,-6.3408,1,33,frost_mj,-0.00480291948247805,crop
EC-Earth3,-5.5,-5.064,1,34,frost_mj,-0.0267093675764671,crop
EC-Earth3,-3.5,-3.9051,1,35,frost_mj,-0.0516970495538058,crop
EC-Earth3,-5.5,-5.2512,1,36,frost_mj,-0.051894437120362,crop
EC-Earth3,-4.5,-4.7716,1,37,frost_mj,-0.0134757785975849,crop
EC-Earth3,-4.5,-4.4358,1,38,frost_mj,-0.0226224936149096,crop
EC-Earth3,-4.5,-4.9035,1,39,frost_mj,-0.0342357612924832,crop
EC-Earth3,-6.5,-6.18,1,40,frost_mj,-0.0305109808101329,crop
EC-Earth3,-6.5,-6.008,1,41,frost_mj,-0.0889744702807584,crop
EC-Earth3,-6.5,-6.2364,1,42,frost_mj,-0.0447165574417935,crop
EC-Earth3,-6.5,-6.8341,1,43,frost_mj,-0.0174514831070861,crop
EC-Earth3,-6.5,-6.675,1,44,frost_mj,-0.0105874149117178,crop
EC-Earth3,-6.5,-6.8501,1,45,frost_mj,-0.0373617229802883,crop
EC-Earth3,-6.5,-6.7223,1,46,frost_mj,-0.0210101088770079,crop
EC-Earth3,-5.5,-5.7248,1,47,frost_mj,-0.0204067414607019,crop
EC-Earth3,-6.5,-6.2241,1,48,frost_mj,-0.0381055782726177,crop
EC-Earth3,-5.5,-5.8453,1,49,frost_mj,-0.0239470064284731,crop
EC-Earth3,-6.5,-6.8563,1,50,frost_mj,-0.0100998356685997,crop
EC-Earth3,-7.5,-7.5461,1,51,frost_mj,-0.029295466536846,crop
EC-Earth3,-6.5,-6.3315,1,52,frost_mj,-0.0108435117766029,crop
EC-Earth3,-6.5,-6.7481,1,53,frost_mj,0.0189435014663049,crop
EC-Earth3,-6.5,-6.1066,1,54,frost_mj,-0.0119178585419182,crop
EC-Earth3,-6.5,-6.0168,1,55,frost_mj,-0.0569621736409235,crop
EC-Earth3,-5.5,-5.2452,1,56,frost_mj,-0.0354594950790597,crop
EC-Earth3,-7.5,-7.1289,1,57,frost_mj,-0.0171311299388857,crop
EC-Earth3,-7.5,-7.2115,1,58,frost_mj,-0.0832297126791319,crop
EC-Earth3,-7.5,-7.9509,1,59,frost_mj,0.00149554634110949,crop
EC-Earth3,-8.5,-8.2102,1,60,frost_mj,0.00462075275902543,crop
EC-Earth3,-6.5,-6.4442,1,61,frost_mj,-0.0685834383041413,crop
EC-Earth3,-7.5,-7.1806,1,62,frost_mj,-0.0512712714669502,crop
EC-Earth3,-7.5,-7.7831,1,63,frost_mj,-0.0253548884399671,crop
EC-Earth3,-7.5,-7.286,1,64,frost_mj,-0.0101532876452357,crop
EC-Earth3,-6.5,-6.7982,1,65,frost_mj,-0.0188221468302655,crop
EC-Earth3,-7.5,-7.5499,1,66,frost_mj,-0.0135741358467364,crop
EC-Earth3,-7.5,-7.3663,1,67,frost_mj,-0.0427562830031776,crop
EC-Earth3,-7.5,-7.4385,1,68,frost_mj,-0.0618470877912245,crop
EC-Earth3,-7.5,-7.9514,1,69,frost_mj,-0.0676910043552216,crop
EC-Earth3,-7.5,-7.4094,1,70,frost_mj,-0.08148614709438,crop
EC-Earth3,-7.5,-7.3154,1,71,frost_mj,-0.0377715875968811,crop
EC-Earth3,-7.5,-7.6278,1,72,frost_mj,-0.0101923554168163,crop
EC-Earth3,-9.5,-9.1196,1,73,frost_mj,-0.0400417897054137,crop
EC-Earth3,-8.5,-8.8784,1,74,frost_mj,-0.0159172423496552,crop
EC-Earth3,-8.5,-8.3663,1,75,frost_mj,-0.0190811347974108,crop
EC-Earth3,-6.5,-6.7767,1,76,frost_mj,-0.0426218371353407,crop
EC-Earth3,-7.5,-7.9209,1,77,frost_mj,-0.0772562444162662,crop
EC-Earth3,-7.5,-7.5061,1,78,frost_mj,-0.0466161276276418,crop
EC-Earth3,-8.5,-8.0807,1,79,frost_mj,-0.0732443159753029,crop
EC-Earth3,-9.5,-9.0422,1,80,frost_mj,-0.0697172421572087,crop
EC-Earth3,-8.5,-8.9544,1,81,frost_mj,-0.0339073527645016,crop
EC-Earth3,-9.5,-9.0564,1,82,frost_mj,-0.0234369862784127,crop
EC-Earth3,-7.5,-7.7863,1,83,frost_mj,-0.0476573393559253,crop
EC-Earth3,-8.5,-8.1585,1,84,frost_mj,-0.0260612336415853,crop
EC-Earth3,-8.5,-8.7355,1,85,frost_mj,-0.0611892781649675,crop
EC-Earth3,-8.5,-8.4153,1,86,frost_mj,-0.0630951167345041,crop
EC-Earth3,-8.5,-8.2917,1,87,frost_mj,-0.0543470390712168,crop
EC-Earth3,-7.5,-7.7779,1,88,frost_mj,-0.0594403962655162,crop
EC-Earth3,-6.5,-6.3297,1,89,frost_mj,-0.0247633149258347,crop
EC-Earth3,-6.5,-6.6027,1,90,frost_mj,-0.0381518580053612,crop
EC-Earth3,-6.5,-6.8486,1,91,frost_mj,-0.0223447684438101,crop
EC-Earth3,-8.5,-8.4349,1,92,frost_mj,-0.087139187772862,crop
EC-Earth3,-8.5,-8.8942,1,93,frost_mj,-0.0600327222162283,crop
EC-Earth3,-7.5,-7.973,1,94,frost_mj,-0.0863136728832672,crop
EC-Earth3,-9.5,-9.4034,1,95,frost_mj,-0.0424467535375939,crop
EC-Earth3,-8.5,-8.7768,1,96,frost_mj,-0.0824902359087138,crop
EC-Earth3,-8.5,-8.4777,1,97,frost_mj,-0.113546886904499,crop
EC-Earth3,-8.5,-8.3893,1,98,frost_mj,-0.0896809497190403,crop
EC-Earth3,-7.5,-7.4134,1,99,frost_mj,-0.0491142536724625,crop
EC-Earth3,-8.5,-8.0258,1,100,frost_mj,-0.0955467668785069,crop
EC-Earth3,-1.5,-1.0275,1,1,precip_mj,-0.0030992700186475,crop
EC-Earth3,-0.5,-0.427,1,2,precip_mj,-0.0022988476620462,crop
EC-Earth3,-1.5,-1.3474,1,3,precip_mj,-0.00647242564301359,crop
EC-Earth3,-0.5,-0.6618,1,4,precip_mj,-0.031032334095283,crop
EC-Earth3,-1.5,-1.6418,1,5,precip_mj,-0.0324327773151599,crop
EC-Earth3,-1.5,-1.4487,1,6,precip_mj,-0.016075986671397,crop
EC-Earth3,-0.5,-0.8901,1,8,precip_mj,-0.0396010270086974,crop
EC-Earth3,-1.5,-1.2916,1,9,precip_mj,0.0201026009883782,crop
EC-Earth3,-2.5,-2.6913,1,10,precip_mj,-0.0273028611443257,crop
EC-Earth3,-1.5,-1.5274,1,11,precip_mj,0.0039997054616632,crop
EC-Earth3,-2.5,-2.1055,1,12,precip_mj,-0.0933270155083201,crop
EC-Earth3,-3.5,-3.4794,1,13,precip_mj,-0.0167115135347204,crop
EC-Earth3,-2.5,-2.0746,1,14,precip_mj,0.00978151105917147,crop
EC-Earth3,-3.5,-3.1651,1,15,precip_mj,-0.0392029920676032,crop
EC-Earth3,-3.5,-3.1261,1,16,precip_mj,0.0503990119534213,crop
EC-Earth3,-2.5,-2.9432,1,17,precip_mj,-0.0474169761948824,crop
EC-Earth3,-3.5,-3.0673,1,18,precip_mj,-0.0135660976372235,crop
EC-Earth3,-3.5,-3.5498,1,19,precip_mj,-0.0147158223198264,crop
EC-Earth3,-4.5,-4.0869,1,20,precip_mj,-0.00281177328670761,crop
EC-Earth3,-2.5,-2.4319,1,21,precip_mj,-0.0436069702720355,crop
EC-Earth3,-3.5,-3.1533,1,22,precip_mj,-0.0367951910568031,crop
EC-Earth3,-4.5,-4.2706,1,23,precip_mj,-0.0529314597314131,crop
EC-Earth3,-5.5,-5.0118,1,24,precip_mj,-0.0679319728569956,crop
EC-Earth3,-4.5,-4.5954,1,25,precip_mj,-0.000272255220319411,crop
EC-Earth3,-3.5,-3.0837,1,26,precip_mj,-0.0344909886163378,crop
EC-Earth3,-3.5,-3.583,1,27,precip_mj,-0.0167620605889264,crop
EC-Earth3,-5.5,-5.0621,1,28,precip_mj,-0.0533716892916594,crop
EC-Earth3,-6.5,-6.0801,1,29,precip_mj,-0.0653223718850942,crop
EC-Earth3,-5.5,-5.4695,1,30,precip_mj,-0.0294923943509133,crop
EC-Earth3,-4.5,-4.6618,1,31,precip_mj,-0.0668218655182931,crop
EC-Earth3,-4.5,-4.6709,1,32,precip_mj,0.0184540738484907,crop
EC-Earth3,-6.5,-6.3408,1,33,precip_mj,-0.107206547111515,crop
EC-Earth3,-5.5,-5.064,1,34,precip_mj,0.0121067728267852,crop
EC-Earth3,-3.5,-3.9051,1,35,precip_mj,-0.0780785945294125,crop
EC-Earth3,-5.5,-5.2512,1,36,precip_mj,-0.0334737121333732,crop
EC-Earth3,-4.5,-4.7716,1,37,precip_mj,-0.0909989531065597,crop
EC-Earth3,-4.5,-4.4358,1,38,precip_mj,-0.0688846917007952,crop
EC-Earth3,-4.5,-4.9035,1,39,precip_mj,-0.0674794678646984,crop
EC-Earth3,-6.5,-6.18,1,40,precip_mj,-0.0672539581330841,crop
EC-Earth3,-6.5,-6.008,1,41,precip_mj,0.00984843995340329,crop
EC-Earth3,-6.5,-6.2364,1,42,precip_mj,-0.037508689417801,crop
EC-Earth3,-6.5,-6.8341,1,43,precip_mj,-0.061168893515359,crop
EC-Earth3,-6.5,-6.675,1,44,precip_mj,-0.0454797841488618,crop
EC-Earth3,-6.5,-6.8501,1,45,precip_mj,-0.0649972178626889,crop
EC-Earth3,-6.5,-6.7223,1,46,precip_mj,-0.0860040661516729,crop
EC-Earth3,-5.5,-5.7248,1,47,precip_mj,-0.0482431128712887,crop
EC-Earth3,-6.5,-6.2241,1,48,precip_mj,-0.0322601606602785,crop
EC-Earth3,-5.5,-5.8453,1,49,precip_mj,-0.0539790463274038,crop
EC-Earth3,-6.5,-6.8563,1,50,precip_mj,0.00200932602550055,crop
EC-Earth3,-7.5,-7.5461,1,51,precip_mj,0.00345390962023611,crop
EC-Earth3,-6.5,-6.3315,1,52,precip_mj,0.0133965443229378,crop
EC-Earth3,-6.5,-6.7481,1,53,precip_mj,-0.0950272800724695,crop
EC-Earth3,-6.5,-6.1066,1,54,precip_mj,-0.0423469975126215,crop
EC-Earth3,-6.5,-6.0168,1,55,precip_mj,0.0117095944601278,crop
EC-Earth3,-5.5,-5.2452,1,56,precip_mj,0.020953211046149,crop
EC-Earth3,-7.5,-7.1289,1,57,precip_mj,-0.0880098731004949,crop
EC-Earth3,-7.5,-7.2115,1,58,precip_mj,-0.0317173997267938,crop
EC-Earth3,-7.5,-7.9509,1,59,precip_mj,-0.0693290542941731,crop
EC-Earth3,-8.5,-8.2102,1,60,precip_mj,-0.00921362907057823,crop
EC-Earth3,-6.5,-6.4442,1,61,precip_mj,0.0782708175546876,crop
EC-Earth3,-7.5,-7.1806,1,62,precip_mj,0.00766805160466877,crop
EC-Earth3,-7.5,-7.7831,1,63,precip_mj,-0.00276059746050199,crop
EC-Earth3,-7.5,-7.286,1,64,precip_mj,-0.077924675212179,crop
EC-Earth3,-6.5,-6.7982,1,65,precip_mj,-0.0790944213583394,crop
EC-Earth3,-7.5,-7.5499,1,66,precip_mj,-0.0700057245293328,crop
EC-Earth3,-7.5,-7.3663,1,67,precip_mj,-0.0380021592115704,crop
EC-Earth3,-7.5,-7.4385,1,68,precip_mj,0.00568356597663826,crop
EC-Earth3,-7.5,-7.9514,1,69,precip_mj,-0.0610228999160814,crop
EC-Earth3,-7.5,-7.4094,1,70,precip_mj,-0.0130846142382621,crop
EC-Earth3,-7.5,-7.3154,1,71,precip_mj,0.0015556803983311,crop
EC-Earth3,-7.5,-7.6278,1,72,precip_mj,-0.056182293025789,crop
EC-Earth3,-9.5,-9.1196,1,73,precip_mj,-0.0184858015030703,crop
EC-Earth3,-8.5,-8.8784,1,74,precip_mj,-0.0527580666760765,crop
EC-Earth3,-8.5,-8.3663,1,75,precip_mj,-0.0119214746756928,crop
EC-Earth3,-6.5,-6.7767,1,76,precip_mj,-0.0226524241746945,crop
EC-Earth3,-7.5,-7.9209,1,77,precip_mj,0.0124879349644068,crop
EC-Earth3,-7.5,-7.5061,1,78,precip_mj,-0.0803340976209747,crop
EC-Earth3,-8.5,-8.0807,1,79,precip_mj,-0.0470281750478309,crop
EC-Earth3,-9.5,-9.0422,1,80,precip_mj,-0.0227732350630478,crop
EC-Earth3,-8.5,-8.9544,1,81,precip_mj,-0.0718768162142242,crop
EC-Earth3,-9.5,-9.0564,1,82,precip_mj,0.0103613382384508,crop
EC-Earth3,-7.5,-7.7863,1,83,precip_mj,-0.00220309829358493,crop
EC-Earth3,-8.5,-8.1585,1,84,precip_mj,-0.0725118564633177,crop
EC-Earth3,-8.5,-8.7355,1,85,precip_mj,-0.0270301276603042,crop
EC-Earth3,-8.5,-8.4153,1,86,precip_mj,-0.0195759605678932,crop
EC-Earth3,-8.5,-8.2917,1,87,precip_mj,-0.00288105601007956,crop
EC-Earth3,-7.5,-7.7779,1,88,precip_mj,0.00896888854866536,crop
EC-Earth3,-6.5,-6.3297,1,89,precip_mj,-0.0556004586795231,crop
EC-Earth3,-6.5,-6.6027,1,90,precip_mj,-0.0364087012516773,crop
EC-Earth3,-6.5,-6.8486,1,91,precip_mj,-0.0961933445616477,crop
EC-Earth3,-8.5,-8.4349,1,92,precip_mj,-0.0696717904369194,crop
EC-Earth3,-8.5,-8.8942,1,93,precip_mj,0.0110765011061406,crop
EC-Earth3,-7.5,-7.973,1,94,precip_mj,-0.0285370935960493,crop
EC-Earth3,-9.5,-9.4034,1,95,precip_mj,-0.0160104282998791,crop
EC-Earth3,-8.5,-8.7768,1,96,precip_mj,-0.00954430229991366,crop
EC-Earth3,-8.5,-8.4777,1,97,precip_mj,-0.0616931348870103,crop
EC-Earth3,-8.5,-8.3893,1,98,precip_mj,-0.0193974677942321,crop
EC-Earth3,-7.5,-7.4134,1,99,precip_mj,-0.038152355238211,crop
EC-Earth3,-8.5,-8.0258,1,100,precip_mj,-0.0623580354637444,crop
EC-Earth3,-1.5,-1.0275,1,1,precip_mj2,-0.010106966482781,crop
EC-Earth3,-0.5,-0.427,1,2,precip_mj2,-0.00110320675645265,crop
EC-Earth3,-1.5,-1.3474,1,3,precip_mj2,-0.00066246917977869,crop
EC-Earth3,-0.5,-0.6618,1,4,precip_mj2,0.0138181563069974,crop
EC-Earth3,-1.5,-1.6418,1,5,precip_mj2,0.026037354632348,crop
EC-Earth3,-1.5,-1.4487,1,6,precip_mj2,0.00711689600413366,crop
EC-Earth3,-0.5,-0.8901,1,8,precip_mj2,0.0282005631413191,crop
EC-Earth3,-1.5,-1.2916,1,9,precip_mj2,-0.0297120640788887,crop
EC-Earth3,-2.5,-2.6913,1,10,precip_mj2,0.0133899082506413,crop
EC-Earth3,-1.5,-1.5274,1,11,precip_mj2,-0.0232244716863519,crop
EC-Earth3,-2.5,-2.1055,1,12,precip_mj2,0.0655028787742823,crop
EC-Earth3,-3.5,-3.4794,1,13,precip_mj2,0.00954758931386371,crop
EC-Earth3,-2.5,-2.0746,1,14,precip_mj2,-0.0248882638656548,crop
EC-Earth3,-3.5,-3.1651,1,15,precip_mj2,0.022842566875776,crop
EC-Earth3,-3.5,-3.1261,1,16,precip_mj2,-0.0615133575198015,crop
EC-Earth3,-2.5,-2.9432,1,17,precip_mj2,0.0328665129007951,crop
EC-Earth3,-3.5,-3.0673,1,18,precip_mj2,0.00669915350794098,crop
EC-Earth3,-3.5,-3.5498,1,19,precip_mj2,-0.00180981306218895,crop
EC-Earth3,-4.5,-4.0869,1,20,precip_mj2,-0.00493086215012829,crop
EC-Earth3,-2.5,-2.4319,1,21,precip_mj2,0.0340280137153309,crop
EC-Earth3,-3.5,-3.1533,1,22,precip_mj2,0.0263017279871633,crop
EC-Earth3,-4.5,-4.2706,1,23,precip_mj2,0.0346230978259407,crop
EC-Earth3,-5.5,-5.0118,1,24,precip_mj2,0.0407010892141778,crop
EC-Earth3,-4.5,-4.5954,1,25,precip_mj2,-0.00864843845728058,crop
EC-Earth3,-3.5,-3.0837,1,26,precip_mj2,0.0255456875945044,crop
EC-Earth3,-3.5,-3.583,1,27,precip_mj2,0.00559863596903698,crop
EC-Earth3,-5.5,-5.0621,1,28,precip_mj2,0.0352952948116778,crop
EC-Earth3,-6.5,-6.0801,1,29,precip_mj2,0.0479925780919091,crop
EC-Earth3,-5.5,-5.4695,1,30,precip_mj2,0.0148220416321963,crop
EC-Earth3,-4.5,-4.6618,1,31,precip_mj2,0.041726555395352,crop
EC-Earth3,-4.5,-4.6709,1,32,precip_mj2,-0.0292444254085199,crop
EC-Earth3,-6.5,-6.3408,1,33,precip_mj2,0.0739478552935634,crop
EC-Earth3,-5.5,-5.064,1,34,precip_mj2,-0.0196100891646326,crop
EC-Earth3,-3.5,-3.9051,1,35,precip_mj2,0.0581031734884494,crop
EC-Earth3,-5.5,-5.2512,1,36,precip_mj2,0.012373364368529,crop
EC-Earth3,-4.5,-4.7716,1,37,precip_mj2,0.0637201863698662,crop
EC-Earth3,-4.5,-4.4358,1,38,precip_mj2,0.0501643563123995,crop
EC-Earth3,-4.5,-4.9035,1,39,precip_mj2,0.0495307044348559,crop
EC-Earth3,-6.5,-6.18,1,40,precip_mj2,0.0504237567257618,crop
EC-Earth3,-6.5,-6.008,1,41,precip_mj2,-0.0192110501015105,crop
EC-Earth3,-6.5,-6.2364,1,42,precip_mj2,0.0239143801020242,crop
EC-Earth3,-6.5,-6.8341,1,43,precip_mj2,0.0414695314006815,crop
EC-Earth3,-6.5,-6.675,1,44,precip_mj2,0.0302928444393217,crop
EC-Earth3,-6.5,-6.8501,1,45,precip_mj2,0.0469506440365469,crop
EC-Earth3,-6.5,-6.7223,1,46,precip_mj2,0.0624211629997115,crop
EC-Earth3,-5.5,-5.7248,1,47,precip_mj2,0.038563582551401,crop
EC-Earth3,-6.5,-6.2241,1,48,precip_mj2,0.0253780179317698,crop
EC-Earth3,-5.5,-5.8453,1,49,precip_mj2,0.0375072116181829,crop
EC-Earth3,-6.5,-6.8563,1,50,precip_mj2,-0.0120293704478285,crop
EC-Earth3,-7.5,-7.5461,1,51,precip_mj2,-0.0105709527875567,crop
EC-Earth3,-6.5,-6.3315,1,52,precip_mj2,-0.0147998869535126,crop
EC-Earth3,-6.5,-6.7481,1,53,precip_mj2,0.0663331026357146,crop
EC-Earth3,-6.5,-6.1066,1,54,precip_mj2,0.0263338726294599,crop
EC-Earth3,-6.5,-6.0168,1,55,precip_mj2,-0.0169214189668174,crop
EC-Earth3,-5.5,-5.2452,1,56,precip_mj2,-0.0339989710803129,crop
EC-Earth3,-7.5,-7.1289,1,57,precip_mj2,0.0614530769937278,crop
EC-Earth3,-7.5,-7.2115,1,58,precip_mj2,0.0161056089918961,crop
EC-Earth3,-7.5,-7.9509,1,59,precip_mj2,0.0476315057978933,crop
EC-Earth3,-8.5,-8.2102,1,60,precip_mj2,-0.000221252584627338,crop
EC-Earth3,-6.5,-6.4442,1,61,precip_mj2,-0.0878343285224209,crop
EC-Earth3,-7.5,-7.1806,1,62,precip_mj2,-0.0149153703720477,crop
EC-Earth3,-7.5,-7.7831,1,63,precip_mj2,-0.00226601465634829,crop
EC-Earth3,-7.5,-7.286,1,64,precip_mj2,0.0541706394688903,crop
EC-Earth3,-6.5,-6.7982,1,65,precip_mj2,0.0532107903342008,crop
EC-Earth3,-7.5,-7.5499,1,66,precip_mj2,0.0535914052352642,crop
EC-Earth3,-7.5,-7.3663,1,67,precip_mj2,0.025801664719648,crop
EC-Earth3,-7.5,-7.4385,1,68,precip_mj2,-0.0195628277648225,crop
EC-Earth3,-7.5,-7.9514,1,69,precip_mj2,0.0441972285905511,crop
EC-Earth3,-7.5,-7.4094,1,70,precip_mj2,0.0022466482069831,crop
EC-Earth3,-7.5,-7.3154,1,71,precip_mj2,-0.0145835155955289,crop
EC-Earth3,-7.5,-7.6278,1,72,precip_mj2,0.0375165707743903,crop
EC-Earth3,-9.5,-9.1196,1,73,precip_mj2,0.00320326693192185,crop
EC-Earth3,-8.5,-8.8784,1,74,precip_mj2,0.0389022766240563,crop
EC-Earth3,-8.5,-8.3663,1,75,precip_mj2,-0.00571202137264543,crop
EC-Earth3,-6.5,-6.7767,1,76,precip_mj2,0.00806913719142616,crop
EC-Earth3,-7.5,-7.9209,1,77,precip_mj2,-0.020754145298678,crop
EC-Earth3,-7.5,-7.5061,1,78,precip_mj2,0.0590257716780294,crop
EC-Earth3,-8.5,-8.0807,1,79,precip_mj2,0.034984547303207,crop
EC-Earth3,-9.5,-9.0422,1,80,precip_mj2,0.0141789962413017,crop
EC-Earth3,-8.5,-8.9544,1,81,precip_mj2,0.0507647646777739,crop
EC-Earth3,-9.5,-9.0564,1,82,precip_mj2,-0.0162270610468815,crop
EC-Earth3,-7.5,-7.7863,1,83,precip_mj2,-0.00462189902452895,crop
EC-Earth3,-8.5,-8.1585,1,84,precip_mj2,0.0506837199464999,crop
EC-Earth3,-8.5,-8.7355,1,85,precip_mj2,0.0179166135168273,crop
EC-Earth3,-8.5,-8.4153,1,86,precip_mj2,0.00518419123003173,crop
EC-Earth3,-8.5,-8.2917,1,87,precip_mj2,-0.00179823762233178,crop
EC-Earth3,-7.5,-7.7779,1,88,precip_mj2,-0.0249818277509206,crop
EC-Earth3,-6.5,-6.3297,1,89,precip_mj2,0.0413751444495166,crop
EC-Earth3,-6.5,-6.6027,1,90,precip_mj2,0.0229589197566179,crop
EC-Earth3,-6.5,-6.8486,1,91,precip_mj2,0.0666738913642717,crop
EC-Earth3,-8.5,-8.4349,1,92,precip_mj2,0.0477047195472239,crop
EC-Earth3,-8.5,-8.8942,1,93,precip_mj2,-0.0197698143335025,crop
EC-Earth3,-7.5,-7.973,1,94,precip_mj2,0.0161735656430383,crop
EC-Earth3,-9.5,-9.4034,1,95,precip_mj2,0.00762492350290246,crop
EC-Earth3,-8.5,-8.7768,1,96,precip_mj2,0.000411087022505554,crop
EC-Earth3,-8.5,-8.4777,1,97,precip_mj2,0.0481025148432221,crop
EC-Earth3,-8.5,-8.3893,1,98,precip_mj2,0.0141870518212133,crop
EC-Earth3,-7.5,-7.4134,1,99,precip_mj2,0.0249724886658825,crop
EC-Earth3,-8.5,-8.0258,1,100,precip_mj2,0.048255684843675,crop
