model,bin_id,component,dsv_amoc,n_amoc,dln_amoc,dsv_isimip,n_isimip,dln_isimip,branch,fuel,dln_residual,pct_amoc,pct_isimip,pct_residual
EC-Earth3,-2.5,frost_mj,-2.4493,5,-0.0199402292606923,-2.5448,11,0.0365720773979079,crop (spec A),,0.0565123066586002,-1.97427377429378,3.72490635369638,5.81396368833591
EC-Earth3,-2.5,gdd_mj,-2.4493,5,0.0434825777392889,-2.5448,11,-0.232689447756466,crop (spec A),,-0.276172025495755,4.44417976162173,-20.7600383203537,-24.1317593182313
EC-Earth3,-2.5,heat_mj,-2.4493,5,0.00221240725737778,-2.5448,11,-0.0652057534999387,crop (spec A),,-0.0674181607573165,0.221485643617458,-6.31253216990829,-6.51957788448716
EC-Earth3,-2.5,precip_mj,-2.4493,5,-0.0405841165680573,-2.5448,11,-0.033011368338605,crop (spec A),,0.0075727482294523,-3.97716100024946,-3.24724396544052,0.760149400301358
EC-Earth3,-2.5,precip_mj2,-2.4493,5,0.0325098762885144,-2.5448,11,0.0202451262094166,crop (spec A),,-0.0122647500790978,3.30440957351283,2.04514487669296,-1.21898445769999
EC-Earth3,-3.5,frost_mj,-3.3459,9,-0.0380787713610687,-3.4737,8,0.0423842591570358,crop (spec A),,0.0804630305181045,-3.73628903307695,4.32952975082523,8.37887787919753
EC-Earth3,-3.5,gdd_mj,-3.3459,9,0.0740418169612967,-3.4737,8,-0.294526485901627,crop (spec A),,-0.368568302862924,7.6851835226226,-25.5115782849767,-30.827603874237
EC-Earth3,-3.5,heat_mj,-3.3459,9,0.006549513123074,-3.4737,8,-0.0860233912854747,crop (spec A),,-0.0925729044085487,0.657100808570488,-8.24272322374315,-8.84172498593946
EC-Earth3,-3.5,precip_mj,-3.3459,9,-0.0225653591890312,-3.4737,8,-0.0438498264976758,crop (spec A),,-0.0212844673086446,-2.23126657462559,-4.29023226084049,-2.10595515977148
EC-Earth3,-3.5,precip_mj2,-3.3459,9,0.0194482586412002,-3.4737,8,0.0302689982652355,crop (spec A),,0.0108207396240353,1.96386080086997,3.0731761720777,1.08794955633758
EC-Earth3,-4.5,frost_mj,-4.5495,8,-0.0313944836482179,-4.5546,8,0.0409443311344375,crop (spec A),,0.0723388147826554,-3.09067937612082,4.17941084350115,7.50195148703847
EC-Earth3,-4.5,gdd_mj,-4.5495,8,0.0709814727678452,-4.5546,8,-0.260000308413263,crop (spec A),,-0.330981781181108,7.35613355640055,-22.8948651998933,-28.1781745990332
EC-Earth3,-4.5,heat_mj,-4.5495,8,0.00478020554008864,-4.5546,8,-0.0673696091298785,crop (spec A),,-0.0721498146699671,0.479164894927497,-6.51503914767923,-6.96085009257457
EC-Earth3,-4.5,precip_mj,-4.5495,8,-0.0417584538685695,-4.5546,8,-0.00432638387570595,crop (spec A),,0.0374320699928636,-4.08985801668151,-0.431703855898602,3.81414737288073
EC-Earth3,-4.5,precip_mj2,-4.5495,8,0.0322646402763554,-4.5546,8,-0.00285505914418295,crop (spec A),,-0.0351196994205384,3.27907871821649,-0.285098733882805,-3.45101592339305
IPSL-CM6A-LR,-2.5,frost_mj,-2.5669,9,-0.00904749983742773,-2.2964,6,0.029925510868588,crop (spec A),,0.0389730107060157,-0.900669436600032,3.0377779149058,3.97424213575908
IPSL-CM6A-LR,-2.5,gdd_mj,-2.5669,9,0.0318619078136256,-2.2964,6,-0.180279738302243,crop (spec A),,-0.212141646115869,3.23749325496594,-16.4963412981213,-19.1149881025787
IPSL-CM6A-LR,-2.5,heat_mj,-2.5669,9,0.00466603094944814,-2.2964,6,-0.0451936172295116,crop (spec A),,-0.0498596481789597,0.467693382297796,-4.41875978328684,-4.86370593479319
IPSL-CM6A-LR,-2.5,precip_mj,-2.5669,9,-0.0264909203481779,-2.2964,6,-0.0083380134472656,crop (spec A),,0.0181529069009123,-2.61431139231572,-0.830334862529958,1.8318672438334
IPSL-CM6A-LR,-2.5,precip_mj2,-2.5669,9,0.0229878503394942,-2.2964,6,0.0056734122498426,crop (spec A),,-0.0173144380896516,2.3254107281679,0.568953653193183,-1.71654045898807
IPSL-CM6A-LR,-3.5,frost_mj,-3.4644,8,-0.0250722871731702,-3.5013,7,0.0296267868814209,crop (spec A),,0.0546990740545911,-2.47605878200247,3.00700265594109,5.62227220256322
IPSL-CM6A-LR,-3.5,gdd_mj,-3.4644,8,0.0621874222225396,-3.5013,7,-0.218743544589769,crop (spec A),,-0.280930966812309,6.41617736034987,-19.6472239226354,-24.4919540707881
IPSL-CM6A-LR,-3.5,heat_mj,-3.4644,8,0.00371762402381238,-3.5013,7,-0.0583217152798385,crop (spec A),,-0.0620393393036509,0.37245429593471,-5.66535903411221,-6.0154086819928
IPSL-CM6A-LR,-3.5,precip_mj,-3.4644,8,-0.0222532798320608,-3.5013,7,-0.00944954968899106,crop (spec A),,0.0128037301430697,-2.20075020965029,-0.940504299406142,1.28860488495128
IPSL-CM6A-LR,-3.5,precip_mj2,-3.4644,8,0.0161813501842527,-3.5013,7,0.00635200876517339,crop (spec A),,-0.00982934141907931,1.63129772405917,0.637222555592576,-0.978119133306377
IPSL-CM6A-LR,-4.5,frost_mj,-4.3507,11,-0.0318744051216611,-4.3046,12,0.03636506217249,crop (spec A),,0.0682394672941511,-3.13717708154889,3.70343594125393,7.0621656655226
IPSL-CM6A-LR,-4.5,gdd_mj,-4.3507,11,0.0620281589888157,-4.3046,12,-0.223487297090882,crop (spec A),,-0.285515456079698,6.39923052536262,-20.0274949362289,-24.8373276113986
IPSL-CM6A-LR,-4.5,heat_mj,-4.3507,11,0.002325408724447,-4.3046,12,-0.0596241625821872,crop (spec A),,-0.0619495713066342,0.232811458431836,-5.78814495430349,-6.00697149479071
IPSL-CM6A-LR,-4.5,precip_mj,-4.3507,11,-0.0221107076479519,-4.3046,12,-0.026862782626774,crop (spec A),,-0.0047520749788221,-2.18680576298198,-2.65051872389637,-0.474080173468972
IPSL-CM6A-LR,-4.5,precip_mj2,-4.3507,11,0.0184291869110266,-4.3046,12,0.0191620426927637,crop (spec A),,0.0007328557817371,1.86000523994943,1.93468129376395,0.0733124386147699
IPSL-CM6A-LR,-5.5,frost_mj,-5.5623,13,-0.0342652405314589,-5.3985,4,0.0393696900656574,crop (spec A),,0.0736349305971163,-3.36848353047023,4.01549475303868,7.64137680260588
IPSL-CM6A-LR,-5.5,gdd_mj,-5.5623,13,0.0859285884452549,-5.3985,4,-0.256372434896645,crop (spec A),,-0.3423010233419,8.9728506319581,-22.6146295008806,-28.9865594500426
IPSL-CM6A-LR,-5.5,heat_mj,-5.5623,13,0.00808780937277025,-5.3985,4,-0.0626757439798401,crop (spec A),,-0.0707635533526104,0.812060405575621,-6.07520188704159,-6.83178407911629
IPSL-CM6A-LR,-5.5,precip_mj,-5.5623,13,-0.0376329206470629,-5.3985,4,-0.0124265591544757,crop (spec A),,0.0252063614925872,-3.69336021959955,-1.23496682940851,2.55267279161302
IPSL-CM6A-LR,-5.5,precip_mj2,-5.5623,13,0.0300731197701724,-5.3985,4,0.00648438140746796,crop (spec A),,-0.0235887383627044,3.05298833069427,0.650545052403029,-2.33126988087125
EC-Earth3,-2.5,frost,-2.4493,5,-0.00108946829793714,-2.5448,11,-0.0011271102749742,crop (spec C),,-3.76419770370601e-05,-0.108887504281485,-0.112647532476362,-0.00376412685867411
EC-Earth3,-2.5,gdd,-2.4493,5,-0.000162005908867788,-2.5448,11,0.000294166345017421,crop (spec C),,0.000456172253885209,-0.0161992786619214,0.0294209616179542,0.0456276316270765
EC-Earth3,-2.5,heat,-2.4493,5,0.000514582867253591,-2.5448,11,-0.0154166996628328,crop (spec C),,-0.0159312825300864,0.0514715287730061,-1.52984706951674,-1.58050508815853
EC-Earth3,-2.5,precip,-2.4493,5,-0.0475986408280553,-2.5448,11,-0.00495485708365484,crop (spec C),,0.0426437837444005,-4.64835871549171,-0.494260202833241,4.35660934274174
EC-Earth3,-2.5,precip2,-2.4493,5,0.0314011964833225,-2.5448,11,0.00113528768801294,crop (spec C),,-0.0302659087953096,3.18994152676235,0.113593237102405,-2.98124821483894
EC-Earth3,-3.5,frost,-3.3459,9,-0.00142130042200162,-3.4737,8,-0.00227947517853763,crop (spec C),,-0.00085817475653601,-0.142029085291384,-0.227687914789665,-0.0857806629892877
EC-Earth3,-3.5,gdd,-3.3459,9,-0.00010748398337242,-3.4737,8,0.000282465402188269,crop (spec C),,0.000389949385560689,-0.0107478207176048,0.028250529929652,0.0390025425705876
EC-Earth3,-3.5,heat,-3.3459,9,0.00339100568684423,-3.4737,8,-0.0143204572167328,crop (spec C),,-0.017711462903577,0.339676165095848,-1.42184071844351,-1.7555536861022
EC-Earth3,-3.5,precip,-3.3459,9,-0.0434029946303208,-3.4737,8,-0.00733086843774858,crop (spec C),,0.0360721261925722,-4.24745653052948,-0.730406316369792,3.67306192266428
EC-Earth3,-3.5,precip2,-3.3459,9,0.02961954165848,-3.4737,8,0.00095089657761492,crop (spec C),,-0.0286686450808651,3.00625634994596,0.0951348823100551,-2.82615985746136
EC-Earth3,-4.5,frost,-4.5495,8,-0.000985529563208792,-4.5546,8,-0.00187300130107835,crop (spec C),,-0.000887471737869558,-0.0985044088445131,-0.187124832875207,-0.0887078051297285
EC-Earth3,-4.5,gdd,-4.5495,8,-0.000215815701796026,-4.5546,8,0.000259115358422466,crop (spec C),,0.000474931060218492,-0.0215792415262706,0.0259148931706754,0.0475043857830704
EC-Earth3,-4.5,heat,-4.5495,8,0.00250565550158939,-4.5546,8,-0.0114111541446297,crop (spec C),,-0.0139168096462191,0.250879727985898,-1.13462938697968,-1.38204185212631
EC-Earth3,-4.5,precip,-4.5495,8,-0.0505047259282255,-4.5546,8,0.0149247125645718,crop (spec C),,0.0654294384927973,-4.92505645118828,1.50366422332731,6.7617401962643
EC-Earth3,-4.5,precip2,-4.5495,8,0.0320187415232283,-4.5546,8,-0.012603662428531,crop (spec C),,-0.0446224039517593,3.25368564372619,-1.25245689132587,-4.36414691345778
IPSL-CM6A-LR,-2.5,frost,-2.5669,9,-0.00171528617021828,-2.2964,6,-5.57650064675871e-05,crop (spec C),,0.00165952116375069,-0.171381590765596,-0.00557634516284988,0.166089893103649
IPSL-CM6A-LR,-2.5,gdd,-2.5669,9,-8.87139148902229e-05,-2.2964,6,0.000177779031531314,crop (spec C),,0.000266492946421537,-0.00887099799272706,0.0177794835159784,0.0266528458821247
IPSL-CM6A-LR,-2.5,heat,-2.5669,9,0.00398920613963384,-2.2964,6,-0.0136709953815661,crop (spec C),,-0.0176602015211999,0.399717361355512,-1.35779717154053,-1.75051741089116
IPSL-CM6A-LR,-2.5,precip,-2.5669,9,-0.038322224242692,-2.2964,6,0.013240701642812,crop (spec C),,0.051562925885504,-3.75972185839744,1.33287479017368,5.29154398439928
IPSL-CM6A-LR,-2.5,precip2,-2.5669,9,0.0273088060538753,-2.2964,6,-0.00918460937371326,crop (spec C),,-0.0364934154275886,2.76851091510846,-0.914255968416966,-3.58355575139894
IPSL-CM6A-LR,-3.5,frost,-3.4644,8,-0.000561930126922604,-3.5013,7,0.000416521786559829,crop (spec C),,0.000978451913482433,-0.0561772273757644,0.0416608543804209,0.0978930753717355
IPSL-CM6A-LR,-3.5,gdd,-3.4644,8,-0.000174546152768234,-3.5013,7,0.000330183544893142,crop (spec C),,0.000504729697661376,-0.0174530920474814,0.0330238061479804,0.0504857095128042
IPSL-CM6A-LR,-3.5,heat,-3.4644,8,0.00152179358385554,-3.5013,7,-0.0226905641837643,crop (spec C),,-0.0242123577676198,0.152295209931075,-2.24350694208562,-2.39215900843291
IPSL-CM6A-LR,-3.5,precip,-3.4644,8,-0.0261857947288052,-3.5013,7,-0.00299847126989485,crop (spec C),,0.0231873234589104,-2.5845919899163,-0.29939803446748,2.34582393291651
IPSL-CM6A-LR,-3.5,precip2,-3.4644,8,0.0150238934031588,-3.5013,7,0.00340523596306626,crop (spec C),,-0.0116186574400925,1.51373194111872,0.341104036563178,-1.15514214888259
IPSL-CM6A-LR,-4.5,frost,-4.3507,11,-0.000419373480996366,-4.3046,12,-0.00063313450203413,crop (spec C),,-0.000213761021037764,-0.0419285556229609,-0.0632934114678241,-0.0213738175778522
IPSL-CM6A-LR,-4.5,gdd,-4.3507,11,-9.64588363039004e-05,-4.3046,12,0.000269189782222329,crop (spec C),,0.000365648618526229,-0.00964541842999322,0.0269226017042934,0.0365715476130957
IPSL-CM6A-LR,-4.5,heat,-4.3507,11,-0.00221580202602979,-4.3046,12,-0.0160586831867054,crop (spec C),,-0.0138428811606756,-0.221334894889946,-1.59304299774851,-1.37475090633209
IPSL-CM6A-LR,-4.5,precip,-4.3507,11,-0.0312510152940541,-4.3046,12,-0.00539784280620023,crop (spec C),,0.0258531724878539,-3.07677495798964,-0.538330062994596,2.61902644479151
IPSL-CM6A-LR,-4.5,precip2,-4.3507,11,0.0202408118883074,-4.3046,12,0.00292043145170277,crop (spec C),,-0.0173203804366046,2.04470462212003,0.292470006602175,-1.71712449166914
IPSL-CM6A-LR,-5.5,frost,-5.5623,13,-0.00196054080607832,-5.3985,4,-0.00179900535485989,crop (spec C),,0.00016153545121843,-0.195862020129856,-0.179738811467978,0.0161548498772035
IPSL-CM6A-LR,-5.5,gdd,-5.5623,13,-0.000173220486264197,-5.3985,4,-2.88378678674294e-05,crop (spec C),,0.000144382618396768,-0.017320548446198,-0.00288374520600598,0.0144393042068591
IPSL-CM6A-LR,-5.5,heat,-5.5623,13,0.00638009652605268,-5.3985,4,-0.0112753060255168,crop (spec C),,-0.0176554025515695,0.640049269533116,-1.12119780002925,-1.75004591347666
IPSL-CM6A-LR,-5.5,precip,-5.5623,13,-0.0547154970823152,-5.3985,4,-0.0164063153811034,crop (spec C),,0.0383091817012118,-5.32455359515872,-1.6272464786952,3.9052439221184
IPSL-CM6A-LR,-5.5,precip2,-5.5623,13,0.0358635446538182,-5.3985,4,0.0118488924264683,crop (spec C),,-0.0240146522273499,3.65143989093784,1.19193686322623,-2.37285948974707
EC-Earth3,-2.5,cdd_jja,-2.4493,5,-0.00360540050250956,-2.5448,11,0.0380284222146859,energy,Electricity,0.0416338227171955,-0.359890885013014,3.87607563401586,4.25126643944205
EC-Earth3,-2.5,hdd_calendar,-2.4493,5,0.0235224592662177,-2.5448,11,-0.0621931555924603,energy,Electricity,-0.085715614858678,2.38012943142421,-6.0298639312797,-8.21447815060348
EC-Earth3,-3.5,cdd_jja,-3.3459,9,-0.00451505038344885,-3.4737,8,0.0520040997034746,energy,Electricity,0.0565191500869235,-0.450487286656165,5.33800610504087,5.8146878210898
EC-Earth3,-3.5,hdd_calendar,-3.3459,9,0.032213080493396,-3.4737,8,-0.0781691746237643,energy,Electricity,-0.11038225511716,3.2737538086103,-7.51920407297973,-10.4508236444972
EC-Earth3,-4.5,cdd_jja,-4.5495,8,-0.00427417447418201,-4.5546,8,0.0432321897681299,energy,Electricity,0.0475063642423119,-0.426505319041093,4.41803146909741,4.86528749810455
EC-Earth3,-4.5,hdd_calendar,-4.5495,8,0.0361751742096524,-4.5546,8,-0.0731119716393488,energy,Electricity,-0.109287145849001,3.68374577658557,-7.05032530757987,-10.3527037953421
IPSL-CM6A-LR,-2.5,cdd_jja,-2.5669,9,-0.00340812606338201,-2.2964,6,0.0295698375761641,energy,Electricity,0.0329779636395461,-0.340232499388005,3.00113664573745,3.35277638000202
IPSL-CM6A-LR,-2.5,hdd_calendar,-2.5669,9,0.0145146601191438,-2.2964,6,-0.0570929186897337,energy,Electricity,-0.0716075788088775,1.46205092999205,-5.54936969991015,-6.91038724886414
IPSL-CM6A-LR,-3.5,cdd_jja,-3.4644,8,-0.00440793079647037,-3.5013,7,0.039997702217969,energy,Electricity,0.0444056330144394,-0.439823012804297,4.08083826388412,4.54063202124462
IPSL-CM6A-LR,-3.5,hdd_calendar,-3.4644,8,0.0287689636278788,-3.5013,7,-0.0641056246094196,energy,Electricity,-0.0928745882372984,2.91867874235481,-6.20940716487102,-8.86922181548496
IPSL-CM6A-LR,-4.5,cdd_jja,-4.3507,11,-0.00287962600916655,-4.3046,12,0.037291833519872,energy,Electricity,0.0401714595290386,-0.2875483863088,3.79958986377724,4.09892464174941
IPSL-CM6A-LR,-4.5,hdd_calendar,-4.3507,11,0.0230723960490761,-4.3046,12,-0.0641568517698383,energy,Electricity,-0.0872292478189144,2.33406226834634,-6.21421166755438,-8.35330265057291
IPSL-CM6A-LR,-5.5,cdd_jja,-5.5623,13,-0.00577880560975145,-5.3985,4,0.0388373498215093,energy,Electricity,0.0446161554312608,-0.576214042967893,3.96013785482632,4.56264248452043
IPSL-CM6A-LR,-5.5,hdd_calendar,-5.5623,13,0.038812419629454,-5.3985,4,-0.0735902193589779,energy,Electricity,-0.112402638988432,3.95754614092958,-7.09476764947039,-10.6315647114419
EC-Earth3,-2.5,hdd_octmar,-2.4493,5,0.0328325989386261,-2.5448,11,-0.0893419897506293,energy,Natural gas,-0.122174588689255,3.33775362648978,-8.54672407424251,-11.5006154901415
EC-Earth3,-3.5,hdd_octmar,-3.3459,9,0.0462496341551396,-3.4737,8,-0.115199573895138,energy,Natural gas,-0.161449208050278,4.73358291209785,-10.8811731756242,-14.9090250266979
EC-Earth3,-4.5,hdd_octmar,-4.5495,8,0.0499257926014346,-4.5546,8,-0.107957426499651,energy,Natural gas,-0.157883219101086,5.11930871772406,-10.2334187607287,-14.6050498863908
IPSL-CM6A-LR,-2.5,hdd_octmar,-2.5669,9,0.0199027576530714,-2.2964,6,-0.0839474577083994,energy,Natural gas,-0.103850215361471,2.01021380775053,-8.05204336105552,-9.86397027631907
IPSL-CM6A-LR,-3.5,hdd_octmar,-3.4644,8,0.0337415131487968,-3.5013,7,-0.0929857367380772,energy,Natural gas,-0.126727249886874,3.43172147709627,-8.8793503019615,-11.9026074430985
IPSL-CM6A-LR,-4.5,hdd_octmar,-4.3507,11,0.0278882433915637,-4.3046,12,-0.0946691136795273,energy,Natural gas,-0.122557357071091,2.82807608294586,-9.03261166803617,-11.5344837740761
IPSL-CM6A-LR,-5.5,hdd_octmar,-5.5623,13,0.0535126917787674,-5.3985,4,-0.11042288987606,energy,Natural gas,-0.163935581654827,5.49703811333071,-10.454462379758,-15.1203301802205
