branch,model,bin_id,component,n,mean,sd,lo,hi,central
crop,EC-Earth3,-9.5,frost_mj,4,-0.0439106929196572,0.0191682217726584,-0.0697172421572087,-0.0234369862784127,-0.0432972410504532
crop,EC-Earth3,-9.5,gdd_mj,4,0.106865693444435,0.017140771091716,0.0813056657303171,0.117992800685709,0.1098599136031
crop,EC-Earth3,-9.5,heat_mj,4,0.00731730121498377,0.00419513284660585,0.00260689112264893,0.0127849178338359,0.00920064722067089
crop,EC-Earth3,-9.5,precip_mj,4,-0.0117270316568866,0.0149882526328501,-0.0227732350630478,0.0103613382384508,-0.011820889446214
crop,EC-Earth3,-9.5,precip_mj2,4,0.00219503140731113,0.0130829299798885,-0.0162270610468815,0.0141789962413017,0.00683526587933535
crop,EC-Earth3,-8.5,frost_mj,15,-0.0580439140093313,0.0338497378774717,-0.113546886904499,0.00462075275902543,-0.0603728030222579
crop,EC-Earth3,-8.5,gdd_mj,15,0.108700200586171,0.0576213286236058,-0.00128908047257918,0.18966738198577,0.115809300440509
crop,EC-Earth3,-8.5,heat_mj,15,0.00604122641746144,0.00638190004828066,-0.0114352736103776,0.0132401498109735,0.00925322948754912
crop,EC-Earth3,-8.5,precip_mj,15,-0.0350923594774451,0.0285796290054189,-0.0725118564633177,0.0110765011061406,-0.0352542361130242
crop,EC-Earth3,-8.5,precip_mj2,15,0.0219730563642086,0.0246913220397188,-0.0197698143335025,0.0507647646777739,0.0292807961681736
crop,EC-Earth3,-7.5,frost_mj,20,-0.0448328422845712,0.0268077398474134,-0.0863136728832672,0.00149554634110949,-0.0445025523141044
crop,EC-Earth3,-7.5,gdd_mj,20,0.0969638106989829,0.0535097875959059,0.00674367508784787,0.164844533793644,0.101924544862755
crop,EC-Earth3,-7.5,heat_mj,20,0.00543421953382498,0.00749523428184608,-0.0113648175396812,0.0144050389343758,0.00897041684672316
crop,EC-Earth3,-7.5,precip_mj,20,-0.0308723952175526,0.0348248822683278,-0.0880098731004949,0.0124879349644068,-0.0309604589673141
crop,EC-Earth3,-7.5,precip_mj2,20,0.0165314810757881,0.0299624003847123,-0.0249818277509206,0.0614530769937278,0.025302400430482
crop,EC-Earth3,-6.5,frost_mj,21,-0.0296913623079055,0.0238660954138311,-0.0889744702807584,0.0189435014663049,-0.0295765139882783
crop,EC-Earth3,-6.5,gdd_mj,21,0.0552333474522094,0.0503638032061072,-0.0563898988814435,0.154125106394312,0.0597687411128191
crop,EC-Earth3,-6.5,heat_mj,21,-4.22094240448004e-05,0.00763425730226985,-0.0147239397222159,0.0160574911646026,0.00400731188544895
crop,EC-Earth3,-6.5,precip_mj,21,-0.0418709806752701,0.0453608869364384,-0.107206547111515,0.0782708175546876,-0.042078483298847
crop,EC-Earth3,-6.5,precip_mj2,21,0.0255690273519242,0.0386958780602925,-0.0878343285224209,0.0739478552935634,0.0345061790605187
crop,EC-Earth3,-5.5,frost_mj,8,-0.03268821280261,0.0126867590870692,-0.051894437120362,-0.0165441589357142,-0.032391389097653
crop,EC-Earth3,-5.5,gdd_mj,8,0.0626561341535626,0.0428807716708566,0.000260922991470537,0.122884208657314,0.0656855447724263
crop,EC-Earth3,-5.5,heat_mj,8,0.00114897530363494,0.00814313790125565,-0.0101528285482684,0.0122057691504194,0.00452629229910033
crop,EC-Earth3,-5.5,precip_mj,8,-0.0316789929948375,0.0321866398384769,-0.0679319728569956,0.020953211046149,-0.0318088653063362
crop,EC-Earth3,-5.5,precip_mj2,8,0.0157066904939024,0.0286255505423573,-0.0339989710803129,0.0407010892141778,0.0228733380413699
crop,EC-Earth3,-4.5,frost_mj,8,-0.0312565007615714,0.0183051606854081,-0.0720870614943001,-0.0134757785975849,-0.0313944836482179
crop,EC-Earth3,-4.5,gdd_mj,8,0.0677205635214306,0.0590079203914639,-0.0393739814520882,0.138214230346403,0.0709814727678452
crop,EC-Earth3,-4.5,heat_mj,8,-0.00133031816496703,0.0166972283546994,-0.0359360180957536,0.0132536813495386,0.00478020554008864
crop,EC-Earth3,-4.5,precip_mj,8,-0.041468299072537,0.040422526165,-0.0909989531065597,0.0184540738484907,-0.0417584538685695
crop,EC-Earth3,-4.5,precip_mj2,8,0.0246176467903107,0.0339663632859552,-0.0292444254085199,0.0637201863698662,0.0322646402763554
crop,EC-Earth3,-3.5,frost_mj,9,-0.0386395291075411,0.0218964976344721,-0.0694582632277238,0.00247154025108034,-0.0380787713610687
crop,EC-Earth3,-3.5,gdd_mj,9,0.0700739057813636,0.0681065048109285,-0.0537841502959386,0.172206893497184,0.0740418169612967
crop,EC-Earth3,-3.5,heat_mj,9,-0.000564270581457765,0.0157337856607666,-0.0274516950226753,0.0120735064950357,0.006549513123074
crop,EC-Earth3,-3.5,precip_mj,9,-0.0222138053774924,0.0339788054244451,-0.0780785945294125,0.0503990119534213,-0.0225653591890312
crop,EC-Earth3,-3.5,precip_mj2,9,0.0101461515727494,0.0321523202426298,-0.0615133575198015,0.0581031734884494,0.0194482586412002
crop,EC-Earth3,-2.5,frost_mj,5,-0.0221050467325969,0.0245988326178635,-0.0509416133279028,0.0122837720414397,-0.0199402292606923
crop,EC-Earth3,-2.5,gdd_mj,5,0.0400881724935551,0.0456096463532149,-0.0126826359420533,0.0935634184743838,0.0434825777392889
crop,EC-Earth3,-2.5,heat_mj,5,-0.00106469803598842,0.00593202851481715,-0.0102391301893881,0.00352967212207706,0.00221240725737778
crop,EC-Earth3,-2.5,precip_mj,5,-0.0403744624120784,0.0372508638202116,-0.0933270155083201,0.00978151105917147,-0.0405841165680573
crop,EC-Earth3,-2.5,precip_mj2,5,0.024179809955079,0.0331818466532364,-0.0248882638656548,0.0655028787742823,0.0325098762885144
crop,EC-Earth3,-1.5,frost_mj,6,-0.00549440010174029,0.0108083199221832,-0.0169314702182673,0.00917503415026558,-0.00242887782298804
crop,EC-Earth3,-1.5,gdd_mj,6,0.0191233478072669,0.0373510868074414,-0.0167439479442344,0.0779394488242205,0.0210626528622368
crop,EC-Earth3,-1.5,heat_mj,6,0.00137386114204826,0.00234445127131048,-0.00106093823469557,0.00559757997494543,0.00497175965683887
crop,EC-Earth3,-1.5,precip_mj,6,-0.00566302553302943,0.0178298245719808,-0.0324327773151599,0.0201026009883782,-0.00575621484302101
crop,EC-Earth3,-1.5,precip_mj2,6,-0.00509195346521977,0.0204831568771461,-0.0297120640788887,0.026037354632348,0.00372073831169028
crop,EC-Earth3,-0.5,frost_mj,3,-0.00740041370100228,0.0117691994420215,-0.0152332224627284,0.00613365077381025,-0.00595179483105118
crop,EC-Earth3,-0.5,gdd_mj,3,-0.00759965444512856,0.0308450409746122,-0.0425269945104531,0.0159036546244617,-0.00642372665524421
crop,EC-Earth3,-0.5,heat_mj,3,-0.00814095212223328,0.00578553129105079,-0.0136608277383295,-0.00212208777207846,-0.00647277404699692
crop,EC-Earth3,-0.5,precip_mj,3,-0.0243107362553422,0.0195383738868887,-0.0396010270086974,-0.0022988476620462,-0.0244214170572742
crop,EC-Earth3,-0.5,precip_mj2,3,0.0136385042306213,0.0146527109678311,-0.00110320675645265,0.0282005631413191,0.0173710762355314
crop,IPSL-CM6A-LR,-9.5,frost_mj,5,-0.066038593643999,0.0254271765164891,-0.104820370040777,-0.041283600027604,-0.064449449841459
crop,IPSL-CM6A-LR,-9.5,gdd_mj,5,0.12640914986593,0.0350173352102199,0.088757760747909,0.17991718372638,0.132628173241729
crop,IPSL-CM6A-LR,-9.5,heat_mj,5,0.00901620729438297,0.00365663503677742,0.00419332450101584,0.0135759826157247,0.0102659785832199
crop,IPSL-CM6A-LR,-9.5,precip_mj,5,-0.0427312074579413,0.0357659756257663,-0.071981607181644,0.0102688328143975,-0.0428336158310079
crop,IPSL-CM6A-LR,-9.5,precip_mj2,5,0.0289798325153277,0.0298625393225717,-0.0164088306807838,0.0525618826922707,0.0343608170183878
crop,IPSL-CM6A-LR,-8.5,frost_mj,8,-0.0613167228052067,0.0243208610061496,-0.0907957467604619,-0.0164556823217942,-0.0605898973988018
crop,IPSL-CM6A-LR,-8.5,gdd_mj,8,0.137395158675448,0.030749165811149,0.0918569239800517,0.18970535619847,0.143073616196391
crop,IPSL-CM6A-LR,-8.5,heat_mj,8,0.00927139730946393,0.00288945941440777,0.00424164548877531,0.0116788063172352,0.010800032105009
crop,IPSL-CM6A-LR,-8.5,precip_mj,8,-0.0421437144861492,0.0134355111270949,-0.0624999407757042,-0.0174674289755618,-0.0423044119251505
crop,IPSL-CM6A-LR,-8.5,precip_mj2,8,0.0283499041192629,0.0114472814931065,0.0107766700030262,0.0454010540759015,0.0331262438719427
crop,IPSL-CM6A-LR,-7.5,frost_mj,19,-0.0524604138902031,0.019283814679872,-0.0970973703137351,-0.0177775897332221,-0.0513031686778746
crop,IPSL-CM6A-LR,-7.5,gdd_mj,19,0.106882307272625,0.0403452358011776,0.0141996949537851,0.171597801603342,0.110740712485387
crop,IPSL-CM6A-LR,-7.5,heat_mj,19,0.00596951887022729,0.00445561180921276,-0.00350671556723213,0.0127760683337166,0.00825383674654731
crop,IPSL-CM6A-LR,-7.5,precip_mj,19,-0.0486706629275057,0.0167861729729925,-0.0799113797832179,-0.0048893591018113,-0.0488476063349756
crop,IPSL-CM6A-LR,-7.5,precip_mj2,19,0.0331959908421314,0.0138032702866915,-0.00695738754666385,0.0572682515635421,0.0384521194045636
crop,IPSL-CM6A-LR,-6.5,frost_mj,11,-0.0617257646283196,0.0201339702720599,-0.0867252403604296,-0.0216840175244024,-0.0604288810054257
crop,IPSL-CM6A-LR,-6.5,gdd_mj,11,0.105725856211817,0.0443883746956632,0.00702128082984318,0.165386259334409,0.110391836905788
crop,IPSL-CM6A-LR,-6.5,heat_mj,11,0.00560362872660398,0.00454564733458928,-0.00315190342904243,0.014089849331697,0.00768766402321467
crop,IPSL-CM6A-LR,-6.5,precip_mj,11,-0.055262790869797,0.0272142180648021,-0.0981627469929925,-0.0072139213644804,-0.0555137623283011
crop,IPSL-CM6A-LR,-6.5,precip_mj2,11,0.0374027442257372,0.0218971154686842,-0.00367197994329636,0.0692176993677698,0.0436836742627855
crop,IPSL-CM6A-LR,-5.5,frost_mj,13,-0.0346338556705099,0.0174774644311291,-0.0588404333904499,-0.00125926798035727,-0.0342652405314589
crop,IPSL-CM6A-LR,-5.5,gdd_mj,13,0.0828825889057447,0.0247736117394348,0.0497474020306825,0.140703174234535,0.0859285884452549
crop,IPSL-CM6A-LR,-5.5,heat_mj,13,0.00560494493420547,0.00413353916401634,-2.13767315607588e-06,0.0136561325477885,0.00808780937277025
crop,IPSL-CM6A-LR,-5.5,precip_mj,13,-0.0374315297802088,0.0278273015726115,-0.0835012421937072,0.0156661160453869,-0.0376329206470629
crop,IPSL-CM6A-LR,-5.5,precip_mj2,13,0.0239062470938388,0.023647503438985,-0.0272004755197509,0.058739794524703,0.0300731197701724
crop,IPSL-CM6A-LR,-4.5,frost_mj,11,-0.0331612841174249,0.0184384100527108,-0.063485292860037,-0.0132615559256401,-0.0318744051216611
crop,IPSL-CM6A-LR,-4.5,gdd_mj,11,0.0589675423523767,0.0402593443041117,-0.00690663433875735,0.142314243342599,0.0620281589888157
crop,IPSL-CM6A-LR,-4.5,heat_mj,11,3.00317090095532e-07,0.00496076704374701,-0.00878002922830462,0.00617800139847715,0.002325408724447
crop,IPSL-CM6A-LR,-4.5,precip_mj,11,-0.0219613151684611,0.0225677298285447,-0.0799246082597486,-0.00103076032577342,-0.0221107076479519
crop,IPSL-CM6A-LR,-4.5,precip_mj2,11,0.0119589474306257,0.0200344697591489,-0.0125726585713868,0.0567157061178105,0.0184291869110266
crop,IPSL-CM6A-LR,-3.5,frost_mj,8,-0.0260430867701461,0.0176253054436969,-0.0444715580183389,0.00223687712433261,-0.0250722871731702
crop,IPSL-CM6A-LR,-3.5,gdd_mj,8,0.060193685073152,0.0375957568109121,0.00198711316600763,0.103465029932039,0.0621874222225396
crop,IPSL-CM6A-LR,-3.5,heat_mj,8,0.00161792375419142,0.00470124172932414,-0.00454271990485237,0.00972660092012147,0.00371762402381238
crop,IPSL-CM6A-LR,-3.5,precip_mj,8,-0.0220881541696836,0.023156435912305,-0.0691596400134013,0.00571422828825968,-0.0222532798320608
crop,IPSL-CM6A-LR,-3.5,precip_mj2,8,0.0110084124679089,0.020028798854268,-0.0125358939178506,0.0502070919956783,0.0161813501842527
crop,IPSL-CM6A-LR,-2.5,frost_mj,9,-0.0107332406740993,0.0141807598548009,-0.026604684785829,0.0188273762232783,-0.00904749983742773
crop,IPSL-CM6A-LR,-2.5,gdd_mj,9,0.0286293960423812,0.0144180381484522,0.00996715977411187,0.0525851263276479,0.0318619078136256
crop,IPSL-CM6A-LR,-2.5,heat_mj,9,0.00191242827731065,0.00681973919275659,-0.00921141528863377,0.0103788816123605,0.00466603094944814
crop,IPSL-CM6A-LR,-2.5,precip_mj,9,-0.0263794536181529,0.0272495212810604,-0.0775509787882892,0.0222438561167515,-0.0264909203481779
crop,IPSL-CM6A-LR,-2.5,precip_mj2,9,0.0161244399274667,0.0218753560606966,-0.0261164075288855,0.0542082744702326,0.0229878503394942
crop,IPSL-CM6A-LR,-1.5,frost_mj,6,-0.027459426741229,0.0234078270113198,-0.0613224076118999,-0.00194771609827006,-0.0276721166390351
crop,IPSL-CM6A-LR,-1.5,gdd_mj,6,0.0527667884634203,0.0292403126134161,0.0246592445949938,0.0949225539471663,0.056038304787055
crop,IPSL-CM6A-LR,-1.5,heat_mj,6,0.00158942824637672,0.00502488819616179,-0.00433754450130294,0.00774625740060597,0.00396927411294747
crop,IPSL-CM6A-LR,-1.5,precip_mj,6,-0.00858116177257959,0.0265418136342157,-0.0373979431022558,0.0261409239247309,-0.00867046827933937
crop,IPSL-CM6A-LR,-1.5,precip_mj2,6,0.000222989460154584,0.0244070389176665,-0.0344063240921271,0.0250671174521149,0.00600400742890208
crop,IPSL-CM6A-LR,-0.5,frost_mj,8,-0.000348788260502101,0.0142899161914535,-0.0178952032867458,0.0154549484485168,0.00310403910774848
crop,IPSL-CM6A-LR,-0.5,gdd_mj,8,-3.88254001117364e-05,0.04998211851782,-0.0564147366084043,0.0807748407326787,0.00193192577522418
crop,IPSL-CM6A-LR,-0.5,heat_mj,8,-0.00371948088689891,0.00657967590498466,-0.011389225056999,0.00526051362801492,-0.000433320297054001
crop,IPSL-CM6A-LR,-0.5,precip_mj,8,-0.0135146897263958,0.0388542156912167,-0.0632665086251211,0.0444742591317386,-0.013653397943044
crop,IPSL-CM6A-LR,-0.5,precip_mj2,8,0.00248559084458646,0.0330713275772358,-0.045419870647991,0.0458068324704573,0.00960206057495624
energy Electricity,EC-Earth3,-9.5,cdd_jja,4,-0.00759270400197322,0.00227055706793788,-0.0105830322535222,-0.00511623027022375,-0.00823993459322141
energy Electricity,EC-Earth3,-9.5,hdd_calendar,4,0.0387176725958494,0.00790062179159835,0.0274330307506704,0.0452485372618043,0.0380607053809427
energy Electricity,EC-Earth3,-8.5,cdd_jja,15,-0.00617082110060883,0.0038442379614732,-0.0116079468777589,0.00121881476036459,-0.00726320681173076
energy Electricity,EC-Earth3,-8.5,hdd_calendar,15,0.0557325500435734,0.0257514587644436,-0.000533602886497094,0.103580329578125,0.0547106905442203
energy Electricity,EC-Earth3,-7.5,cdd_jja,20,-0.00603154819509552,0.00504090226403857,-0.0138539159240266,0.00469380628144437,-0.00750282343481944
energy Electricity,EC-Earth3,-7.5,hdd_calendar,20,0.0414919502955821,0.017185490062709,0.0176228622940567,0.0773228701811443,0.0402424187726944
energy Electricity,EC-Earth3,-6.5,cdd_jja,21,-0.00297679334564299,0.00439047919805837,-0.0100091744035631,0.00663039679559183,-0.00429997784591972
energy Electricity,EC-Earth3,-6.5,hdd_calendar,21,0.0321438420448855,0.0169896711413574,-0.00979907724851616,0.066516821779778,0.0309616715016742
energy Electricity,EC-Earth3,-5.5,cdd_jja,8,-0.00269475384916036,0.00458847938487681,-0.0101647651825763,0.00316881714618803,-0.00405010070159186
energy Electricity,EC-Earth3,-5.5,hdd_calendar,8,0.0277636004567056,0.014261134724875,0.00479977915200464,0.0442292861597661,0.0266583300773519
energy Electricity,EC-Earth3,-4.5,cdd_jja,8,-0.00214527397720994,0.00906387130765656,-0.00999934439879647,0.0175318546990296,-0.00427417447418201
energy Electricity,EC-Earth3,-4.5,hdd_calendar,8,0.0376449830018715,0.0134502235603739,0.0194846751478386,0.060408714183883,0.0361751742096524
energy Electricity,EC-Earth3,-3.5,cdd_jja,9,-0.00222580988380917,0.00846963346377507,-0.0101670275257176,0.0130911202797026,-0.00451505038344885
energy Electricity,EC-Earth3,-3.5,hdd_calendar,9,0.0339268917609369,0.0201001094435778,0.00559945781743924,0.0694495346877756,0.032213080493396
energy Electricity,EC-Earth3,-2.5,cdd_jja,5,-0.00280455419348589,0.00244196317423932,-0.00545691657572835,-0.000135495304831357,-0.00360540050250956
energy Electricity,EC-Earth3,-2.5,hdd_calendar,5,0.0243805372836242,0.0162749801875659,0.00646727749153181,0.050298686405196,0.0235224592662177
energy Electricity,EC-Earth3,-1.5,cdd_jja,6,-0.00186390245620155,0.00298690577164282,-0.00613649872507336,0.00243282088570736,-0.00303024150402939
energy Electricity,EC-Earth3,-1.5,hdd_calendar,6,0.0093804929550875,0.0137310207943214,-0.00333543975659986,0.0271903042840188,0.00822912521418222
energy Electricity,EC-Earth3,-0.5,cdd_jja,3,0.0036447566366141,0.00484868874787172,-3.80094751911921e-05,0.00913822237203562,0.0029131983734817
energy Electricity,EC-Earth3,-0.5,hdd_calendar,3,0.00483568249935956,0.0110905520448325,-0.00223021149692197,0.0176182349584982,0.00423821415115326
energy Electricity,IPSL-CM6A-LR,-9.5,cdd_jja,5,-0.00839792026691835,0.00135374966527364,-0.0107003675298344,-0.0075102769938793,-0.00887136052535842
energy Electricity,IPSL-CM6A-LR,-9.5,hdd_calendar,5,0.0691660039507169,0.0293148618041096,0.0312781953385992,0.110662903364138,0.0685885054095861
energy Electricity,IPSL-CM6A-LR,-8.5,cdd_jja,8,-0.00807334719437002,0.00225914673542155,-0.0103555043845945,-0.00382613024750836,-0.00877638475497938
energy Electricity,IPSL-CM6A-LR,-8.5,hdd_calendar,8,0.0722967678140713,0.0301261497639452,0.0205936936963262,0.106069018266331,0.0715154218267031
energy Electricity,IPSL-CM6A-LR,-7.5,cdd_jja,19,-0.00592318151792605,0.00338524143822366,-0.0106468383946196,0.00267897199366678,-0.00672507342890543
energy Electricity,IPSL-CM6A-LR,-7.5,hdd_calendar,19,0.0569444283869064,0.0156334283691734,0.0243940050050009,0.088256545212538,0.0560735717170656
energy Electricity,IPSL-CM6A-LR,-6.5,cdd_jja,11,-0.00614919070258012,0.00238300248684187,-0.0110778632822987,-0.00226113932575312,-0.0067914455146378
energy Electricity,IPSL-CM6A-LR,-6.5,hdd_calendar,11,0.0652703830355019,0.0210328020483755,0.0301112791473432,0.101566803515351,0.0645327542624274
energy Electricity,IPSL-CM6A-LR,-5.5,cdd_jja,13,-0.00503422373938445,0.00227584910714197,-0.00931291172185666,-0.00113332477222243,-0.00577880560975145
energy Electricity,IPSL-CM6A-LR,-5.5,hdd_calendar,13,0.0396315033363156,0.0100267904504134,0.0246652904832828,0.0572174193565336,0.038812419629454
energy Electricity,IPSL-CM6A-LR,-4.5,cdd_jja,11,-0.00200505453452792,0.00335459453844786,-0.00868976668473656,0.00272359768834619,-0.00287962600916655
energy Electricity,IPSL-CM6A-LR,-4.5,hdd_calendar,11,0.0240118206202284,0.0108140487192404,0.010080748342285,0.0389307258658066,0.0230723960490761
energy Electricity,IPSL-CM6A-LR,-3.5,cdd_jja,8,-0.00358105001964034,0.00310958673288317,-0.00875598232665609,0.000798768705795376,-0.00440793079647037
energy Electricity,IPSL-CM6A-LR,-3.5,hdd_calendar,8,0.029638711498009,0.0134754324769861,0.0154872276783382,0.0484258000357275,0.0287689636278788
energy Electricity,IPSL-CM6A-LR,-2.5,cdd_jja,9,-0.00253939996042801,0.00320011677284254,-0.00651735533069441,0.00180460139820024,-0.00340812606338201
energy Electricity,IPSL-CM6A-LR,-2.5,hdd_calendar,9,0.0153351509719406,0.00583618631484178,0.00200417981963561,0.0218409650308271,0.0145146601191438
energy Electricity,IPSL-CM6A-LR,-1.5,cdd_jja,6,-0.00224034838352345,0.0037803202345763,-0.00565091971742822,0.00389663451225285,-0.00313823152502558
energy Electricity,IPSL-CM6A-LR,-1.5,hdd_calendar,6,0.0226943386028697,0.0120987341945429,0.00736585673384864,0.0401624366139357,0.0216958528528836
energy Electricity,IPSL-CM6A-LR,-0.5,cdd_jja,8,0.000610300007560457,0.00423501208797619,-0.0064777177684582,0.00566942834816363,-0.000207647358744587
energy Electricity,IPSL-CM6A-LR,-0.5,hdd_calendar,8,0.00508664309376303,0.0186998925159412,-0.0210300376333994,0.0319510927919552,0.00401930135459424
energy Natural gas,EC-Earth3,-9.5,hdd_octmar,4,0.0485242095261766,0.0178954585005087,0.0241120178302545,0.0664020282485954,0.0484521555138654
energy Natural gas,EC-Earth3,-8.5,hdd_octmar,15,0.0758093527202114,0.0411814936217437,-0.019912367309768,0.156171763675566,0.0757102445290502
energy Natural gas,EC-Earth3,-7.5,hdd_octmar,20,0.0523390220404879,0.0241666922402974,0.0116526553115806,0.109453174745224,0.0521940962247984
energy Natural gas,EC-Earth3,-6.5,hdd_octmar,21,0.0437846893719589,0.0274776679775843,-0.0171513791525341,0.0966409275538926,0.0435845046729828
energy Natural gas,EC-Earth3,-5.5,hdd_octmar,8,0.0364573971270981,0.0231008191200335,0.00967723188353605,0.0708430857507525,0.0362272599923065
energy Natural gas,EC-Earth3,-4.5,hdd_octmar,8,0.0501145794572306,0.0201422442638006,0.0203416936107828,0.0815526968128333,0.0499257926014346
energy Natural gas,EC-Earth3,-3.5,hdd_octmar,9,0.0464383348811736,0.0329797333015375,0.0144974531064009,0.102629062657794,0.0462496341551396
energy Natural gas,EC-Earth3,-2.5,hdd_octmar,5,0.03293905027912,0.0277358554324374,0.0135515574205706,0.0803598750728141,0.0328325989386261
energy Natural gas,EC-Earth3,-1.5,hdd_octmar,6,0.0121328365254693,0.0164347761302865,-0.00394463197438086,0.0356367714295331,0.0118530237001032
energy Natural gas,EC-Earth3,-0.5,hdd_octmar,3,0.00300462190065553,0.0190289666987454,-0.0134029373861923,0.023865240498115,0.00286579069340289
energy Natural gas,IPSL-CM6A-LR,-9.5,hdd_octmar,5,0.0960207040570679,0.047105712912826,0.0345805882494728,0.162634263524717,0.0959857844969267
energy Natural gas,IPSL-CM6A-LR,-8.5,hdd_octmar,8,0.0968764820478285,0.0449576654085364,0.0179605359885227,0.155437918342104,0.0967546908882204
energy Natural gas,IPSL-CM6A-LR,-7.5,hdd_octmar,19,0.0761583832618996,0.0264974046486945,0.0184755363884309,0.129833552672858,0.0760116633548904
energy Natural gas,IPSL-CM6A-LR,-6.5,hdd_octmar,11,0.0954914014193834,0.036347197248625,0.0315460132665591,0.155297968816143,0.0953661703411332
energy Natural gas,IPSL-CM6A-LR,-5.5,hdd_octmar,13,0.0536403598060475,0.0164001455436236,0.0295039983476051,0.0798374297728076,0.0535126917787674
energy Natural gas,IPSL-CM6A-LR,-4.5,hdd_octmar,11,0.0280433545768476,0.0133520559521022,0.00733173034560682,0.0548219494319738,0.0278882433915637
energy Natural gas,IPSL-CM6A-LR,-3.5,hdd_octmar,8,0.0338305890899456,0.0209816303114852,0.000637347666481196,0.0658537431146219,0.0337415131487968
energy Natural gas,IPSL-CM6A-LR,-2.5,hdd_octmar,9,0.0201254512813464,0.0134283527312869,-0.00640624443443317,0.0373502347879061,0.0199027576530714
energy Natural gas,IPSL-CM6A-LR,-1.5,hdd_octmar,6,0.0311592984741851,0.021406661546541,0.000183518098833902,0.0568147636060889,0.0310318525320547
energy Natural gas,IPSL-CM6A-LR,-0.5,hdd_octmar,8,0.00157118611101697,0.027497524040675,-0.03854151851171,0.0373248677135926,0.00141543419531477
