model,bin_id,delta_sv,n_years,hos_year,component,dln
IPSL-CM6A-LR,-0.5,-0.7613,1,1,gdd_mj,0.0047332125231207
IPSL-CM6A-LR,-0.5,-0.9061,1,2,gdd_mj,-0.0393208075431472
IPSL-CM6A-LR,-2.5,-2.1752,1,3,gdd_mj,0.0455927513346216
IPSL-CM6A-LR,-0.5,-0.979,1,5,gdd_mj,0.00522444656436781
IPSL-CM6A-LR,-1.5,-1.6221,1,6,gdd_mj,0.0536495176118774
IPSL-CM6A-LR,-1.5,-1.1701,1,7,gdd_mj,0.0336960873495585
IPSL-CM6A-LR,-0.5,-0.5998,1,8,gdd_mj,-0.0370312889319185
IPSL-CM6A-LR,-0.5,-0.1997,1,9,gdd_mj,-0.0235381610068302
IPSL-CM6A-LR,-0.5,-0.7418,1,10,gdd_mj,-0.0564147366084043
IPSL-CM6A-LR,-2.5,-2.713,1,11,gdd_mj,0.00996715977411187
IPSL-CM6A-LR,-1.5,-1.3383,1,12,gdd_mj,0.0246592445949938
IPSL-CM6A-LR,-0.5,-0.4327,1,13,gdd_mj,0.0807748407326787
IPSL-CM6A-LR,-0.5,-0.4569,1,14,gdd_mj,0.0652618910692391
IPSL-CM6A-LR,-1.5,-1.3271,1,15,gdd_mj,0.0806707225976265
IPSL-CM6A-LR,-1.5,-1.1959,1,16,gdd_mj,0.0290026046792994
IPSL-CM6A-LR,-2.5,-2.5833,1,17,gdd_mj,0.0525851263276479
IPSL-CM6A-LR,-2.5,-2.8658,1,18,gdd_mj,0.0277593199542818
IPSL-CM6A-LR,-1.5,-1.0916,1,19,gdd_mj,0.0949225539471663
IPSL-CM6A-LR,-3.5,-3.2099,1,20,gdd_mj,0.0562347030555292
IPSL-CM6A-LR,-2.5,-2.3795,1,21,gdd_mj,0.0293887356979355
IPSL-CM6A-LR,-3.5,-3.4662,1,22,gdd_mj,0.0965554681105474
IPSL-CM6A-LR,-2.5,-2.7286,1,23,gdd_mj,0.0232165937207708
IPSL-CM6A-LR,-4.5,-4.0303,1,24,gdd_mj,-0.00690663433875735
IPSL-CM6A-LR,-2.5,-2.8085,1,25,gdd_mj,0.0376898617412784
IPSL-CM6A-LR,-2.5,-2.5323,1,26,gdd_mj,0.0177001905768472
IPSL-CM6A-LR,-3.5,-3.0615,1,27,gdd_mj,0.0350117257923613
IPSL-CM6A-LR,-2.5,-2.3161,1,28,gdd_mj,0.0137648252539361
IPSL-CM6A-LR,-3.5,-3.3374,1,29,gdd_mj,0.00198711316600763
IPSL-CM6A-LR,-4.5,-4.2179,1,30,gdd_mj,0.0176529599276826
IPSL-CM6A-LR,-5.5,-5.2566,1,31,gdd_mj,0.0620694113661182
IPSL-CM6A-LR,-3.5,-3.6201,1,32,gdd_mj,0.103465029932039
IPSL-CM6A-LR,-4.5,-4.2133,1,33,gdd_mj,0.142314243342599
IPSL-CM6A-LR,-4.5,-4.3351,1,34,gdd_mj,0.0536290712816499
IPSL-CM6A-LR,-4.5,-4.2314,1,35,gdd_mj,0.0548790686941208
IPSL-CM6A-LR,-4.5,-4.229,1,36,gdd_mj,0.0673482745104602
IPSL-CM6A-LR,-3.5,-3.7165,1,37,gdd_mj,0.0210017482651998
IPSL-CM6A-LR,-5.5,-5.1443,1,38,gdd_mj,0.0691666757347528
IPSL-CM6A-LR,-4.5,-4.9696,1,39,gdd_mj,0.0753739450625462
IPSL-CM6A-LR,-3.5,-3.7356,1,40,gdd_mj,0.0800706123108672
IPSL-CM6A-LR,-4.5,-4.1062,1,41,gdd_mj,0.0272981567847228
IPSL-CM6A-LR,-4.5,-4.777,1,42,gdd_mj,0.0485384556491657
IPSL-CM6A-LR,-5.5,-5.5255,1,43,gdd_mj,0.0673027831968197
IPSL-CM6A-LR,-5.5,-5.6091,1,44,gdd_mj,0.0931107799298373
IPSL-CM6A-LR,-5.5,-5.0614,1,45,gdd_mj,0.0901309284305484
IPSL-CM6A-LR,-4.5,-4.0228,1,46,gdd_mj,0.069431203404814
IPSL-CM6A-LR,-3.5,-3.5681,1,47,gdd_mj,0.0872230799526643
IPSL-CM6A-LR,-4.5,-4.7253,1,48,gdd_mj,0.0990842215571399
IPSL-CM6A-LR,-5.5,-5.7852,1,49,gdd_mj,0.064617073866647
IPSL-CM6A-LR,-5.5,-5.6439,1,50,gdd_mj,0.0497474020306825
IPSL-CM6A-LR,-5.5,-5.7916,1,51,gdd_mj,0.093239170411158
IPSL-CM6A-LR,-7.5,-7.5335,1,52,gdd_mj,0.0407646019544095
IPSL-CM6A-LR,-6.5,-6.8874,1,53,gdd_mj,0.00702128082984318
IPSL-CM6A-LR,-5.5,-5.5267,1,54,gdd_mj,0.140703174234535
IPSL-CM6A-LR,-5.5,-5.319,1,55,gdd_mj,0.0900959682232607
IPSL-CM6A-LR,-5.5,-5.9791,1,56,gdd_mj,0.107210507995104
IPSL-CM6A-LR,-8.5,-8.0124,1,57,gdd_mj,0.0918569239800517
IPSL-CM6A-LR,-6.5,-6.674,1,58,gdd_mj,0.137448234310138
IPSL-CM6A-LR,-5.5,-5.697,1,59,gdd_mj,0.0936763854805961
IPSL-CM6A-LR,-7.5,-7.0038,1,60,gdd_mj,0.0141996949537851
IPSL-CM6A-LR,-7.5,-7.4198,1,61,gdd_mj,0.0656951888184386
IPSL-CM6A-LR,-6.5,-6.1575,1,62,gdd_mj,0.0955662616234023
IPSL-CM6A-LR,-7.5,-7.0646,1,63,gdd_mj,0.0603023057764357
IPSL-CM6A-LR,-5.5,-5.9699,1,64,gdd_mj,0.0564033948746208
IPSL-CM6A-LR,-6.5,-6.6177,1,65,gdd_mj,0.165386259334409
IPSL-CM6A-LR,-6.5,-6.4034,1,66,gdd_mj,0.110918419229389
IPSL-CM6A-LR,-7.5,-7.4208,1,67,gdd_mj,0.125736336568148
IPSL-CM6A-LR,-6.5,-6.7989,1,68,gdd_mj,0.154113522697887
IPSL-CM6A-LR,-7.5,-7.6028,1,69,gdd_mj,0.126972890111486
IPSL-CM6A-LR,-7.5,-7.1661,1,70,gdd_mj,0.101456254351826
IPSL-CM6A-LR,-7.5,-7.4013,1,71,gdd_mj,0.134799794524988
IPSL-CM6A-LR,-7.5,-7.6406,1,72,gdd_mj,0.12579374838037
IPSL-CM6A-LR,-6.5,-6.5805,1,73,gdd_mj,0.136571885462809
IPSL-CM6A-LR,-7.5,-7.7579,1,74,gdd_mj,0.0968977692535379
IPSL-CM6A-LR,-7.5,-7.9349,1,75,gdd_mj,0.156806253404185
IPSL-CM6A-LR,-7.5,-7.941,1,76,gdd_mj,0.110111495911703
IPSL-CM6A-LR,-8.5,-8.2695,1,77,gdd_mj,0.128494745976188
IPSL-CM6A-LR,-7.5,-7.5299,1,78,gdd_mj,0.0854626487740533
IPSL-CM6A-LR,-6.5,-6.2088,1,79,gdd_mj,0.0893413310607675
IPSL-CM6A-LR,-7.5,-7.6756,1,80,gdd_mj,0.0979044907846457
IPSL-CM6A-LR,-6.5,-6.6415,1,81,gdd_mj,0.077090887542192
IPSL-CM6A-LR,-8.5,-8.0555,1,82,gdd_mj,0.104171630876971
IPSL-CM6A-LR,-7.5,-7.3084,1,84,gdd_mj,0.127910746875355
IPSL-CM6A-LR,-9.5,-9.384,1,85,gdd_mj,0.115992187890532
IPSL-CM6A-LR,-7.5,-7.4004,1,86,gdd_mj,0.171597801603342
IPSL-CM6A-LR,-8.5,-8.3239,1,87,gdd_mj,0.158981538601071
IPSL-CM6A-LR,-7.5,-7.7418,1,88,gdd_mj,0.108011544252119
IPSL-CM6A-LR,-9.5,-9.1721,1,89,gdd_mj,0.139513500399729
IPSL-CM6A-LR,-8.5,-8.5532,1,90,gdd_mj,0.143490956706991
IPSL-CM6A-LR,-9.5,-9.0631,1,91,gdd_mj,0.088757760747909
IPSL-CM6A-LR,-9.5,-9.9064,1,92,gdd_mj,0.107865116565098
IPSL-CM6A-LR,-7.5,-7.5646,1,93,gdd_mj,0.156848994576845
IPSL-CM6A-LR,-8.5,-8.6305,1,94,gdd_mj,0.148046479555956
IPSL-CM6A-LR,-9.5,-9.1749,1,95,gdd_mj,0.17991718372638
IPSL-CM6A-LR,-7.5,-7.8759,1,96,gdd_mj,0.123491277304208
IPSL-CM6A-LR,-6.5,-6.2615,1,97,gdd_mj,0.07682977900927
IPSL-CM6A-LR,-8.5,-8.9677,1,98,gdd_mj,0.18970535619847
IPSL-CM6A-LR,-8.5,-8.8657,1,99,gdd_mj,0.134413637507887
IPSL-CM6A-LR,-6.5,-6.9036,1,100,gdd_mj,0.11269655722988
IPSL-CM6A-LR,-0.5,-0.7613,1,1,heat_mj,0.00526051362801492
IPSL-CM6A-LR,-0.5,-0.9061,1,2,heat_mj,-0.00423425411930229
IPSL-CM6A-LR,-2.5,-2.1752,1,3,heat_mj,0.0103788816123605
IPSL-CM6A-LR,-0.5,-0.979,1,5,heat_mj,-0.00528447528204262
IPSL-CM6A-LR,-1.5,-1.6221,1,6,heat_mj,0.00774625740060597
IPSL-CM6A-LR,-1.5,-1.1701,1,7,heat_mj,0.00105415324312732
IPSL-CM6A-LR,-0.5,-0.5998,1,8,heat_mj,-0.011389225056999
IPSL-CM6A-LR,-0.5,-0.1997,1,9,heat_mj,-0.00800089409027259
IPSL-CM6A-LR,-0.5,-0.7418,1,10,heat_mj,-0.0108998459828392
IPSL-CM6A-LR,-2.5,-2.713,1,11,heat_mj,0.00196351877342648
IPSL-CM6A-LR,-1.5,-1.3383,1,12,heat_mj,-0.00419015427438049
IPSL-CM6A-LR,-0.5,-0.4327,1,13,heat_mj,0.00524002267626122
IPSL-CM6A-LR,-0.5,-0.4569,1,14,heat_mj,-0.000447688868011758
IPSL-CM6A-LR,-1.5,-1.3271,1,15,heat_mj,0.00392191366778315
IPSL-CM6A-LR,-1.5,-1.1959,1,16,heat_mj,-0.00433754450130294
IPSL-CM6A-LR,-2.5,-2.5833,1,17,heat_mj,0.00535252506802467
IPSL-CM6A-LR,-2.5,-2.8658,1,18,heat_mj,-0.000873854898549629
IPSL-CM6A-LR,-1.5,-1.0916,1,19,heat_mj,0.00534194394242733
IPSL-CM6A-LR,-3.5,-3.2099,1,20,heat_mj,0.00465059897318308
IPSL-CM6A-LR,-2.5,-2.3795,1,21,heat_mj,-0.00171927455444841
IPSL-CM6A-LR,-3.5,-3.4662,1,22,heat_mj,-0.000171668772260584
IPSL-CM6A-LR,-2.5,-2.7286,1,23,heat_mj,0.00757111410877878
IPSL-CM6A-LR,-4.5,-4.0303,1,24,heat_mj,-0.00612572744136369
IPSL-CM6A-LR,-2.5,-2.8085,1,25,heat_mj,0.00935304710386607
IPSL-CM6A-LR,-2.5,-2.5323,1,26,heat_mj,-0.00921141528863377
IPSL-CM6A-LR,-3.5,-3.0615,1,27,heat_mj,-0.00454271990485237
IPSL-CM6A-LR,-2.5,-2.3161,1,28,heat_mj,-0.00560268742902881
IPSL-CM6A-LR,-3.5,-3.3374,1,29,heat_mj,0.00296763119308894
IPSL-CM6A-LR,-4.5,-4.2179,1,30,heat_mj,-0.00878002922830462
IPSL-CM6A-LR,-5.5,-5.2566,1,31,heat_mj,0.00280606851824133
IPSL-CM6A-LR,-3.5,-3.6201,1,32,heat_mj,0.00332481134648904
IPSL-CM6A-LR,-4.5,-4.2133,1,33,heat_mj,0.00598240983120148
IPSL-CM6A-LR,-4.5,-4.3351,1,34,heat_mj,-0.00367301395870183
IPSL-CM6A-LR,-4.5,-4.2314,1,35,heat_mj,-0.00095551403492491
IPSL-CM6A-LR,-4.5,-4.229,1,36,heat_mj,0.00187924318341215
IPSL-CM6A-LR,-3.5,-3.7165,1,37,heat_mj,-0.00418507885962355
IPSL-CM6A-LR,-5.5,-5.1443,1,38,heat_mj,0.0082594724705917
IPSL-CM6A-LR,-4.5,-4.9696,1,39,heat_mj,0.00511462791090074
IPSL-CM6A-LR,-3.5,-3.7356,1,40,heat_mj,0.00117321513738535
IPSL-CM6A-LR,-4.5,-4.1062,1,41,heat_mj,0.00230964621388293
IPSL-CM6A-LR,-4.5,-4.777,1,42,heat_mj,-0.00272907612434337
IPSL-CM6A-LR,-5.5,-5.5255,1,43,heat_mj,0.00957903126969616
IPSL-CM6A-LR,-5.5,-5.6091,1,44,heat_mj,0.00543760519657108
IPSL-CM6A-LR,-5.5,-5.0614,1,45,heat_mj,0.00802658298980192
IPSL-CM6A-LR,-4.5,-4.0228,1,46,heat_mj,0.000802735737755019
IPSL-CM6A-LR,-3.5,-3.5681,1,47,heat_mj,0.00972660092012147
IPSL-CM6A-LR,-4.5,-4.7253,1,48,heat_mj,0.00617800139847715
IPSL-CM6A-LR,-5.5,-5.7852,1,49,heat_mj,0.00162764294588465
IPSL-CM6A-LR,-5.5,-5.6439,1,50,heat_mj,0.00552660811959945
IPSL-CM6A-LR,-5.5,-5.7916,1,51,heat_mj,0.00248316692629979
IPSL-CM6A-LR,-7.5,-7.5335,1,52,heat_mj,0.000180080426349239
IPSL-CM6A-LR,-6.5,-6.8874,1,53,heat_mj,-0.00315190342904243
IPSL-CM6A-LR,-5.5,-5.5267,1,54,heat_mj,0.0136561325477885
IPSL-CM6A-LR,-5.5,-5.319,1,55,heat_mj,-2.13767315607588e-06
IPSL-CM6A-LR,-5.5,-5.9791,1,56,heat_mj,0.0106939654527993
IPSL-CM6A-LR,-8.5,-8.0124,1,57,heat_mj,0.0109422827687065
IPSL-CM6A-LR,-6.5,-6.674,1,58,heat_mj,0.00963054383820005
IPSL-CM6A-LR,-5.5,-5.697,1,59,heat_mj,0.00242369605561207
IPSL-CM6A-LR,-7.5,-7.0038,1,60,heat_mj,-0.00350671556723213
IPSL-CM6A-LR,-7.5,-7.4198,1,61,heat_mj,0.00208017515940788
IPSL-CM6A-LR,-6.5,-6.1575,1,62,heat_mj,0.00158651028679779
IPSL-CM6A-LR,-7.5,-7.0646,1,63,heat_mj,-8.918115313103e-05
IPSL-CM6A-LR,-5.5,-5.9699,1,64,heat_mj,0.00234644932494121
IPSL-CM6A-LR,-6.5,-6.6177,1,65,heat_mj,0.014089849331697
IPSL-CM6A-LR,-6.5,-6.4034,1,66,heat_mj,0.00781451832576499
IPSL-CM6A-LR,-7.5,-7.4208,1,67,heat_mj,0.00590346743653442
IPSL-CM6A-LR,-6.5,-6.7989,1,68,heat_mj,0.00605352275818767
IPSL-CM6A-LR,-7.5,-7.6028,1,69,heat_mj,0.00724791305270043
IPSL-CM6A-LR,-7.5,-7.1661,1,70,heat_mj,0.0029932751245682
IPSL-CM6A-LR,-7.5,-7.4013,1,71,heat_mj,0.0111265145467337
IPSL-CM6A-LR,-7.5,-7.6406,1,72,heat_mj,0.00557855875210885
IPSL-CM6A-LR,-6.5,-6.5805,1,73,heat_mj,0.00762071013669647
IPSL-CM6A-LR,-7.5,-7.7579,1,74,heat_mj,0.00652352458306955
IPSL-CM6A-LR,-7.5,-7.9349,1,75,heat_mj,0.0127760683337166
IPSL-CM6A-LR,-7.5,-7.941,1,76,heat_mj,0.0114879162954728
IPSL-CM6A-LR,-8.5,-8.2695,1,77,heat_mj,0.0116788063172352
IPSL-CM6A-LR,-7.5,-7.5299,1,78,heat_mj,0.00417883505535814
IPSL-CM6A-LR,-6.5,-6.2088,1,79,heat_mj,0.00635650658857649
IPSL-CM6A-LR,-7.5,-7.6756,1,80,heat_mj,0.00723553350769493
IPSL-CM6A-LR,-6.5,-6.6415,1,81,heat_mj,0.00186302444542542
IPSL-CM6A-LR,-8.5,-8.0555,1,82,heat_mj,0.00424164548877531
IPSL-CM6A-LR,-7.5,-7.3084,1,84,heat_mj,0.0108195042266626
IPSL-CM6A-LR,-9.5,-9.384,1,85,heat_mj,0.00419332450101584
IPSL-CM6A-LR,-7.5,-7.4004,1,86,heat_mj,0.0114318943703329
IPSL-CM6A-LR,-8.5,-8.3239,1,87,heat_mj,0.0111945651887634
IPSL-CM6A-LR,-7.5,-7.7418,1,88,heat_mj,0.00788458890779246
IPSL-CM6A-LR,-9.5,-9.1721,1,89,heat_mj,0.00784231027426944
IPSL-CM6A-LR,-8.5,-8.5532,1,90,heat_mj,0.0113649670534912
IPSL-CM6A-LR,-9.5,-9.0631,1,91,heat_mj,0.0116084283800911
IPSL-CM6A-LR,-9.5,-9.9064,1,92,heat_mj,0.0135759826157247
IPSL-CM6A-LR,-7.5,-7.5646,1,93,heat_mj,0.00351663263278512
IPSL-CM6A-LR,-8.5,-8.6305,1,94,heat_mj,0.0110022978405577
IPSL-CM6A-LR,-9.5,-9.1749,1,95,heat_mj,0.00786099070081376
IPSL-CM6A-LR,-7.5,-7.8759,1,96,heat_mj,0.00605227284339379
IPSL-CM6A-LR,-6.5,-6.2615,1,97,heat_mj,0.00423288377019161
IPSL-CM6A-LR,-8.5,-8.9677,1,98,heat_mj,0.00786770357941518
IPSL-CM6A-LR,-8.5,-8.8657,1,99,heat_mj,0.00587891023876694
IPSL-CM6A-LR,-6.5,-6.9036,1,100,heat_mj,0.0055437499401487
IPSL-CM6A-LR,-0.5,-0.7613,1,1,frost_mj,0.00257231580196863
IPSL-CM6A-LR,-0.5,-0.9061,1,2,frost_mj,0.0130224065574611
IPSL-CM6A-LR,-2.5,-2.1752,1,3,frost_mj,-0.0248612465529554
IPSL-CM6A-LR,-0.5,-0.979,1,5,frost_mj,-0.00142800718275114
IPSL-CM6A-LR,-1.5,-1.6221,1,6,frost_mj,-0.00194771609827006
IPSL-CM6A-LR,-1.5,-1.1701,1,7,frost_mj,-0.0109684218159875
IPSL-CM6A-LR,-0.5,-0.5998,1,8,frost_mj,-0.0178952032867458
IPSL-CM6A-LR,-0.5,-0.1997,1,9,frost_mj,0.0154426865214843
IPSL-CM6A-LR,-0.5,-0.7418,1,10,frost_mj,0.0154549484485168
IPSL-CM6A-LR,-2.5,-2.713,1,11,frost_mj,-0.000410460191166965
IPSL-CM6A-LR,-1.5,-1.3383,1,12,frost_mj,-0.0247755670376302
IPSL-CM6A-LR,-0.5,-0.4327,1,13,frost_mj,-0.0166813968422746
IPSL-CM6A-LR,-0.5,-0.4569,1,14,frost_mj,-0.0132780561016761
IPSL-CM6A-LR,-1.5,-1.3271,1,15,frost_mj,-0.0502544274634239
IPSL-CM6A-LR,-1.5,-1.1959,1,16,frost_mj,-0.0154880204201622
IPSL-CM6A-LR,-2.5,-2.5833,1,17,frost_mj,-0.00530181742866603
IPSL-CM6A-LR,-2.5,-2.8658,1,18,frost_mj,-0.0122558364570363
IPSL-CM6A-LR,-1.5,-1.0916,1,19,frost_mj,-0.0613224076118999
IPSL-CM6A-LR,-3.5,-3.2099,1,20,frost_mj,-0.00635528418570402
IPSL-CM6A-LR,-2.5,-2.3795,1,21,frost_mj,-0.0220052343803045
IPSL-CM6A-LR,-3.5,-3.4662,1,22,frost_mj,-0.0444715580183389
IPSL-CM6A-LR,-2.5,-2.7286,1,23,frost_mj,0.0188273762232783
IPSL-CM6A-LR,-4.5,-4.0303,1,24,frost_mj,-0.0132615559256401
IPSL-CM6A-LR,-2.5,-2.8085,1,25,frost_mj,-0.00927289820028501
IPSL-CM6A-LR,-2.5,-2.5323,1,26,frost_mj,-0.0147143642939292
IPSL-CM6A-LR,-3.5,-3.0615,1,27,frost_mj,-0.0379978385194469
IPSL-CM6A-LR,-2.5,-2.3161,1,28,frost_mj,-0.026604684785829
IPSL-CM6A-LR,-3.5,-3.3374,1,29,frost_mj,0.00223687712433261
IPSL-CM6A-LR,-4.5,-4.2179,1,30,frost_mj,-0.0170609861805618
IPSL-CM6A-LR,-5.5,-5.2566,1,31,frost_mj,-0.0333852817534489
IPSL-CM6A-LR,-3.5,-3.6201,1,32,frost_mj,-0.0380719250270496
IPSL-CM6A-LR,-4.5,-4.2133,1,33,frost_mj,-0.0590436431819484
IPSL-CM6A-LR,-4.5,-4.3351,1,34,frost_mj,-0.0280079179560201
IPSL-CM6A-LR,-4.5,-4.2314,1,35,frost_mj,-0.0233018737414549
IPSL-CM6A-LR,-4.5,-4.229,1,36,frost_mj,-0.0171434161253245
IPSL-CM6A-LR,-3.5,-3.7165,1,37,frost_mj,-0.0161035812021965
IPSL-CM6A-LR,-5.5,-5.1443,1,38,frost_mj,-0.0365464379511645
IPSL-CM6A-LR,-4.5,-4.9696,1,39,frost_mj,-0.0228964176038189
IPSL-CM6A-LR,-3.5,-3.7356,1,40,frost_mj,-0.025390344733753
IPSL-CM6A-LR,-4.5,-4.1062,1,41,frost_mj,-0.0237326549539184
IPSL-CM6A-LR,-4.5,-4.777,1,42,frost_mj,-0.0408433415830774
IPSL-CM6A-LR,-5.5,-5.5255,1,43,frost_mj,-0.0163830028245262
IPSL-CM6A-LR,-5.5,-5.6091,1,44,frost_mj,-0.0588404333904499
IPSL-CM6A-LR,-5.5,-5.0614,1,45,frost_mj,-0.0336207181766235
IPSL-CM6A-LR,-4.5,-4.0228,1,46,frost_mj,-0.063485292860037
IPSL-CM6A-LR,-3.5,-3.5681,1,47,frost_mj,-0.0421910395990124
IPSL-CM6A-LR,-4.5,-4.7253,1,48,frost_mj,-0.0559970251798723
IPSL-CM6A-LR,-5.5,-5.7852,1,49,frost_mj,-0.010122826784227
IPSL-CM6A-LR,-5.5,-5.6439,1,50,frost_mj,-0.00125926798035727
IPSL-CM6A-LR,-5.5,-5.7916,1,51,frost_mj,-0.0347342999633762
IPSL-CM6A-LR,-7.5,-7.5335,1,52,frost_mj,-0.0477986975526615
IPSL-CM6A-LR,-6.5,-6.8874,1,53,frost_mj,-0.0216840175244024
IPSL-CM6A-LR,-5.5,-5.5267,1,54,frost_mj,-0.0577649751506541
IPSL-CM6A-LR,-5.5,-5.319,1,55,frost_mj,-0.0426775484396829
IPSL-CM6A-LR,-5.5,-5.9791,1,56,frost_mj,-0.0283008602021444
IPSL-CM6A-LR,-8.5,-8.0124,1,57,frost_mj,-0.0164556823217942
IPSL-CM6A-LR,-6.5,-6.674,1,58,frost_mj,-0.0758731461991553
IPSL-CM6A-LR,-5.5,-5.697,1,59,frost_mj,-0.0458449702659684
IPSL-CM6A-LR,-7.5,-7.0038,1,60,frost_mj,-0.0384632401191267
IPSL-CM6A-LR,-7.5,-7.4198,1,61,frost_mj,-0.0244271554914799
IPSL-CM6A-LR,-6.5,-6.1575,1,62,frost_mj,-0.0447799897082196
IPSL-CM6A-LR,-7.5,-7.0646,1,63,frost_mj,-0.0177775897332221
IPSL-CM6A-LR,-5.5,-5.9699,1,64,frost_mj,-0.050759500834005
IPSL-CM6A-LR,-6.5,-6.6177,1,65,frost_mj,-0.0664038984150778
IPSL-CM6A-LR,-6.5,-6.4034,1,66,frost_mj,-0.0867252403604296
IPSL-CM6A-LR,-7.5,-7.4208,1,67,frost_mj,-0.0688931310484711
IPSL-CM6A-LR,-6.5,-6.7989,1,68,frost_mj,-0.0816893047965452
IPSL-CM6A-LR,-7.5,-7.6028,1,69,frost_mj,-0.056428797252263
IPSL-CM6A-LR,-7.5,-7.1661,1,70,frost_mj,-0.0710010999445393
IPSL-CM6A-LR,-7.5,-7.4013,1,71,frost_mj,-0.0557486432037272
IPSL-CM6A-LR,-7.5,-7.6406,1,72,frost_mj,-0.0519678991027456
IPSL-CM6A-LR,-6.5,-6.5805,1,73,frost_mj,-0.0675160765363731
IPSL-CM6A-LR,-7.5,-7.7579,1,74,frost_mj,-0.0542785456878744
IPSL-CM6A-LR,-7.5,-7.9349,1,75,frost_mj,-0.0628559082552194
IPSL-CM6A-LR,-7.5,-7.941,1,76,frost_mj,-0.0344285446579593
IPSL-CM6A-LR,-8.5,-8.2695,1,77,frost_mj,-0.0477325221485876
IPSL-CM6A-LR,-7.5,-7.5299,1,78,frost_mj,-0.041260633856722
IPSL-CM6A-LR,-6.5,-6.2088,1,79,frost_mj,-0.0334310579503944
IPSL-CM6A-LR,-7.5,-7.6756,1,80,frost_mj,-0.0527013426137517
IPSL-CM6A-LR,-6.5,-6.6415,1,81,frost_mj,-0.0675863225807295
IPSL-CM6A-LR,-8.5,-8.0555,1,82,frost_mj,-0.0483752921540842
IPSL-CM6A-LR,-7.5,-7.3084,1,84,frost_mj,-0.0307074804256548
IPSL-CM6A-LR,-9.5,-9.384,1,85,frost_mj,-0.0698226032108079
IPSL-CM6A-LR,-7.5,-7.4004,1,86,frost_mj,-0.0562032864008954
IPSL-CM6A-LR,-8.5,-8.3239,1,87,frost_mj,-0.0621878971522287
IPSL-CM6A-LR,-7.5,-7.7418,1,88,frost_mj,-0.0539146171624013
IPSL-CM6A-LR,-9.5,-9.1721,1,89,frost_mj,-0.0693069077213132
IPSL-CM6A-LR,-8.5,-8.5532,1,90,frost_mj,-0.0651484474029539
IPSL-CM6A-LR,-9.5,-9.0631,1,91,frost_mj,-0.041283600027604
IPSL-CM6A-LR,-9.5,-9.9064,1,92,frost_mj,-0.0449594872194929
IPSL-CM6A-LR,-7.5,-7.5646,1,93,frost_mj,-0.0970973703137351
IPSL-CM6A-LR,-8.5,-8.6305,1,94,frost_mj,-0.0699327242601594
IPSL-CM6A-LR,-9.5,-9.1749,1,95,frost_mj,-0.104820370040777
IPSL-CM6A-LR,-7.5,-7.8759,1,96,frost_mj,-0.0807938810914091
IPSL-CM6A-LR,-6.5,-6.2615,1,97,frost_mj,-0.0660100671648412
IPSL-CM6A-LR,-8.5,-8.9677,1,98,frost_mj,-0.0907957467604619
IPSL-CM6A-LR,-8.5,-8.8657,1,99,frost_mj,-0.0899054702413834
IPSL-CM6A-LR,-6.5,-6.9036,1,100,frost_mj,-0.0672842896753471
IPSL-CM6A-LR,-0.5,-0.7613,1,1,precip_mj,0.0444742591317386
IPSL-CM6A-LR,-0.5,-0.9061,1,2,precip_mj,-0.0364399988674451
IPSL-CM6A-LR,-2.5,-2.1752,1,3,precip_mj,0.0222438561167515
IPSL-CM6A-LR,-0.5,-0.979,1,5,precip_mj,0.0177349420889823
IPSL-CM6A-LR,-1.5,-1.6221,1,6,precip_mj,0.0261409239247309
IPSL-CM6A-LR,-1.5,-1.1701,1,7,precip_mj,0.00876655163733058
IPSL-CM6A-LR,-0.5,-0.5998,1,8,precip_mj,0.00244579846386335
IPSL-CM6A-LR,-0.5,-0.1997,1,9,precip_mj,-0.0259960823707588
IPSL-CM6A-LR,-0.5,-0.7418,1,10,precip_mj,-0.0632665086251211
IPSL-CM6A-LR,-2.5,-2.713,1,11,precip_mj,-0.0155181606216853
IPSL-CM6A-LR,-1.5,-1.3383,1,12,precip_mj,-0.0351140124127807
IPSL-CM6A-LR,-0.5,-0.4327,1,13,precip_mj,0.0126323242101278
IPSL-CM6A-LR,-0.5,-0.4569,1,14,precip_mj,-0.0597022518425538
IPSL-CM6A-LR,-1.5,-1.3271,1,15,precip_mj,-0.0223684171193572
IPSL-CM6A-LR,-1.5,-1.1959,1,16,precip_mj,-0.0373979431022558
IPSL-CM6A-LR,-2.5,-2.5833,1,17,precip_mj,-0.0775509787882892
IPSL-CM6A-LR,-2.5,-2.8658,1,18,precip_mj,-0.0142111917041121
IPSL-CM6A-LR,-1.5,-1.0916,1,19,precip_mj,0.00848592643685468
IPSL-CM6A-LR,-3.5,-3.2099,1,20,precip_mj,-0.022397510244904
IPSL-CM6A-LR,-2.5,-2.3795,1,21,precip_mj,-0.0471172781866178
IPSL-CM6A-LR,-3.5,-3.4662,1,22,precip_mj,-0.0246547559224745
IPSL-CM6A-LR,-2.5,-2.7286,1,23,precip_mj,-0.03190688698557
IPSL-CM6A-LR,-4.5,-4.0303,1,24,precip_mj,-0.0119863047219633
IPSL-CM6A-LR,-2.5,-2.8085,1,25,precip_mj,-0.0132034558058791
IPSL-CM6A-LR,-2.5,-2.5323,1,26,precip_mj,-0.0339463804412807
IPSL-CM6A-LR,-3.5,-3.0615,1,27,precip_mj,-0.00846192143260141
IPSL-CM6A-LR,-2.5,-2.3161,1,28,precip_mj,-0.0262046061466932
IPSL-CM6A-LR,-3.5,-3.3374,1,29,precip_mj,-0.0691596400134013
IPSL-CM6A-LR,-4.5,-4.2179,1,30,precip_mj,-0.0799246082597486
IPSL-CM6A-LR,-5.5,-5.2566,1,31,precip_mj,-0.0248996413756914
IPSL-CM6A-LR,-3.5,-3.6201,1,32,precip_mj,0.00571422828825968
IPSL-CM6A-LR,-4.5,-4.2133,1,33,precip_mj,-0.00103076032577342
IPSL-CM6A-LR,-4.5,-4.3351,1,34,precip_mj,-0.0262415777420668
IPSL-CM6A-LR,-4.5,-4.2314,1,35,precip_mj,-0.00587753728938939
IPSL-CM6A-LR,-4.5,-4.229,1,36,precip_mj,-0.0226068538188697
IPSL-CM6A-LR,-3.5,-3.7165,1,37,precip_mj,-0.0382448118392712
IPSL-CM6A-LR,-5.5,-5.1443,1,38,precip_mj,-0.0149991149235445
IPSL-CM6A-LR,-4.5,-4.9696,1,39,precip_mj,-0.00681678750699747
IPSL-CM6A-LR,-3.5,-3.7356,1,40,precip_mj,-0.00787802497479862
IPSL-CM6A-LR,-4.5,-4.1062,1,41,precip_mj,-0.0183021343992787
IPSL-CM6A-LR,-4.5,-4.777,1,42,precip_mj,-0.0308808709227728
IPSL-CM6A-LR,-5.5,-5.5255,1,43,precip_mj,-0.0124036806075839
IPSL-CM6A-LR,-5.5,-5.6091,1,44,precip_mj,-0.0306138996748711
IPSL-CM6A-LR,-5.5,-5.0614,1,45,precip_mj,-0.0130064154958924
IPSL-CM6A-LR,-4.5,-4.0228,1,46,precip_mj,-0.00195545423936744
IPSL-CM6A-LR,-3.5,-3.5681,1,47,precip_mj,-0.0116227972182777
IPSL-CM6A-LR,-4.5,-4.7253,1,48,precip_mj,-0.0359515776268447
IPSL-CM6A-LR,-5.5,-5.7852,1,49,precip_mj,-0.0835012421937072
IPSL-CM6A-LR,-5.5,-5.6439,1,50,precip_mj,-0.0652629635083958
IPSL-CM6A-LR,-5.5,-5.7916,1,51,precip_mj,-0.0376042460872011
IPSL-CM6A-LR,-7.5,-7.5335,1,52,precip_mj,-0.0540020327791823
IPSL-CM6A-LR,-6.5,-6.8874,1,53,precip_mj,-0.0504748593833394
IPSL-CM6A-LR,-5.5,-5.5267,1,54,precip_mj,0.0156661160453869
IPSL-CM6A-LR,-5.5,-5.319,1,55,precip_mj,-0.0575858334885631
IPSL-CM6A-LR,-5.5,-5.9791,1,56,precip_mj,-0.0472964941198535
IPSL-CM6A-LR,-8.5,-8.0124,1,57,precip_mj,-0.0174674289755618
IPSL-CM6A-LR,-6.5,-6.674,1,58,precip_mj,-0.0324988076906839
IPSL-CM6A-LR,-5.5,-5.697,1,59,precip_mj,-0.0704560414586085
IPSL-CM6A-LR,-7.5,-7.0038,1,60,precip_mj,-0.0511040076267904
IPSL-CM6A-LR,-7.5,-7.4198,1,61,precip_mj,-0.0517310991188801
IPSL-CM6A-LR,-6.5,-6.1575,1,62,precip_mj,-0.0877282832471796
IPSL-CM6A-LR,-7.5,-7.0646,1,63,precip_mj,-0.0493231231310188
IPSL-CM6A-LR,-5.5,-5.9699,1,64,precip_mj,-0.0446464302541889
IPSL-CM6A-LR,-6.5,-6.6177,1,65,precip_mj,-0.0072139213644804
IPSL-CM6A-LR,-6.5,-6.4034,1,66,precip_mj,-0.0389289156520296
IPSL-CM6A-LR,-7.5,-7.4208,1,67,precip_mj,-0.0468412721986303
IPSL-CM6A-LR,-6.5,-6.7989,1,68,precip_mj,-0.0328536794011549
IPSL-CM6A-LR,-7.5,-7.6028,1,69,precip_mj,-0.0690011813053964
IPSL-CM6A-LR,-7.5,-7.1661,1,70,precip_mj,-0.053142289863171
IPSL-CM6A-LR,-7.5,-7.4013,1,71,precip_mj,-0.034745162207599
IPSL-CM6A-LR,-7.5,-7.6406,1,72,precip_mj,-0.0379573660023824
IPSL-CM6A-LR,-6.5,-6.5805,1,73,precip_mj,-0.049788882083287
IPSL-CM6A-LR,-7.5,-7.7579,1,74,precip_mj,-0.0486757967795032
IPSL-CM6A-LR,-7.5,-7.9349,1,75,precip_mj,-0.0660576764674489
IPSL-CM6A-LR,-7.5,-7.941,1,76,precip_mj,-0.0464398241053358
IPSL-CM6A-LR,-8.5,-8.2695,1,77,precip_mj,-0.0392512021295187
IPSL-CM6A-LR,-7.5,-7.5299,1,78,precip_mj,-0.0255657704867423
IPSL-CM6A-LR,-6.5,-6.2088,1,79,precip_mj,-0.0597666249035421
IPSL-CM6A-LR,-7.5,-7.6756,1,80,precip_mj,-0.0799113797832179
IPSL-CM6A-LR,-6.5,-6.6415,1,81,precip_mj,-0.07050645200198
IPSL-CM6A-LR,-8.5,-8.0555,1,82,precip_mj,-0.0624999407757042
IPSL-CM6A-LR,-7.5,-7.3084,1,84,precip_mj,-0.0048893591018113
IPSL-CM6A-LR,-9.5,-9.384,1,85,precip_mj,-0.0217994117367032
IPSL-CM6A-LR,-7.5,-7.4004,1,86,precip_mj,-0.0355366270009887
IPSL-CM6A-LR,-8.5,-8.3239,1,87,precip_mj,-0.0520524962279679
IPSL-CM6A-LR,-7.5,-7.7418,1,88,precip_mj,-0.0458366529667776
IPSL-CM6A-LR,-9.5,-9.1721,1,89,precip_mj,-0.071981607181644
IPSL-CM6A-LR,-8.5,-8.5532,1,90,precip_mj,-0.0473024105279828
IPSL-CM6A-LR,-9.5,-9.0631,1,91,precip_mj,-0.0622546173650948
IPSL-CM6A-LR,-9.5,-9.9064,1,92,precip_mj,0.0102688328143975
IPSL-CM6A-LR,-7.5,-7.5646,1,93,precip_mj,-0.0594262944668532
IPSL-CM6A-LR,-8.5,-8.6305,1,94,precip_mj,-0.0320167972666254
IPSL-CM6A-LR,-9.5,-9.1749,1,95,precip_mj,-0.0678892338206618
IPSL-CM6A-LR,-7.5,-7.8759,1,96,precip_mj,-0.064555680230878
IPSL-CM6A-LR,-6.5,-6.2615,1,97,precip_mj,-0.0799675268470974
IPSL-CM6A-LR,-8.5,-8.9677,1,98,precip_mj,-0.0422803447415084
IPSL-CM6A-LR,-8.5,-8.8657,1,99,precip_mj,-0.0442790952443245
IPSL-CM6A-LR,-6.5,-6.9036,1,100,precip_mj,-0.0981627469929925
IPSL-CM6A-LR,-0.5,-0.7613,1,1,precip_mj2,-0.045419870647991
IPSL-CM6A-LR,-0.5,-0.9061,1,2,precip_mj2,0.0264318996398638
IPSL-CM6A-LR,-2.5,-2.1752,1,3,precip_mj2,-0.0261164075288855
IPSL-CM6A-LR,-0.5,-0.979,1,5,precip_mj2,-0.0255045736662502
IPSL-CM6A-LR,-1.5,-1.6221,1,6,precip_mj2,-0.0344063240921271
IPSL-CM6A-LR,-1.5,-1.1701,1,7,precip_mj2,-0.0150274458003199
IPSL-CM6A-LR,-0.5,-0.5998,1,8,precip_mj2,-0.0130277844334711
IPSL-CM6A-LR,-0.5,-0.1997,1,9,precip_mj2,0.00888132338750947
IPSL-CM6A-LR,-0.5,-0.7418,1,10,precip_mj2,0.0458068324704573
IPSL-CM6A-LR,-2.5,-2.713,1,11,precip_mj2,0.00721116768844034
IPSL-CM6A-LR,-1.5,-1.3383,1,12,precip_mj2,0.0232168879150163
IPSL-CM6A-LR,-0.5,-0.4327,1,13,precip_mj2,-0.0176968873410012
IPSL-CM6A-LR,-0.5,-0.4569,1,14,precip_mj2,0.0404137873475746
IPSL-CM6A-LR,-1.5,-1.3271,1,15,precip_mj2,0.0153633094493773
IPSL-CM6A-LR,-1.5,-1.1959,1,16,precip_mj2,0.0250671174521149
IPSL-CM6A-LR,-2.5,-2.5833,1,17,precip_mj2,0.0542082744702326
IPSL-CM6A-LR,-2.5,-2.8658,1,18,precip_mj2,0.00776955138944491
IPSL-CM6A-LR,-1.5,-1.0916,1,19,precip_mj2,-0.012875608163134
IPSL-CM6A-LR,-3.5,-3.2099,1,20,precip_mj2,0.0120055737066867
IPSL-CM6A-LR,-2.5,-2.3795,1,21,precip_mj2,0.0354124319712539
IPSL-CM6A-LR,-3.5,-3.4662,1,22,precip_mj2,0.0163641602847066
IPSL-CM6A-LR,-2.5,-2.7286,1,23,precip_mj2,0.0185460640449937
IPSL-CM6A-LR,-4.5,-4.0303,1,24,precip_mj2,0.00576604861624233
IPSL-CM6A-LR,-2.5,-2.8085,1,25,precip_mj2,0.00969826116428233
IPSL-CM6A-LR,-2.5,-2.5323,1,26,precip_mj2,0.0209679126784137
IPSL-CM6A-LR,-3.5,-3.0615,1,27,precip_mj2,-0.00440875544230613
IPSL-CM6A-LR,-2.5,-2.3161,1,28,precip_mj2,0.0174227034690241
IPSL-CM6A-LR,-3.5,-3.3374,1,29,precip_mj2,0.0502070919956783
IPSL-CM6A-LR,-4.5,-4.2179,1,30,precip_mj2,0.0567157061178105
IPSL-CM6A-LR,-5.5,-5.2566,1,31,precip_mj2,0.0161239681903916
IPSL-CM6A-LR,-3.5,-3.6201,1,32,precip_mj2,-0.0125358939178506
IPSL-CM6A-LR,-4.5,-4.2133,1,33,precip_mj2,-0.00586054722499121
IPSL-CM6A-LR,-4.5,-4.3351,1,34,precip_mj2,0.0188323749925481
IPSL-CM6A-LR,-4.5,-4.2314,1,35,precip_mj2,-0.0125726585713868
IPSL-CM6A-LR,-4.5,-4.229,1,36,precip_mj2,0.0153539510642497
IPSL-CM6A-LR,-3.5,-3.7165,1,37,precip_mj2,0.0258066507612233
IPSL-CM6A-LR,-5.5,-5.1443,1,38,precip_mj2,0.0103599641728807
IPSL-CM6A-LR,-4.5,-4.9696,1,39,precip_mj2,-0.008145607357004
IPSL-CM6A-LR,-3.5,-3.7356,1,40,precip_mj2,0.00134198704164717
IPSL-CM6A-LR,-4.5,-4.1062,1,41,precip_mj2,0.0110969512028688
IPSL-CM6A-LR,-4.5,-4.777,1,42,precip_mj2,0.0246656802101015
IPSL-CM6A-LR,-5.5,-5.5255,1,43,precip_mj2,0.000314653807430374
IPSL-CM6A-LR,-5.5,-5.6091,1,44,precip_mj2,0.0217434599418213
IPSL-CM6A-LR,-5.5,-5.0614,1,45,precip_mj2,0.00313330104751802
IPSL-CM6A-LR,-4.5,-4.0228,1,46,precip_mj2,-0.00174963619972664
IPSL-CM6A-LR,-3.5,-3.5681,1,47,precip_mj2,-0.000713514686514074
IPSL-CM6A-LR,-4.5,-4.7253,1,48,precip_mj2,0.0274461588861702
IPSL-CM6A-LR,-5.5,-5.7852,1,49,precip_mj2,0.058739794524703
IPSL-CM6A-LR,-5.5,-5.6439,1,50,precip_mj2,0.0462891983795598
IPSL-CM6A-LR,-5.5,-5.7916,1,51,precip_mj2,0.0239499278788178
IPSL-CM6A-LR,-7.5,-7.5335,1,52,precip_mj2,0.0340716053005499
IPSL-CM6A-LR,-6.5,-6.8874,1,53,precip_mj2,0.0314981406089578
IPSL-CM6A-LR,-5.5,-5.5267,1,54,precip_mj2,-0.0272004755197509
IPSL-CM6A-LR,-5.5,-5.319,1,55,precip_mj2,0.0423395575830512
IPSL-CM6A-LR,-5.5,-5.9791,1,56,precip_mj2,0.0353629058982716
IPSL-CM6A-LR,-8.5,-8.0124,1,57,precip_mj2,0.0107766700030262
IPSL-CM6A-LR,-6.5,-6.674,1,58,precip_mj2,0.0171979803226081
IPSL-CM6A-LR,-5.5,-5.697,1,59,precip_mj2,0.0490401889329025
IPSL-CM6A-LR,-7.5,-7.0038,1,60,precip_mj2,0.0377388992236317
IPSL-CM6A-LR,-7.5,-7.4198,1,61,precip_mj2,0.0385649596315998
IPSL-CM6A-LR,-6.5,-6.1575,1,62,precip_mj2,0.064642156273986
IPSL-CM6A-LR,-7.5,-7.0646,1,63,precip_mj2,0.0297001839075354
IPSL-CM6A-LR,-5.5,-5.9699,1,64,precip_mj2,0.0305847673823069
IPSL-CM6A-LR,-6.5,-6.6177,1,65,precip_mj2,-0.00367197994329636
IPSL-CM6A-LR,-6.5,-6.4034,1,66,precip_mj2,0.0272893317284461
IPSL-CM6A-LR,-7.5,-7.4208,1,67,precip_mj2,0.0354819726355246
IPSL-CM6A-LR,-6.5,-6.7989,1,68,precip_mj2,0.0229404803925642
IPSL-CM6A-LR,-7.5,-7.6028,1,69,precip_mj2,0.0509487749777521
IPSL-CM6A-LR,-7.5,-7.1661,1,70,precip_mj2,0.0369644874980131
IPSL-CM6A-LR,-7.5,-7.4013,1,71,precip_mj2,0.02613437987045
IPSL-CM6A-LR,-7.5,-7.6406,1,72,precip_mj2,0.0241273540540119
IPSL-CM6A-LR,-6.5,-6.5805,1,73,precip_mj2,0.0354043669898873
IPSL-CM6A-LR,-7.5,-7.7579,1,74,precip_mj2,0.0364495804011749
IPSL-CM6A-LR,-7.5,-7.9349,1,75,precip_mj2,0.0439122702085929
IPSL-CM6A-LR,-7.5,-7.941,1,76,precip_mj2,0.0252676290415757
IPSL-CM6A-LR,-8.5,-8.2695,1,77,precip_mj2,0.0265339874370831
IPSL-CM6A-LR,-7.5,-7.5299,1,78,precip_mj2,0.0195531337948207
IPSL-CM6A-LR,-6.5,-6.2088,1,79,precip_mj2,0.0391801061948349
IPSL-CM6A-LR,-7.5,-7.6756,1,80,precip_mj2,0.0572682515635421
IPSL-CM6A-LR,-6.5,-6.6415,1,81,precip_mj2,0.0488777275331307
IPSL-CM6A-LR,-8.5,-8.0555,1,82,precip_mj2,0.0454010540759015
IPSL-CM6A-LR,-7.5,-7.3084,1,84,precip_mj2,-0.00695738754666385
IPSL-CM6A-LR,-9.5,-9.384,1,85,precip_mj2,0.0135203692401187
IPSL-CM6A-LR,-7.5,-7.4004,1,86,precip_mj2,0.0250604006105108
IPSL-CM6A-LR,-8.5,-8.3239,1,87,precip_mj2,0.0391596225514489
IPSL-CM6A-LR,-7.5,-7.7418,1,88,precip_mj2,0.0288533546679546
IPSL-CM6A-LR,-9.5,-9.1721,1,89,precip_mj2,0.0525618826922707
IPSL-CM6A-LR,-8.5,-8.5532,1,90,precip_mj2,0.0349550169436746
IPSL-CM6A-LR,-9.5,-9.0631,1,91,precip_mj2,0.0446577094195438
IPSL-CM6A-LR,-9.5,-9.9064,1,92,precip_mj2,-0.0164088306807838
IPSL-CM6A-LR,-7.5,-7.5646,1,93,precip_mj2,0.0402831854115242
IPSL-CM6A-LR,-8.5,-8.6305,1,94,precip_mj2,0.0165790492330081
IPSL-CM6A-LR,-9.5,-9.1749,1,95,precip_mj2,0.0505680319054891
IPSL-CM6A-LR,-7.5,-7.8759,1,96,precip_mj2,0.0473007907483962
IPSL-CM6A-LR,-6.5,-6.2615,1,97,precip_mj2,0.0588541770142206
IPSL-CM6A-LR,-8.5,-8.9677,1,98,precip_mj2,0.0244688387446723
IPSL-CM6A-LR,-8.5,-8.8657,1,99,precip_mj2,0.0289249939652886
IPSL-CM6A-LR,-6.5,-6.9036,1,100,precip_mj2,0.0692176993677698
EC-Earth3,-1.5,-1.0275,1,1,gdd_mj,0.0239637755635499
EC-Earth3,-0.5,-0.427,1,2,gdd_mj,0.0159036546244617
EC-Earth3,-1.5,-1.3474,1,3,gdd_mj,-0.00709651641917392
EC-Earth3,-0.5,-0.6618,1,4,gdd_mj,-0.0425269945104531
EC-Earth3,-1.5,-1.6418,1,5,gdd_mj,-0.00920747338847194
EC-Earth3,-1.5,-1.4487,1,6,gdd_mj,-0.0167439479442344
EC-Earth3,-0.5,-0.8901,1,8,gdd_mj,0.00382437655060571
EC-Earth3,-1.5,-1.2916,1,9,gdd_mj,0.0779394488242205
EC-Earth3,-2.5,-2.6913,1,10,gdd_mj,0.0935634184743838
EC-Earth3,-1.5,-1.5274,1,11,gdd_mj,0.0458848002077113
EC-Earth3,-2.5,-2.1055,1,12,gdd_mj,0.0215639867147722
EC-Earth3,-3.5,-3.4794,1,13,gdd_mj,0.038540507103945
EC-Earth3,-2.5,-2.0746,1,14,gdd_mj,0.0160231922976724
EC-Earth3,-3.5,-3.1651,1,15,gdd_mj,-0.0537841502959386
EC-Earth3,-3.5,-3.1261,1,16,gdd_mj,0.0974983533697238
EC-Earth3,-2.5,-2.9432,1,17,gdd_mj,-0.0126826359420533
EC-Earth3,-3.5,-3.0673,1,18,gdd_mj,0.0979807606354759
EC-Earth3,-3.5,-3.5498,1,19,gdd_mj,0.104963494294653
EC-Earth3,-4.5,-4.0869,1,20,gdd_mj,0.12597569239302
EC-Earth3,-2.5,-2.4319,1,21,gdd_mj,0.0819729009230006
EC-Earth3,-3.5,-3.1533,1,22,gdd_mj,0.172206893497184
EC-Earth3,-4.5,-4.2706,1,23,gdd_mj,0.079820300626303
EC-Earth3,-5.5,-5.0118,1,24,gdd_mj,0.012078546682425
EC-Earth3,-4.5,-4.5954,1,25,gdd_mj,0.138214230346403
EC-Earth3,-3.5,-3.0837,1,26,gdd_mj,0.110767934591213
EC-Earth3,-3.5,-3.583,1,27,gdd_mj,0.069470049573084
EC-Earth3,-5.5,-5.0621,1,28,gdd_mj,0.0741913473874832
EC-Earth3,-6.5,-6.0801,1,29,gdd_mj,0.0708060200183848
EC-Earth3,-5.5,-5.4695,1,30,gdd_mj,0.108457270301223
EC-Earth3,-4.5,-4.6618,1,31,gdd_mj,0.0514630791591426
EC-Earth3,-4.5,-4.6709,1,32,gdd_mj,0.107045454234679
EC-Earth3,-6.5,-6.3408,1,33,gdd_mj,0.00958432762767661
EC-Earth3,-5.5,-5.064,1,34,gdd_mj,0.0803250073520575
EC-Earth3,-3.5,-3.9051,1,35,gdd_mj,-0.00697869073706736
EC-Earth3,-5.5,-5.2512,1,36,gdd_mj,0.0505539867038246
EC-Earth3,-4.5,-4.7716,1,37,gdd_mj,-0.0393739814520882
EC-Earth3,-4.5,-4.4358,1,38,gdd_mj,0.0613302221681631
EC-Earth3,-4.5,-4.9035,1,39,gdd_mj,0.0172895106958219
EC-Earth3,-6.5,-6.18,1,40,gdd_mj,0.0444418752701614
EC-Earth3,-6.5,-6.008,1,41,gdd_mj,0.12614267671246
EC-Earth3,-6.5,-6.2364,1,42,gdd_mj,0.0819227016782538
EC-Earth3,-6.5,-6.8341,1,43,gdd_mj,0.0413253654615109
EC-Earth3,-6.5,-6.675,1,44,gdd_mj,-0.0197750155690575
EC-Earth3,-6.5,-6.8501,1,45,gdd_mj,-0.016833605673795
EC-Earth3,-6.5,-6.7223,1,46,gdd_mj,0.0509226016634371
EC-Earth3,-5.5,-5.7248,1,47,gdd_mj,0.0524977831527032
EC-Earth3,-6.5,-6.2241,1,48,gdd_mj,0.0534518621152712
EC-Earth3,-5.5,-5.8453,1,49,gdd_mj,0.000260922991470537
EC-Earth3,-6.5,-6.8563,1,50,gdd_mj,0.0708174838706101
EC-Earth3,-7.5,-7.5461,1,51,gdd_mj,0.078659308810578
EC-Earth3,-6.5,-6.3315,1,52,gdd_mj,0.0762856495930207
EC-Earth3,-6.5,-6.7481,1,53,gdd_mj,-0.0563898988814435
EC-Earth3,-6.5,-6.1066,1,54,gdd_mj,0.0757346301468743
EC-Earth3,-6.5,-6.0168,1,55,gdd_mj,0.100790109038252
EC-Earth3,-5.5,-5.2452,1,56,gdd_mj,0.122884208657314
EC-Earth3,-7.5,-7.1289,1,57,gdd_mj,0.0098819572615344
EC-Earth3,-7.5,-7.2115,1,58,gdd_mj,0.130183011602653
EC-Earth3,-7.5,-7.9509,1,59,gdd_mj,0.00674367508784787
EC-Earth3,-8.5,-8.2102,1,60,gdd_mj,0.0327296311612296
EC-Earth3,-6.5,-6.4442,1,61,gdd_mj,0.154125106394312
EC-Earth3,-7.5,-7.1806,1,62,gdd_mj,0.142000681467008
EC-Earth3,-7.5,-7.7831,1,63,gdd_mj,0.117456235117871
EC-Earth3,-7.5,-7.286,1,64,gdd_mj,0.0310254297973404
EC-Earth3,-6.5,-6.7982,1,65,gdd_mj,0.0352550898600721
EC-Earth3,-7.5,-7.5499,1,66,gdd_mj,0.00704158054268227
EC-Earth3,-7.5,-7.3663,1,67,gdd_mj,0.0451207974821501
EC-Earth3,-7.5,-7.4385,1,68,gdd_mj,0.140040335287032
EC-Earth3,-7.5,-7.9514,1,69,gdd_mj,0.115911127404592
EC-Earth3,-7.5,-7.4094,1,70,gdd_mj,0.139349864963463
EC-Earth3,-7.5,-7.3154,1,71,gdd_mj,0.145606556685644
EC-Earth3,-7.5,-7.6278,1,72,gdd_mj,0.0692220701665012
EC-Earth3,-9.5,-9.1196,1,73,gdd_mj,0.113821412561352
EC-Earth3,-8.5,-8.8784,1,74,gdd_mj,-0.00128908047257918
EC-Earth3,-8.5,-8.3663,1,75,gdd_mj,0.0373776789126878
EC-Earth3,-6.5,-6.7767,1,76,gdd_mj,0.119044614350797
EC-Earth3,-7.5,-7.9209,1,77,gdd_mj,0.116308508055729
EC-Earth3,-7.5,-7.5061,1,78,gdd_mj,0.0633434802129232
EC-Earth3,-8.5,-8.0807,1,79,gdd_mj,0.116786821245843
EC-Earth3,-9.5,-9.0422,1,80,gdd_mj,0.114342894800363
EC-Earth3,-8.5,-8.9544,1,81,gdd_mj,0.0677453507752579
EC-Earth3,-9.5,-9.0564,1,82,gdd_mj,0.117992800685709
EC-Earth3,-7.5,-7.7863,1,83,gdd_mj,0.114051360355848
EC-Earth3,-8.5,-8.1585,1,84,gdd_mj,0.0675520806798584
EC-Earth3,-8.5,-8.7355,1,85,gdd_mj,0.14298066617143
EC-Earth3,-8.5,-8.4153,1,86,gdd_mj,0.130946324378146
EC-Earth3,-8.5,-8.2917,1,87,gdd_mj,0.122573289145208
EC-Earth3,-7.5,-7.7779,1,88,gdd_mj,0.164844533793644
EC-Earth3,-6.5,-6.3297,1,89,gdd_mj,0.0539861979249788
EC-Earth3,-6.5,-6.6027,1,90,gdd_mj,0.0703201955494331
EC-Earth3,-6.5,-6.8486,1,91,gdd_mj,0.0179423093451874
EC-Earth3,-8.5,-8.4349,1,92,gdd_mj,0.104201296082599
EC-Earth3,-8.5,-8.8942,1,93,gdd_mj,0.129438238387215
EC-Earth3,-7.5,-7.973,1,94,gdd_mj,0.140573085774875
EC-Earth3,-9.5,-9.4034,1,95,gdd_mj,0.0813056657303171
EC-Earth3,-8.5,-8.7768,1,96,gdd_mj,0.182814407218872
EC-Earth3,-8.5,-8.4777,1,97,gdd_mj,0.182794304247468
EC-Earth3,-8.5,-8.3893,1,98,gdd_mj,0.18966738198577
EC-Earth3,-7.5,-7.4134,1,99,gdd_mj,0.161912614109741
EC-Earth3,-8.5,-8.0258,1,100,gdd_mj,0.124184618873562
EC-Earth3,-1.5,-1.0275,1,1,heat_mj,-0.00106093823469557
EC-Earth3,-0.5,-0.427,1,2,heat_mj,-0.00212208777207846
EC-Earth3,-1.5,-1.3474,1,3,heat_mj,0.00220746386973595
EC-Earth3,-0.5,-0.6618,1,4,heat_mj,-0.0136608277383295
EC-Earth3,-1.5,-1.6418,1,5,heat_mj,1.530483758402e-05
EC-Earth3,-1.5,-1.4487,1,6,heat_mj,0.0011747964517222
EC-Earth3,-0.5,-0.8901,1,8,heat_mj,-0.00863994085629188
EC-Earth3,-1.5,-1.2916,1,9,heat_mj,0.00559757997494543
EC-Earth3,-2.5,-2.6913,1,10,heat_mj,0.00306752814270198
EC-Earth3,-1.5,-1.5274,1,11,heat_mj,0.000308959952997504
EC-Earth3,-2.5,-2.1055,1,12,heat_mj,-0.00386582847972389
EC-Earth3,-3.5,-3.4794,1,13,heat_mj,-0.00336177788799968
EC-Earth3,-2.5,-2.0746,1,14,heat_mj,0.00352967212207706
EC-Earth3,-3.5,-3.1651,1,15,heat_mj,-0.0274516950226753
EC-Earth3,-3.5,-3.1261,1,16,heat_mj,0.00938164979884102
EC-Earth3,-2.5,-2.9432,1,17,heat_mj,-0.0102391301893881
EC-Earth3,-3.5,-3.0673,1,18,heat_mj,0.00575731440007016
EC-Earth3,-3.5,-3.5498,1,19,heat_mj,0.0120735064950357
EC-Earth3,-4.5,-4.0869,1,20,heat_mj,0.0110218436235675
EC-Earth3,-2.5,-2.4319,1,21,heat_mj,0.00218426822439083
EC-Earth3,-3.5,-3.1533,1,22,heat_mj,0.0116020298539084
EC-Earth3,-4.5,-4.2706,1,23,heat_mj,0.0076092716086031
EC-Earth3,-5.5,-5.0118,1,24,heat_mj,-0.0101528285482684
EC-Earth3,-4.5,-4.5954,1,25,heat_mj,0.0110133655017645
EC-Earth3,-3.5,-3.0837,1,26,heat_mj,0.00835988509514946
EC-Earth3,-3.5,-3.583,1,27,heat_mj,0.00536036665629896
EC-Earth3,-5.5,-5.0621,1,28,heat_mj,0.00350041975146844
EC-Earth3,-6.5,-6.0801,1,29,heat_mj,0.00272338137004558
EC-Earth3,-5.5,-5.4695,1,30,heat_mj,0.00985518805659161
EC-Earth3,-4.5,-4.6618,1,31,heat_mj,0.000146193890841539
EC-Earth3,-4.5,-4.6709,1,32,heat_mj,0.0132536813495386
EC-Earth3,-6.5,-6.3408,1,33,heat_mj,-0.00733577836330414
EC-Earth3,-5.5,-5.064,1,34,heat_mj,0.00591885401914075
EC-Earth3,-3.5,-3.9051,1,35,heat_mj,-0.0267997146217486
EC-Earth3,-5.5,-5.2512,1,36,heat_mj,4.18744930419797e-05
EC-Earth3,-4.5,-4.7716,1,37,heat_mj,-0.0359360180957536
EC-Earth3,-4.5,-4.4358,1,38,heat_mj,-0.0043788885968544
EC-Earth3,-4.5,-4.9035,1,39,heat_mj,-0.0133719946014435
EC-Earth3,-6.5,-6.18,1,40,heat_mj,-0.00797854936111545
EC-Earth3,-6.5,-6.008,1,41,heat_mj,0.0063511527172001
EC-Earth3,-6.5,-6.2364,1,42,heat_mj,0.00411636629006366
EC-Earth3,-6.5,-6.8341,1,43,heat_mj,-0.00544978220564064
EC-Earth3,-6.5,-6.675,1,44,heat_mj,-0.0147239397222159
EC-Earth3,-6.5,-6.8501,1,45,heat_mj,-0.0133415065666823
EC-Earth3,-6.5,-6.7223,1,46,heat_mj,-0.00515404839046542
EC-Earth3,-5.5,-5.7248,1,47,heat_mj,-0.00752358760420706
EC-Earth3,-6.5,-6.2241,1,48,heat_mj,0.000763469046088871
EC-Earth3,-5.5,-5.8453,1,49,heat_mj,-0.00465388688910716
EC-Earth3,-6.5,-6.8563,1,50,heat_mj,0.00634433337974794
EC-Earth3,-7.5,-7.5461,1,51,heat_mj,0.00721227968252949
EC-Earth3,-6.5,-6.3315,1,52,heat_mj,0.00532303448271526
EC-Earth3,-6.5,-6.7481,1,53,heat_mj,-0.00753667259653255
EC-Earth3,-6.5,-6.1066,1,54,heat_mj,0.00287221834225716
EC-Earth3,-6.5,-6.0168,1,55,heat_mj,0.00442267275564846
EC-Earth3,-5.5,-5.2452,1,56,heat_mj,0.0122057691504194
EC-Earth3,-7.5,-7.1289,1,57,heat_mj,-0.0113648175396812
EC-Earth3,-7.5,-7.2115,1,58,heat_mj,0.00652764466628392
EC-Earth3,-7.5,-7.9509,1,59,heat_mj,-0.00470094534137585
EC-Earth3,-8.5,-8.2102,1,60,heat_mj,0.00466886301418852
EC-Earth3,-6.5,-6.4442,1,61,heat_mj,0.0160574911646026
EC-Earth3,-7.5,-7.1806,1,62,heat_mj,0.0144050389343758
EC-Earth3,-7.5,-7.7831,1,63,heat_mj,0.011255353907366
EC-Earth3,-7.5,-7.286,1,64,heat_mj,-0.00536823377311911
EC-Earth3,-6.5,-6.7982,1,65,heat_mj,-0.00231483654194729
EC-Earth3,-7.5,-7.5499,1,66,heat_mj,-0.00314329618686329
EC-Earth3,-7.5,-7.3663,1,67,heat_mj,-0.00292277838647153
EC-Earth3,-7.5,-7.4385,1,68,heat_mj,0.0085966728138371
EC-Earth3,-7.5,-7.9514,1,69,heat_mj,0.00152030537469739
EC-Earth3,-7.5,-7.4094,1,70,heat_mj,0.00635330725262921
EC-Earth3,-7.5,-7.3154,1,71,heat_mj,0.0133223825477487
EC-Earth3,-7.5,-7.6278,1,72,heat_mj,0.00438730562204739
EC-Earth3,-9.5,-9.1196,1,73,heat_mj,0.00260689112264893
EC-Earth3,-8.5,-8.8784,1,74,heat_mj,-0.0114352736103776
EC-Earth3,-8.5,-8.3663,1,75,heat_mj,0.00304635608018109
EC-Earth3,-6.5,-6.7767,1,76,heat_mj,0.00860857814625885
EC-Earth3,-7.5,-7.9209,1,77,heat_mj,0.00909961849772764
EC-Earth3,-7.5,-7.5061,1,78,heat_mj,0.00432586626386358
EC-Earth3,-8.5,-8.0807,1,79,heat_mj,0.00315483304134662
EC-Earth3,-9.5,-9.0422,1,80,heat_mj,0.00647612730231258
EC-Earth3,-8.5,-8.9544,1,81,heat_mj,0.0082871055038323
EC-Earth3,-9.5,-9.0564,1,82,heat_mj,0.0127849178338359
EC-Earth3,-7.5,-7.7863,1,83,heat_mj,0.0105785222793239
EC-Earth3,-8.5,-8.1585,1,84,heat_mj,-0.000499437589425546
EC-Earth3,-8.5,-8.7355,1,85,heat_mj,0.0132401498109735
EC-Earth3,-8.5,-8.4153,1,86,heat_mj,0.00533401534765116
EC-Earth3,-8.5,-8.2917,1,87,heat_mj,0.00760250659633653
EC-Earth3,-7.5,-7.7779,1,88,heat_mj,0.0139088239939647
EC-Earth3,-6.5,-6.3297,1,89,heat_mj,0.00281338513369167
EC-Earth3,-6.5,-6.6027,1,90,heat_mj,0.00516153131969653
EC-Earth3,-6.5,-6.8486,1,91,heat_mj,-0.00260889830505381
EC-Earth3,-8.5,-8.4349,1,92,heat_mj,0.00411166887892486
EC-Earth3,-8.5,-8.8942,1,93,heat_mj,0.0124166379966688
EC-Earth3,-7.5,-7.973,1,94,heat_mj,0.0106616046399415
EC-Earth3,-9.5,-9.4034,1,95,heat_mj,0.00740126860113767
EC-Earth3,-8.5,-8.7768,1,96,heat_mj,0.0129910227516999
EC-Earth3,-8.5,-8.4777,1,97,heat_mj,0.00934807231853665
EC-Earth3,-8.5,-8.3893,1,98,heat_mj,0.0123180573742601
EC-Earth3,-7.5,-7.4134,1,99,heat_mj,0.0140297354276742
EC-Earth3,-8.5,-8.0258,1,100,heat_mj,0.00603381874712466
EC-Earth3,-1.5,-1.0275,1,1,frost_mj,-0.013219049227758
EC-Earth3,-0.5,-0.427,1,2,frost_mj,-0.0152332224627284
EC-Earth3,-1.5,-1.3474,1,3,frost_mj,-0.00789221154874031
EC-Earth3,-0.5,-0.6618,1,4,frost_mj,0.00613365077381025
EC-Earth3,-1.5,-1.6418,1,5,frost_mj,0.00917503415026558
EC-Earth3,-1.5,-1.4487,1,6,frost_mj,0.0065803527835369
EC-Earth3,-0.5,-0.8901,1,8,frost_mj,-0.0131016694140887
EC-Earth3,-1.5,-1.2916,1,9,frost_mj,-0.0169314702182673
EC-Earth3,-2.5,-2.6913,1,10,frost_mj,-0.0509416133279028
EC-Earth3,-1.5,-1.5274,1,11,frost_mj,-0.0106790565494786
EC-Earth3,-2.5,-2.1055,1,12,frost_mj,-0.0189299183501791
EC-Earth3,-3.5,-3.4794,1,13,frost_mj,-0.0230616698884874
EC-Earth3,-2.5,-2.0746,1,14,frost_mj,-0.0130876531820081
EC-Earth3,-3.5,-3.1651,1,15,frost_mj,0.00247154025108034
EC-Earth3,-3.5,-3.1261,1,16,frost_mj,-0.0407714222004394
EC-Earth3,-2.5,-2.9432,1,17,frost_mj,0.0122837720414397
EC-Earth3,-3.5,-3.0673,1,18,frost_mj,-0.0581947335121532
EC-Earth3,-3.5,-3.5498,1,19,frost_mj,-0.0206266978892398
EC-Earth3,-4.5,-4.0869,1,20,frost_mj,-0.0244779701978174
EC-Earth3,-2.5,-2.4319,1,21,frost_mj,-0.039849820844334
EC-Earth3,-3.5,-3.1533,1,22,frost_mj,-0.0694582632277238
EC-Earth3,-4.5,-4.2706,1,23,frost_mj,-0.0171302986235138
EC-Earth3,-5.5,-5.0118,1,24,frost_mj,-0.0165441589357142
EC-Earth3,-4.5,-4.5954,1,25,frost_mj,-0.0720870614943001
EC-Earth3,-3.5,-3.0837,1,26,frost_mj,-0.0393745700456528
EC-Earth3,-3.5,-3.583,1,27,frost_mj,-0.0470428959014476
EC-Earth3,-5.5,-5.0621,1,28,frost_mj,-0.0421645376749492
EC-Earth3,-6.5,-6.0801,1,29,frost_mj,-0.0438301304956423
EC-Earth3,-5.5,-5.4695,1,30,frost_mj,-0.0443799581451531
EC-Earth3,-4.5,-4.6618,1,31,frost_mj,-0.0293245435222119
EC-Earth3,-4.5,-4.6709,1,32,frost_mj,-0.0366980987497503
EC-Earth3,-6.5,-6.3408,1,33,frost_mj,-0.00480291948247805
EC-Earth3,-5.5,-5.064,1,34,frost_mj,-0.0267093675764671
EC-Earth3,-3.5,-3.9051,1,35,frost_mj,-0.0516970495538058
EC-Earth3,-5.5,-5.2512,1,36,frost_mj,-0.051894437120362
EC-Earth3,-4.5,-4.7716,1,37,frost_mj,-0.0134757785975849
EC-Earth3,-4.5,-4.4358,1,38,frost_mj,-0.0226224936149096
EC-Earth3,-4.5,-4.9035,1,39,frost_mj,-0.0342357612924832
EC-Earth3,-6.5,-6.18,1,40,frost_mj,-0.0305109808101329
EC-Earth3,-6.5,-6.008,1,41,frost_mj,-0.0889744702807584
EC-Earth3,-6.5,-6.2364,1,42,frost_mj,-0.0447165574417935
EC-Earth3,-6.5,-6.8341,1,43,frost_mj,-0.0174514831070861
EC-Earth3,-6.5,-6.675,1,44,frost_mj,-0.0105874149117178
EC-Earth3,-6.5,-6.8501,1,45,frost_mj,-0.0373617229802883
EC-Earth3,-6.5,-6.7223,1,46,frost_mj,-0.0210101088770079
EC-Earth3,-5.5,-5.7248,1,47,frost_mj,-0.0204067414607019
EC-Earth3,-6.5,-6.2241,1,48,frost_mj,-0.0381055782726177
EC-Earth3,-5.5,-5.8453,1,49,frost_mj,-0.0239470064284731
EC-Earth3,-6.5,-6.8563,1,50,frost_mj,-0.0100998356685997
EC-Earth3,-7.5,-7.5461,1,51,frost_mj,-0.029295466536846
EC-Earth3,-6.5,-6.3315,1,52,frost_mj,-0.0108435117766029
EC-Earth3,-6.5,-6.7481,1,53,frost_mj,0.0189435014663049
EC-Earth3,-6.5,-6.1066,1,54,frost_mj,-0.0119178585419182
EC-Earth3,-6.5,-6.0168,1,55,frost_mj,-0.0569621736409235
EC-Earth3,-5.5,-5.2452,1,56,frost_mj,-0.0354594950790597
EC-Earth3,-7.5,-7.1289,1,57,frost_mj,-0.0171311299388857
EC-Earth3,-7.5,-7.2115,1,58,frost_mj,-0.0832297126791319
EC-Earth3,-7.5,-7.9509,1,59,frost_mj,0.00149554634110949
EC-Earth3,-8.5,-8.2102,1,60,frost_mj,0.00462075275902543
EC-Earth3,-6.5,-6.4442,1,61,frost_mj,-0.0685834383041413
EC-Earth3,-7.5,-7.1806,1,62,frost_mj,-0.0512712714669502
EC-Earth3,-7.5,-7.7831,1,63,frost_mj,-0.0253548884399671
EC-Earth3,-7.5,-7.286,1,64,frost_mj,-0.0101532876452357
EC-Earth3,-6.5,-6.7982,1,65,frost_mj,-0.0188221468302655
EC-Earth3,-7.5,-7.5499,1,66,frost_mj,-0.0135741358467364
EC-Earth3,-7.5,-7.3663,1,67,frost_mj,-0.0427562830031776
EC-Earth3,-7.5,-7.4385,1,68,frost_mj,-0.0618470877912245
EC-Earth3,-7.5,-7.9514,1,69,frost_mj,-0.0676910043552216
EC-Earth3,-7.5,-7.4094,1,70,frost_mj,-0.08148614709438
EC-Earth3,-7.5,-7.3154,1,71,frost_mj,-0.0377715875968811
EC-Earth3,-7.5,-7.6278,1,72,frost_mj,-0.0101923554168163
EC-Earth3,-9.5,-9.1196,1,73,frost_mj,-0.0400417897054137
EC-Earth3,-8.5,-8.8784,1,74,frost_mj,-0.0159172423496552
EC-Earth3,-8.5,-8.3663,1,75,frost_mj,-0.0190811347974108
EC-Earth3,-6.5,-6.7767,1,76,frost_mj,-0.0426218371353407
EC-Earth3,-7.5,-7.9209,1,77,frost_mj,-0.0772562444162662
EC-Earth3,-7.5,-7.5061,1,78,frost_mj,-0.0466161276276418
EC-Earth3,-8.5,-8.0807,1,79,frost_mj,-0.0732443159753029
EC-Earth3,-9.5,-9.0422,1,80,frost_mj,-0.0697172421572087
EC-Earth3,-8.5,-8.9544,1,81,frost_mj,-0.0339073527645016
EC-Earth3,-9.5,-9.0564,1,82,frost_mj,-0.0234369862784127
EC-Earth3,-7.5,-7.7863,1,83,frost_mj,-0.0476573393559253
EC-Earth3,-8.5,-8.1585,1,84,frost_mj,-0.0260612336415853
EC-Earth3,-8.5,-8.7355,1,85,frost_mj,-0.0611892781649675
EC-Earth3,-8.5,-8.4153,1,86,frost_mj,-0.0630951167345041
EC-Earth3,-8.5,-8.2917,1,87,frost_mj,-0.0543470390712168
EC-Earth3,-7.5,-7.7779,1,88,frost_mj,-0.0594403962655162
EC-Earth3,-6.5,-6.3297,1,89,frost_mj,-0.0247633149258347
EC-Earth3,-6.5,-6.6027,1,90,frost_mj,-0.0381518580053612
EC-Earth3,-6.5,-6.8486,1,91,frost_mj,-0.0223447684438101
EC-Earth3,-8.5,-8.4349,1,92,frost_mj,-0.087139187772862
EC-Earth3,-8.5,-8.8942,1,93,frost_mj,-0.0600327222162283
EC-Earth3,-7.5,-7.973,1,94,frost_mj,-0.0863136728832672
EC-Earth3,-9.5,-9.4034,1,95,frost_mj,-0.0424467535375939
EC-Earth3,-8.5,-8.7768,1,96,frost_mj,-0.0824902359087138
EC-Earth3,-8.5,-8.4777,1,97,frost_mj,-0.113546886904499
EC-Earth3,-8.5,-8.3893,1,98,frost_mj,-0.0896809497190403
EC-Earth3,-7.5,-7.4134,1,99,frost_mj,-0.0491142536724625
EC-Earth3,-8.5,-8.0258,1,100,frost_mj,-0.0955467668785069
EC-Earth3,-1.5,-1.0275,1,1,precip_mj,-0.0030992700186475
EC-Earth3,-0.5,-0.427,1,2,precip_mj,-0.0022988476620462
EC-Earth3,-1.5,-1.3474,1,3,precip_mj,-0.00647242564301359
EC-Earth3,-0.5,-0.6618,1,4,precip_mj,-0.031032334095283
EC-Earth3,-1.5,-1.6418,1,5,precip_mj,-0.0324327773151599
EC-Earth3,-1.5,-1.4487,1,6,precip_mj,-0.016075986671397
EC-Earth3,-0.5,-0.8901,1,8,precip_mj,-0.0396010270086974
EC-Earth3,-1.5,-1.2916,1,9,precip_mj,0.0201026009883782
EC-Earth3,-2.5,-2.6913,1,10,precip_mj,-0.0273028611443257
EC-Earth3,-1.5,-1.5274,1,11,precip_mj,0.0039997054616632
EC-Earth3,-2.5,-2.1055,1,12,precip_mj,-0.0933270155083201
EC-Earth3,-3.5,-3.4794,1,13,precip_mj,-0.0167115135347204
EC-Earth3,-2.5,-2.0746,1,14,precip_mj,0.00978151105917147
EC-Earth3,-3.5,-3.1651,1,15,precip_mj,-0.0392029920676032
EC-Earth3,-3.5,-3.1261,1,16,precip_mj,0.0503990119534213
EC-Earth3,-2.5,-2.9432,1,17,precip_mj,-0.0474169761948824
EC-Earth3,-3.5,-3.0673,1,18,precip_mj,-0.0135660976372235
EC-Earth3,-3.5,-3.5498,1,19,precip_mj,-0.0147158223198264
EC-Earth3,-4.5,-4.0869,1,20,precip_mj,-0.00281177328670761
EC-Earth3,-2.5,-2.4319,1,21,precip_mj,-0.0436069702720355
EC-Earth3,-3.5,-3.1533,1,22,precip_mj,-0.0367951910568031
EC-Earth3,-4.5,-4.2706,1,23,precip_mj,-0.0529314597314131
EC-Earth3,-5.5,-5.0118,1,24,precip_mj,-0.0679319728569956
EC-Earth3,-4.5,-4.5954,1,25,precip_mj,-0.000272255220319411
EC-Earth3,-3.5,-3.0837,1,26,precip_mj,-0.0344909886163378
EC-Earth3,-3.5,-3.583,1,27,precip_mj,-0.0167620605889264
EC-Earth3,-5.5,-5.0621,1,28,precip_mj,-0.0533716892916594
EC-Earth3,-6.5,-6.0801,1,29,precip_mj,-0.0653223718850942
EC-Earth3,-5.5,-5.4695,1,30,precip_mj,-0.0294923943509133
EC-Earth3,-4.5,-4.6618,1,31,precip_mj,-0.0668218655182931
EC-Earth3,-4.5,-4.6709,1,32,precip_mj,0.0184540738484907
EC-Earth3,-6.5,-6.3408,1,33,precip_mj,-0.107206547111515
EC-Earth3,-5.5,-5.064,1,34,precip_mj,0.0121067728267852
EC-Earth3,-3.5,-3.9051,1,35,precip_mj,-0.0780785945294125
EC-Earth3,-5.5,-5.2512,1,36,precip_mj,-0.0334737121333732
EC-Earth3,-4.5,-4.7716,1,37,precip_mj,-0.0909989531065597
EC-Earth3,-4.5,-4.4358,1,38,precip_mj,-0.0688846917007952
EC-Earth3,-4.5,-4.9035,1,39,precip_mj,-0.0674794678646984
EC-Earth3,-6.5,-6.18,1,40,precip_mj,-0.0672539581330841
EC-Earth3,-6.5,-6.008,1,41,precip_mj,0.00984843995340329
EC-Earth3,-6.5,-6.2364,1,42,precip_mj,-0.037508689417801
EC-Earth3,-6.5,-6.8341,1,43,precip_mj,-0.061168893515359
EC-Earth3,-6.5,-6.675,1,44,precip_mj,-0.0454797841488618
EC-Earth3,-6.5,-6.8501,1,45,precip_mj,-0.0649972178626889
EC-Earth3,-6.5,-6.7223,1,46,precip_mj,-0.0860040661516729
EC-Earth3,-5.5,-5.7248,1,47,precip_mj,-0.0482431128712887
EC-Earth3,-6.5,-6.2241,1,48,precip_mj,-0.0322601606602785
EC-Earth3,-5.5,-5.8453,1,49,precip_mj,-0.0539790463274038
EC-Earth3,-6.5,-6.8563,1,50,precip_mj,0.00200932602550055
EC-Earth3,-7.5,-7.5461,1,51,precip_mj,0.00345390962023611
EC-Earth3,-6.5,-6.3315,1,52,precip_mj,0.0133965443229378
EC-Earth3,-6.5,-6.7481,1,53,precip_mj,-0.0950272800724695
EC-Earth3,-6.5,-6.1066,1,54,precip_mj,-0.0423469975126215
EC-Earth3,-6.5,-6.0168,1,55,precip_mj,0.0117095944601278
EC-Earth3,-5.5,-5.2452,1,56,precip_mj,0.020953211046149
EC-Earth3,-7.5,-7.1289,1,57,precip_mj,-0.0880098731004949
EC-Earth3,-7.5,-7.2115,1,58,precip_mj,-0.0317173997267938
EC-Earth3,-7.5,-7.9509,1,59,precip_mj,-0.0693290542941731
EC-Earth3,-8.5,-8.2102,1,60,precip_mj,-0.00921362907057823
EC-Earth3,-6.5,-6.4442,1,61,precip_mj,0.0782708175546876
EC-Earth3,-7.5,-7.1806,1,62,precip_mj,0.00766805160466877
EC-Earth3,-7.5,-7.7831,1,63,precip_mj,-0.00276059746050199
EC-Earth3,-7.5,-7.286,1,64,precip_mj,-0.077924675212179
EC-Earth3,-6.5,-6.7982,1,65,precip_mj,-0.0790944213583394
EC-Earth3,-7.5,-7.5499,1,66,precip_mj,-0.0700057245293328
EC-Earth3,-7.5,-7.3663,1,67,precip_mj,-0.0380021592115704
EC-Earth3,-7.5,-7.4385,1,68,precip_mj,0.00568356597663826
EC-Earth3,-7.5,-7.9514,1,69,precip_mj,-0.0610228999160814
EC-Earth3,-7.5,-7.4094,1,70,precip_mj,-0.0130846142382621
EC-Earth3,-7.5,-7.3154,1,71,precip_mj,0.0015556803983311
EC-Earth3,-7.5,-7.6278,1,72,precip_mj,-0.056182293025789
EC-Earth3,-9.5,-9.1196,1,73,precip_mj,-0.0184858015030703
EC-Earth3,-8.5,-8.8784,1,74,precip_mj,-0.0527580666760765
EC-Earth3,-8.5,-8.3663,1,75,precip_mj,-0.0119214746756928
EC-Earth3,-6.5,-6.7767,1,76,precip_mj,-0.0226524241746945
EC-Earth3,-7.5,-7.9209,1,77,precip_mj,0.0124879349644068
EC-Earth3,-7.5,-7.5061,1,78,precip_mj,-0.0803340976209747
EC-Earth3,-8.5,-8.0807,1,79,precip_mj,-0.0470281750478309
EC-Earth3,-9.5,-9.0422,1,80,precip_mj,-0.0227732350630478
EC-Earth3,-8.5,-8.9544,1,81,precip_mj,-0.0718768162142242
EC-Earth3,-9.5,-9.0564,1,82,precip_mj,0.0103613382384508
EC-Earth3,-7.5,-7.7863,1,83,precip_mj,-0.00220309829358493
EC-Earth3,-8.5,-8.1585,1,84,precip_mj,-0.0725118564633177
EC-Earth3,-8.5,-8.7355,1,85,precip_mj,-0.0270301276603042
EC-Earth3,-8.5,-8.4153,1,86,precip_mj,-0.0195759605678932
EC-Earth3,-8.5,-8.2917,1,87,precip_mj,-0.00288105601007956
EC-Earth3,-7.5,-7.7779,1,88,precip_mj,0.00896888854866536
EC-Earth3,-6.5,-6.3297,1,89,precip_mj,-0.0556004586795231
EC-Earth3,-6.5,-6.6027,1,90,precip_mj,-0.0364087012516773
EC-Earth3,-6.5,-6.8486,1,91,precip_mj,-0.0961933445616477
EC-Earth3,-8.5,-8.4349,1,92,precip_mj,-0.0696717904369194
EC-Earth3,-8.5,-8.8942,1,93,precip_mj,0.0110765011061406
EC-Earth3,-7.5,-7.973,1,94,precip_mj,-0.0285370935960493
EC-Earth3,-9.5,-9.4034,1,95,precip_mj,-0.0160104282998791
EC-Earth3,-8.5,-8.7768,1,96,precip_mj,-0.00954430229991366
EC-Earth3,-8.5,-8.4777,1,97,precip_mj,-0.0616931348870103
EC-Earth3,-8.5,-8.3893,1,98,precip_mj,-0.0193974677942321
EC-Earth3,-7.5,-7.4134,1,99,precip_mj,-0.038152355238211
EC-Earth3,-8.5,-8.0258,1,100,precip_mj,-0.0623580354637444
EC-Earth3,-1.5,-1.0275,1,1,precip_mj2,-0.010106966482781
EC-Earth3,-0.5,-0.427,1,2,precip_mj2,-0.00110320675645265
EC-Earth3,-1.5,-1.3474,1,3,precip_mj2,-0.00066246917977869
EC-Earth3,-0.5,-0.6618,1,4,precip_mj2,0.0138181563069974
EC-Earth3,-1.5,-1.6418,1,5,precip_mj2,0.026037354632348
EC-Earth3,-1.5,-1.4487,1,6,precip_mj2,0.00711689600413366
EC-Earth3,-0.5,-0.8901,1,8,precip_mj2,0.0282005631413191
EC-Earth3,-1.5,-1.2916,1,9,precip_mj2,-0.0297120640788887
EC-Earth3,-2.5,-2.6913,1,10,precip_mj2,0.0133899082506413
EC-Earth3,-1.5,-1.5274,1,11,precip_mj2,-0.0232244716863519
EC-Earth3,-2.5,-2.1055,1,12,precip_mj2,0.0655028787742823
EC-Earth3,-3.5,-3.4794,1,13,precip_mj2,0.00954758931386371
EC-Earth3,-2.5,-2.0746,1,14,precip_mj2,-0.0248882638656548
EC-Earth3,-3.5,-3.1651,1,15,precip_mj2,0.022842566875776
EC-Earth3,-3.5,-3.1261,1,16,precip_mj2,-0.0615133575198015
EC-Earth3,-2.5,-2.9432,1,17,precip_mj2,0.0328665129007951
EC-Earth3,-3.5,-3.0673,1,18,precip_mj2,0.00669915350794098
EC-Earth3,-3.5,-3.5498,1,19,precip_mj2,-0.00180981306218895
EC-Earth3,-4.5,-4.0869,1,20,precip_mj2,-0.00493086215012829
EC-Earth3,-2.5,-2.4319,1,21,precip_mj2,0.0340280137153309
EC-Earth3,-3.5,-3.1533,1,22,precip_mj2,0.0263017279871633
EC-Earth3,-4.5,-4.2706,1,23,precip_mj2,0.0346230978259407
EC-Earth3,-5.5,-5.0118,1,24,precip_mj2,0.0407010892141778
EC-Earth3,-4.5,-4.5954,1,25,precip_mj2,-0.00864843845728058
EC-Earth3,-3.5,-3.0837,1,26,precip_mj2,0.0255456875945044
EC-Earth3,-3.5,-3.583,1,27,precip_mj2,0.00559863596903698
EC-Earth3,-5.5,-5.0621,1,28,precip_mj2,0.0352952948116778
EC-Earth3,-6.5,-6.0801,1,29,precip_mj2,0.0479925780919091
EC-Earth3,-5.5,-5.4695,1,30,precip_mj2,0.0148220416321963
EC-Earth3,-4.5,-4.6618,1,31,precip_mj2,0.041726555395352
EC-Earth3,-4.5,-4.6709,1,32,precip_mj2,-0.0292444254085199
EC-Earth3,-6.5,-6.3408,1,33,precip_mj2,0.0739478552935634
EC-Earth3,-5.5,-5.064,1,34,precip_mj2,-0.0196100891646326
EC-Earth3,-3.5,-3.9051,1,35,precip_mj2,0.0581031734884494
EC-Earth3,-5.5,-5.2512,1,36,precip_mj2,0.012373364368529
EC-Earth3,-4.5,-4.7716,1,37,precip_mj2,0.0637201863698662
EC-Earth3,-4.5,-4.4358,1,38,precip_mj2,0.0501643563123995
EC-Earth3,-4.5,-4.9035,1,39,precip_mj2,0.0495307044348559
EC-Earth3,-6.5,-6.18,1,40,precip_mj2,0.0504237567257618
EC-Earth3,-6.5,-6.008,1,41,precip_mj2,-0.0192110501015105
EC-Earth3,-6.5,-6.2364,1,42,precip_mj2,0.0239143801020242
EC-Earth3,-6.5,-6.8341,1,43,precip_mj2,0.0414695314006815
EC-Earth3,-6.5,-6.675,1,44,precip_mj2,0.0302928444393217
EC-Earth3,-6.5,-6.8501,1,45,precip_mj2,0.0469506440365469
EC-Earth3,-6.5,-6.7223,1,46,precip_mj2,0.0624211629997115
EC-Earth3,-5.5,-5.7248,1,47,precip_mj2,0.038563582551401
EC-Earth3,-6.5,-6.2241,1,48,precip_mj2,0.0253780179317698
EC-Earth3,-5.5,-5.8453,1,49,precip_mj2,0.0375072116181829
EC-Earth3,-6.5,-6.8563,1,50,precip_mj2,-0.0120293704478285
EC-Earth3,-7.5,-7.5461,1,51,precip_mj2,-0.0105709527875567
EC-Earth3,-6.5,-6.3315,1,52,precip_mj2,-0.0147998869535126
EC-Earth3,-6.5,-6.7481,1,53,precip_mj2,0.0663331026357146
EC-Earth3,-6.5,-6.1066,1,54,precip_mj2,0.0263338726294599
EC-Earth3,-6.5,-6.0168,1,55,precip_mj2,-0.0169214189668174
EC-Earth3,-5.5,-5.2452,1,56,precip_mj2,-0.0339989710803129
EC-Earth3,-7.5,-7.1289,1,57,precip_mj2,0.0614530769937278
EC-Earth3,-7.5,-7.2115,1,58,precip_mj2,0.0161056089918961
EC-Earth3,-7.5,-7.9509,1,59,precip_mj2,0.0476315057978933
EC-Earth3,-8.5,-8.2102,1,60,precip_mj2,-0.000221252584627338
EC-Earth3,-6.5,-6.4442,1,61,precip_mj2,-0.0878343285224209
EC-Earth3,-7.5,-7.1806,1,62,precip_mj2,-0.0149153703720477
EC-Earth3,-7.5,-7.7831,1,63,precip_mj2,-0.00226601465634829
EC-Earth3,-7.5,-7.286,1,64,precip_mj2,0.0541706394688903
EC-Earth3,-6.5,-6.7982,1,65,precip_mj2,0.0532107903342008
EC-Earth3,-7.5,-7.5499,1,66,precip_mj2,0.0535914052352642
EC-Earth3,-7.5,-7.3663,1,67,precip_mj2,0.025801664719648
EC-Earth3,-7.5,-7.4385,1,68,precip_mj2,-0.0195628277648225
EC-Earth3,-7.5,-7.9514,1,69,precip_mj2,0.0441972285905511
EC-Earth3,-7.5,-7.4094,1,70,precip_mj2,0.0022466482069831
EC-Earth3,-7.5,-7.3154,1,71,precip_mj2,-0.0145835155955289
EC-Earth3,-7.5,-7.6278,1,72,precip_mj2,0.0375165707743903
EC-Earth3,-9.5,-9.1196,1,73,precip_mj2,0.00320326693192185
EC-Earth3,-8.5,-8.8784,1,74,precip_mj2,0.0389022766240563
EC-Earth3,-8.5,-8.3663,1,75,precip_mj2,-0.00571202137264543
EC-Earth3,-6.5,-6.7767,1,76,precip_mj2,0.00806913719142616
EC-Earth3,-7.5,-7.9209,1,77,precip_mj2,-0.020754145298678
EC-Earth3,-7.5,-7.5061,1,78,precip_mj2,0.0590257716780294
EC-Earth3,-8.5,-8.0807,1,79,precip_mj2,0.034984547303207
EC-Earth3,-9.5,-9.0422,1,80,precip_mj2,0.0141789962413017
EC-Earth3,-8.5,-8.9544,1,81,precip_mj2,0.0507647646777739
EC-Earth3,-9.5,-9.0564,1,82,precip_mj2,-0.0162270610468815
EC-Earth3,-7.5,-7.7863,1,83,precip_mj2,-0.00462189902452895
EC-Earth3,-8.5,-8.1585,1,84,precip_mj2,0.0506837199464999
EC-Earth3,-8.5,-8.7355,1,85,precip_mj2,0.0179166135168273
EC-Earth3,-8.5,-8.4153,1,86,precip_mj2,0.00518419123003173
EC-Earth3,-8.5,-8.2917,1,87,precip_mj2,-0.00179823762233178
EC-Earth3,-7.5,-7.7779,1,88,precip_mj2,-0.0249818277509206
EC-Earth3,-6.5,-6.3297,1,89,precip_mj2,0.0413751444495166
EC-Earth3,-6.5,-6.6027,1,90,precip_mj2,0.0229589197566179
EC-Earth3,-6.5,-6.8486,1,91,precip_mj2,0.0666738913642717
EC-Earth3,-8.5,-8.4349,1,92,precip_mj2,0.0477047195472239
EC-Earth3,-8.5,-8.8942,1,93,precip_mj2,-0.0197698143335025
EC-Earth3,-7.5,-7.973,1,94,precip_mj2,0.0161735656430383
EC-Earth3,-9.5,-9.4034,1,95,precip_mj2,0.00762492350290246
EC-Earth3,-8.5,-8.7768,1,96,precip_mj2,0.000411087022505554
EC-Earth3,-8.5,-8.4777,1,97,precip_mj2,0.0481025148432221
EC-Earth3,-8.5,-8.3893,1,98,precip_mj2,0.0141870518212133
EC-Earth3,-7.5,-7.4134,1,99,precip_mj2,0.0249724886658825
EC-Earth3,-8.5,-8.0258,1,100,precip_mj2,0.048255684843675
