branch,model,bin_id,n,mean,sd,lo,hi,central
crop,EC-Earth3,-9.5,4,0.0607403014901863,0.0289523693478928,0.0378746759968842,0.101475009432701,0.0707776962064391
crop,EC-Earth3,-8.5,15,0.0435782098810648,0.0419407037886716,-0.0424973864846322,0.107094073667971,0.0587162869609496
crop,EC-Earth3,-7.5,20,0.0432242738064722,0.0485852339727033,-0.0451707863237996,0.113648229292624,0.0607343508585417
crop,EC-Earth3,-6.5,21,0.00919782239691319,0.0482005519220991,-0.0855834090469076,0.09203564828704,0.0266272347716614
crop,EC-Earth3,-5.5,8,0.0151445941536525,0.048797903095651,-0.0448118050353306,0.0865847226945098,0.0288849207089073
crop,EC-Earth3,-4.5,8,0.0182830923126658,0.0727172983496555,-0.11606454488212,0.104776930381934,0.0348733810675018
crop,EC-Earth3,-3.5,9,0.0188024522876217,0.0741532015984014,-0.105450875953585,0.103857197053729,0.039395458175471
crop,EC-Earth3,-2.5,5,0.000723775267970372,0.030686153469109,-0.0290558968491686,0.0347283917463528,0.0176805154564315
crop,EC-Earth3,-1.5,6,0.00424782984932567,0.0289066126031478,-0.0199161589209706,0.0569960954903881,0.0215700581647569
crop,EC-Earth3,-0.5,3,-0.033813252293085,0.0314492338026864,-0.067268349263258,-0.00485371002884401,-0.0258986363550351
crop,IPSL-CM6A-LR,-9.5,5,0.0556353885737,0.0133146356687974,0.0414856811548451,0.0703416140949435,0.0699719031708698
crop,IPSL-CM6A-LR,-8.5,8,0.0715560228128192,0.0213157296923241,0.0350329762262347,0.0950953329610867,0.0841055828493904
crop,IPSL-CM6A-LR,-7.5,19,0.0449167401672753,0.0382066590009306,-0.0411353691357324,0.116350183182302,0.0572958936236477
crop,IPSL-CM6A-LR,-6.5,11,0.0317436736660416,0.0400679833940108,-0.0367913588979833,0.102186308943251,0.0458205318580614
crop,IPSL-CM6A-LR,-5.5,13,0.0403283954830702,0.0234380474590582,-0.00607131950632499,0.0850599721573054,0.0521913564096758
crop,IPSL-CM6A-LR,-4.5,11,0.0158041908142065,0.0345535878673157,-0.0325141738114821,0.0823617024410875,0.0287976418546763
crop,IPSL-CM6A-LR,-3.5,8,0.0246887803554226,0.0332301028214393,-0.0203995095068455,0.0618962506218875,0.0347608294253737
crop,IPSL-CM6A-LR,-2.5,9,0.00955356995490634,0.0236928875966359,-0.0272244496385908,0.0362542611122516,0.0239773689169623
crop,IPSL-CM6A-LR,-1.5,6,0.0185386176561431,0.0248114316398185,-0.0162036012147813,0.0511826587468171,0.0296690014105301
crop,IPSL-CM6A-LR,-0.5,8,-0.0151361934293221,0.0493142462989351,-0.076897703245271,0.0642689034357919,0.000551307217830898
energy Electricity,EC-Earth3,-9.5,4,0.0311249685938762,0.00967206783092683,0.0168499984971482,0.038272815908853,0.0298207707877213
energy Electricity,EC-Earth3,-8.5,15,0.0495617289429645,0.0241137552519192,-0.00578464798193606,0.0974257094308195,0.0474474837324895
energy Electricity,EC-Earth3,-7.5,20,0.0354604021004866,0.0142180031948421,0.0177083297588234,0.0634689542571177,0.032739595337875
energy Electricity,EC-Earth3,-6.5,21,0.0291670486992425,0.0149983887658103,-0.00666651825262173,0.0610823627751639,0.0266616936557545
energy Electricity,EC-Earth3,-5.5,8,0.0250688466075453,0.0112802467011866,0.00392268648421469,0.0396538622949998,0.02260822937576
energy Electricity,EC-Earth3,-4.5,8,0.0354997090246616,0.0139736025504725,0.0124909378746417,0.0540752266222893,0.0319009997354704
energy Electricity,EC-Earth3,-3.5,9,0.0317010818771277,0.016758384839323,0.0106353529279978,0.0601020866167964,0.0276980301099472
energy Electricity,EC-Earth3,-2.5,5,0.0215759830901383,0.0161021232937653,0.00101036091580346,0.0458174948997105,0.0199170587637081
energy Electricity,EC-Earth3,-1.5,6,0.00751659049888595,0.011422718528903,-0.00507734038212136,0.0220283638619384,0.00519888371015283
energy Electricity,EC-Earth3,-0.5,3,0.00848043913597365,0.0108619764259806,-0.00226822097211316,0.0194522919714961,0.00715141252463496
energy Electricity,IPSL-CM6A-LR,-9.5,5,0.0607680836837986,0.0293903883034828,0.023633455225314,0.102118707365081,0.0597171448842277
energy Electricity,IPSL-CM6A-LR,-8.5,8,0.0642234206197012,0.0303954367013906,0.0138588908035724,0.0978809451981406,0.0627390370717237
energy Electricity,IPSL-CM6A-LR,-7.5,19,0.0510212468689803,0.0150668023566126,0.0191541782769395,0.0834247172987686,0.0493484982881602
energy Electricity,IPSL-CM6A-LR,-6.5,11,0.0591211923329218,0.0193987356322257,0.0278501398215901,0.0937838053220518,0.0577413087477896
energy Electricity,IPSL-CM6A-LR,-5.5,13,0.0345972795969311,0.01010430810836,0.019815141225131,0.0539628252989521,0.0330336140197025
energy Electricity,IPSL-CM6A-LR,-4.5,11,0.0220067660857004,0.00899020911534289,0.00817334975303443,0.0365718832755146,0.0201927700399096
energy Electricity,IPSL-CM6A-LR,-3.5,8,0.0260576614783687,0.0121010575459364,0.0100920219457327,0.0433018765036549,0.0243610328314084
energy Electricity,IPSL-CM6A-LR,-2.5,9,0.0127957510115126,0.00678030440877102,-0.0045131755110588,0.0193558598545709,0.0111065340557618
energy Electricity,IPSL-CM6A-LR,-1.5,6,0.0204539902193462,0.0134434044423539,0.0025002848546226,0.0370312150200841,0.018557621327858
energy Electricity,IPSL-CM6A-LR,-0.5,8,0.00569694310132348,0.0174815079947696,-0.0244304710119749,0.0269413648329178,0.00381165399584965
energy Natural gas,EC-Earth3,-9.5,4,0.0485242095261766,0.0178954585005087,0.0241120178302545,0.0664020282485954,0.0484521555138654
energy Natural gas,EC-Earth3,-8.5,15,0.0758093527202114,0.0411814936217437,-0.019912367309768,0.156171763675566,0.0757102445290502
energy Natural gas,EC-Earth3,-7.5,20,0.0523390220404879,0.0241666922402974,0.0116526553115806,0.109453174745224,0.0521940962247984
energy Natural gas,EC-Earth3,-6.5,21,0.0437846893719589,0.0274776679775843,-0.0171513791525341,0.0966409275538926,0.0435845046729828
energy Natural gas,EC-Earth3,-5.5,8,0.0364573971270981,0.0231008191200335,0.00967723188353605,0.0708430857507525,0.0362272599923065
energy Natural gas,EC-Earth3,-4.5,8,0.0501145794572306,0.0201422442638006,0.0203416936107828,0.0815526968128333,0.0499257926014346
energy Natural gas,EC-Earth3,-3.5,9,0.0464383348811736,0.0329797333015375,0.0144974531064009,0.102629062657794,0.0462496341551396
energy Natural gas,EC-Earth3,-2.5,5,0.03293905027912,0.0277358554324374,0.0135515574205706,0.0803598750728141,0.0328325989386261
energy Natural gas,EC-Earth3,-1.5,6,0.0121328365254693,0.0164347761302865,-0.00394463197438086,0.0356367714295331,0.0118530237001032
energy Natural gas,EC-Earth3,-0.5,3,0.00300462190065553,0.0190289666987454,-0.0134029373861923,0.023865240498115,0.00286579069340289
energy Natural gas,IPSL-CM6A-LR,-9.5,5,0.0960207040570679,0.047105712912826,0.0345805882494728,0.162634263524717,0.0959857844969267
energy Natural gas,IPSL-CM6A-LR,-8.5,8,0.0968764820478285,0.0449576654085364,0.0179605359885227,0.155437918342104,0.0967546908882204
energy Natural gas,IPSL-CM6A-LR,-7.5,19,0.0761583832618996,0.0264974046486945,0.0184755363884309,0.129833552672858,0.0760116633548904
energy Natural gas,IPSL-CM6A-LR,-6.5,11,0.0954914014193834,0.036347197248625,0.0315460132665591,0.155297968816143,0.0953661703411332
energy Natural gas,IPSL-CM6A-LR,-5.5,13,0.0536403598060475,0.0164001455436236,0.0295039983476051,0.0798374297728076,0.0535126917787674
energy Natural gas,IPSL-CM6A-LR,-4.5,11,0.0280433545768476,0.0133520559521022,0.00733173034560682,0.0548219494319738,0.0278882433915637
energy Natural gas,IPSL-CM6A-LR,-3.5,8,0.0338305890899456,0.0209816303114852,0.000637347666481196,0.0658537431146219,0.0337415131487968
energy Natural gas,IPSL-CM6A-LR,-2.5,9,0.0201254512813464,0.0134283527312869,-0.00640624443443317,0.0373502347879061,0.0199027576530714
energy Natural gas,IPSL-CM6A-LR,-1.5,6,0.0311592984741851,0.021406661546541,0.000183518098833902,0.0568147636060889,0.0310318525320547
energy Natural gas,IPSL-CM6A-LR,-0.5,8,0.00157118611101697,0.027497524040675,-0.03854151851171,0.0373248677135926,0.00141543419531477
