model,bin_id,delta_sv,n_years,component,dln,spec,branch
EC-Earth3,-9.5,-9.1554,4,gdd_mj,0.1098599136031,benchmark,NAHosMIP (A)
EC-Earth3,-8.5,-8.4726,15,gdd_mj,0.115809300440509,benchmark,NAHosMIP (A)
EC-Earth3,-7.5,-7.5562,20,gdd_mj,0.101924544862755,benchmark,NAHosMIP (A)
EC-Earth3,-6.5,-6.4767,21,gdd_mj,0.0597687411128191,benchmark,NAHosMIP (A)
EC-Earth3,-5.5,-5.3342,8,gdd_mj,0.0656855447724263,benchmark,NAHosMIP (A)
EC-Earth3,-4.5,-4.5495,8,gdd_mj,0.0709814727678452,benchmark,NAHosMIP (A)
EC-Earth3,-3.5,-3.3459,9,gdd_mj,0.0740418169612967,benchmark,NAHosMIP (A)
EC-Earth3,-2.5,-2.4493,5,gdd_mj,0.0434825777392889,benchmark,NAHosMIP (A)
EC-Earth3,-1.5,-1.3807,6,gdd_mj,0.0210626528622368,benchmark,NAHosMIP (A)
EC-Earth3,-0.5,-0.6596,3,gdd_mj,-0.00642372665524421,benchmark,NAHosMIP (A)
HadGEM3-GC3-1LL,-8.5,-8.3848,12,gdd_mj,0.0848334604864851,benchmark,NAHosMIP (A)
HadGEM3-GC3-1LL,-7.5,-7.5599,19,gdd_mj,0.0775099250382024,benchmark,NAHosMIP (A)
HadGEM3-GC3-1LL,-6.5,-6.5442,24,gdd_mj,0.0820741986090857,benchmark,NAHosMIP (A)
HadGEM3-GC3-1LL,-5.5,-5.5797,10,gdd_mj,0.0608577792538567,benchmark,NAHosMIP (A)
HadGEM3-GC3-1LL,-4.5,-4.5263,6,gdd_mj,0.0645281457629421,benchmark,NAHosMIP (A)
HadGEM3-GC3-1LL,-3.5,-3.7835,7,gdd_mj,0.0741976219213133,benchmark,NAHosMIP (A)
HadGEM3-GC3-1LL,-2.5,-2.4504,6,gdd_mj,0.0693359681033349,benchmark,NAHosMIP (A)
HadGEM3-GC3-1LL,-1.5,-1.3098,8,gdd_mj,0.0220679286918121,benchmark,NAHosMIP (A)
HadGEM3-GC3-1LL,-0.5,-0.331,6,gdd_mj,0.0235046423099697,benchmark,NAHosMIP (A)
HadGEM3-GC3-1MM,-14.5,-14.3032,4,gdd_mj,0.180654031166272,benchmark,NAHosMIP (A)
HadGEM3-GC3-1MM,-13.5,-13.3931,8,gdd_mj,0.200265486684384,benchmark,NAHosMIP (A)
HadGEM3-GC3-1MM,-12.5,-12.588,13,gdd_mj,0.178597317340632,benchmark,NAHosMIP (A)
HadGEM3-GC3-1MM,-11.5,-11.5321,21,gdd_mj,0.166847477192241,benchmark,NAHosMIP (A)
HadGEM3-GC3-1MM,-10.5,-10.4803,10,gdd_mj,0.152969066652468,benchmark,NAHosMIP (A)
HadGEM3-GC3-1MM,-9.5,-9.6161,7,gdd_mj,0.118032108805598,benchmark,NAHosMIP (A)
HadGEM3-GC3-1MM,-8.5,-8.6582,7,gdd_mj,0.109030653996279,benchmark,NAHosMIP (A)
HadGEM3-GC3-1MM,-7.5,-7.6345,8,gdd_mj,0.112353688073796,benchmark,NAHosMIP (A)
HadGEM3-GC3-1MM,-6.5,-6.4299,4,gdd_mj,0.0717543384831505,benchmark,NAHosMIP (A)
HadGEM3-GC3-1MM,-5.5,-5.3528,4,gdd_mj,0.0708052430277228,benchmark,NAHosMIP (A)
HadGEM3-GC3-1MM,-4.5,-4.3969,4,gdd_mj,0.0347145789498552,benchmark,NAHosMIP (A)
IPSL-CM6A-LR,-9.5,-9.3401,5,gdd_mj,0.132628173241729,benchmark,NAHosMIP (A)
IPSL-CM6A-LR,-8.5,-8.4598,8,gdd_mj,0.143073616196391,benchmark,NAHosMIP (A)
IPSL-CM6A-LR,-7.5,-7.5255,19,gdd_mj,0.110740712485387,benchmark,NAHosMIP (A)
IPSL-CM6A-LR,-6.5,-6.5577,11,gdd_mj,0.110391836905788,benchmark,NAHosMIP (A)
IPSL-CM6A-LR,-5.5,-5.5623,13,gdd_mj,0.0859285884452549,benchmark,NAHosMIP (A)
IPSL-CM6A-LR,-4.5,-4.3507,11,gdd_mj,0.0620281589888157,benchmark,NAHosMIP (A)
IPSL-CM6A-LR,-3.5,-3.4644,8,gdd_mj,0.0621874222225396,benchmark,NAHosMIP (A)
IPSL-CM6A-LR,-2.5,-2.5669,9,gdd_mj,0.0318619078136256,benchmark,NAHosMIP (A)
IPSL-CM6A-LR,-1.5,-1.2909,6,gdd_mj,0.056038304787055,benchmark,NAHosMIP (A)
IPSL-CM6A-LR,-0.5,-0.6347,8,gdd_mj,0.00193192577522418,benchmark,NAHosMIP (A)
EC-Earth3,-9.5,-9.1554,4,heat_mj,0.00920064722067089,benchmark,NAHosMIP (A)
EC-Earth3,-8.5,-8.4726,15,heat_mj,0.00925322948754912,benchmark,NAHosMIP (A)
EC-Earth3,-7.5,-7.5562,20,heat_mj,0.00897041684672316,benchmark,NAHosMIP (A)
EC-Earth3,-6.5,-6.4767,21,heat_mj,0.00400731188544895,benchmark,NAHosMIP (A)
EC-Earth3,-5.5,-5.3342,8,heat_mj,0.00452629229910033,benchmark,NAHosMIP (A)
EC-Earth3,-4.5,-4.5495,8,heat_mj,0.00478020554008864,benchmark,NAHosMIP (A)
EC-Earth3,-3.5,-3.3459,9,heat_mj,0.006549513123074,benchmark,NAHosMIP (A)
EC-Earth3,-2.5,-2.4493,5,heat_mj,0.00221240725737778,benchmark,NAHosMIP (A)
EC-Earth3,-1.5,-1.3807,6,heat_mj,0.00497175965683887,benchmark,NAHosMIP (A)
EC-Earth3,-0.5,-0.6596,3,heat_mj,-0.00647277404699692,benchmark,NAHosMIP (A)
HadGEM3-GC3-1LL,-8.5,-8.3848,12,heat_mj,0.00366878680212577,benchmark,NAHosMIP (A)
HadGEM3-GC3-1LL,-7.5,-7.5599,19,heat_mj,0.00398256448581378,benchmark,NAHosMIP (A)
HadGEM3-GC3-1LL,-6.5,-6.5442,24,heat_mj,0.00677520001896819,benchmark,NAHosMIP (A)
HadGEM3-GC3-1LL,-5.5,-5.5797,10,heat_mj,0.00347111231756961,benchmark,NAHosMIP (A)
HadGEM3-GC3-1LL,-4.5,-4.5263,6,heat_mj,0.00501612713457778,benchmark,NAHosMIP (A)
HadGEM3-GC3-1LL,-3.5,-3.7835,7,heat_mj,0.00603679922203918,benchmark,NAHosMIP (A)
HadGEM3-GC3-1LL,-2.5,-2.4504,6,heat_mj,0.00378442944469837,benchmark,NAHosMIP (A)
HadGEM3-GC3-1LL,-1.5,-1.3098,8,heat_mj,0.0012820284340767,benchmark,NAHosMIP (A)
HadGEM3-GC3-1LL,-0.5,-0.331,6,heat_mj,0.000122348069314813,benchmark,NAHosMIP (A)
HadGEM3-GC3-1MM,-14.5,-14.3032,4,heat_mj,0.0101880310831262,benchmark,NAHosMIP (A)
HadGEM3-GC3-1MM,-13.5,-13.3931,8,heat_mj,0.0122789908037072,benchmark,NAHosMIP (A)
HadGEM3-GC3-1MM,-12.5,-12.588,13,heat_mj,0.0113094853497815,benchmark,NAHosMIP (A)
HadGEM3-GC3-1MM,-11.5,-11.5321,21,heat_mj,0.00970111504440808,benchmark,NAHosMIP (A)
HadGEM3-GC3-1MM,-10.5,-10.4803,10,heat_mj,0.0102608065974366,benchmark,NAHosMIP (A)
HadGEM3-GC3-1MM,-9.5,-9.6161,7,heat_mj,0.00447771565062444,benchmark,NAHosMIP (A)
HadGEM3-GC3-1MM,-8.5,-8.6582,7,heat_mj,0.0059302403489762,benchmark,NAHosMIP (A)
HadGEM3-GC3-1MM,-7.5,-7.6345,8,heat_mj,0.00706130576316065,benchmark,NAHosMIP (A)
HadGEM3-GC3-1MM,-6.5,-6.4299,4,heat_mj,0.00414795154886965,benchmark,NAHosMIP (A)
HadGEM3-GC3-1MM,-5.5,-5.3528,4,heat_mj,0.00211513911783517,benchmark,NAHosMIP (A)
HadGEM3-GC3-1MM,-4.5,-4.3969,4,heat_mj,0.00215877867604226,benchmark,NAHosMIP (A)
IPSL-CM6A-LR,-9.5,-9.3401,5,heat_mj,0.0102659785832199,benchmark,NAHosMIP (A)
IPSL-CM6A-LR,-8.5,-8.4598,8,heat_mj,0.010800032105009,benchmark,NAHosMIP (A)
IPSL-CM6A-LR,-7.5,-7.5255,19,heat_mj,0.00825383674654731,benchmark,NAHosMIP (A)
IPSL-CM6A-LR,-6.5,-6.5577,11,heat_mj,0.00768766402321467,benchmark,NAHosMIP (A)
IPSL-CM6A-LR,-5.5,-5.5623,13,heat_mj,0.00808780937277025,benchmark,NAHosMIP (A)
IPSL-CM6A-LR,-4.5,-4.3507,11,heat_mj,0.002325408724447,benchmark,NAHosMIP (A)
IPSL-CM6A-LR,-3.5,-3.4644,8,heat_mj,0.00371762402381238,benchmark,NAHosMIP (A)
IPSL-CM6A-LR,-2.5,-2.5669,9,heat_mj,0.00466603094944814,benchmark,NAHosMIP (A)
IPSL-CM6A-LR,-1.5,-1.2909,6,heat_mj,0.00396927411294747,benchmark,NAHosMIP (A)
IPSL-CM6A-LR,-0.5,-0.6347,8,heat_mj,-0.000433320297054001,benchmark,NAHosMIP (A)
EC-Earth3,-9.5,-9.1554,4,frost_mj,-0.0432972410504532,benchmark,NAHosMIP (A)
EC-Earth3,-8.5,-8.4726,15,frost_mj,-0.0603728030222579,benchmark,NAHosMIP (A)
EC-Earth3,-7.5,-7.5562,20,frost_mj,-0.0445025523141044,benchmark,NAHosMIP (A)
EC-Earth3,-6.5,-6.4767,21,frost_mj,-0.0295765139882783,benchmark,NAHosMIP (A)
EC-Earth3,-5.5,-5.3342,8,frost_mj,-0.032391389097653,benchmark,NAHosMIP (A)
EC-Earth3,-4.5,-4.5495,8,frost_mj,-0.0313944836482179,benchmark,NAHosMIP (A)
EC-Earth3,-3.5,-3.3459,9,frost_mj,-0.0380787713610687,benchmark,NAHosMIP (A)
EC-Earth3,-2.5,-2.4493,5,frost_mj,-0.0199402292606923,benchmark,NAHosMIP (A)
EC-Earth3,-1.5,-1.3807,6,frost_mj,-0.00242887782298804,benchmark,NAHosMIP (A)
EC-Earth3,-0.5,-0.6596,3,frost_mj,-0.00595179483105118,benchmark,NAHosMIP (A)
HadGEM3-GC3-1LL,-8.5,-8.3848,12,frost_mj,-0.0419296287382582,benchmark,NAHosMIP (A)
HadGEM3-GC3-1LL,-7.5,-7.5599,19,frost_mj,-0.0338573509808125,benchmark,NAHosMIP (A)
HadGEM3-GC3-1LL,-6.5,-6.5442,24,frost_mj,-0.0426178582005796,benchmark,NAHosMIP (A)
HadGEM3-GC3-1LL,-5.5,-5.5797,10,frost_mj,-0.0282264381915481,benchmark,NAHosMIP (A)
HadGEM3-GC3-1LL,-4.5,-4.5263,6,frost_mj,-0.032949731059998,benchmark,NAHosMIP (A)
HadGEM3-GC3-1LL,-3.5,-3.7835,7,frost_mj,-0.0294531290713707,benchmark,NAHosMIP (A)
HadGEM3-GC3-1LL,-2.5,-2.4504,6,frost_mj,-0.0331004076229282,benchmark,NAHosMIP (A)
HadGEM3-GC3-1LL,-1.5,-1.3098,8,frost_mj,-0.0011677856534996,benchmark,NAHosMIP (A)
HadGEM3-GC3-1LL,-0.5,-0.331,6,frost_mj,-0.00870616935613733,benchmark,NAHosMIP (A)
HadGEM3-GC3-1MM,-14.5,-14.3032,4,frost_mj,-0.0930372469047909,benchmark,NAHosMIP (A)
HadGEM3-GC3-1MM,-13.5,-13.3931,8,frost_mj,-0.102455621694217,benchmark,NAHosMIP (A)
HadGEM3-GC3-1MM,-12.5,-12.588,13,frost_mj,-0.0991688809526557,benchmark,NAHosMIP (A)
HadGEM3-GC3-1MM,-11.5,-11.5321,21,frost_mj,-0.0906135112098831,benchmark,NAHosMIP (A)
HadGEM3-GC3-1MM,-10.5,-10.4803,10,frost_mj,-0.0699829384754656,benchmark,NAHosMIP (A)
HadGEM3-GC3-1MM,-9.5,-9.6161,7,frost_mj,-0.0651471137964,benchmark,NAHosMIP (A)
HadGEM3-GC3-1MM,-8.5,-8.6582,7,frost_mj,-0.0512639080083252,benchmark,NAHosMIP (A)
HadGEM3-GC3-1MM,-7.5,-7.6345,8,frost_mj,-0.0506513435179168,benchmark,NAHosMIP (A)
HadGEM3-GC3-1MM,-6.5,-6.4299,4,frost_mj,-0.0235711127241426,benchmark,NAHosMIP (A)
HadGEM3-GC3-1MM,-5.5,-5.3528,4,frost_mj,-0.0343760637927547,benchmark,NAHosMIP (A)
HadGEM3-GC3-1MM,-4.5,-4.3969,4,frost_mj,-0.0186364619214984,benchmark,NAHosMIP (A)
IPSL-CM6A-LR,-9.5,-9.3401,5,frost_mj,-0.064449449841459,benchmark,NAHosMIP (A)
IPSL-CM6A-LR,-8.5,-8.4598,8,frost_mj,-0.0605898973988018,benchmark,NAHosMIP (A)
IPSL-CM6A-LR,-7.5,-7.5255,19,frost_mj,-0.0513031686778746,benchmark,NAHosMIP (A)
IPSL-CM6A-LR,-6.5,-6.5577,11,frost_mj,-0.0604288810054257,benchmark,NAHosMIP (A)
IPSL-CM6A-LR,-5.5,-5.5623,13,frost_mj,-0.0342652405314589,benchmark,NAHosMIP (A)
IPSL-CM6A-LR,-4.5,-4.3507,11,frost_mj,-0.0318744051216611,benchmark,NAHosMIP (A)
IPSL-CM6A-LR,-3.5,-3.4644,8,frost_mj,-0.0250722871731702,benchmark,NAHosMIP (A)
IPSL-CM6A-LR,-2.5,-2.5669,9,frost_mj,-0.00904749983742773,benchmark,NAHosMIP (A)
IPSL-CM6A-LR,-1.5,-1.2909,6,frost_mj,-0.0276721166390351,benchmark,NAHosMIP (A)
IPSL-CM6A-LR,-0.5,-0.6347,8,frost_mj,0.00310403910774848,benchmark,NAHosMIP (A)
EC-Earth3,-9.5,-9.1554,4,precip_mj,-0.011820889446214,benchmark,NAHosMIP (A)
EC-Earth3,-8.5,-8.4726,15,precip_mj,-0.0352542361130242,benchmark,NAHosMIP (A)
EC-Earth3,-7.5,-7.5562,20,precip_mj,-0.0309604589673141,benchmark,NAHosMIP (A)
EC-Earth3,-6.5,-6.4767,21,precip_mj,-0.042078483298847,benchmark,NAHosMIP (A)
EC-Earth3,-5.5,-5.3342,8,precip_mj,-0.0318088653063362,benchmark,NAHosMIP (A)
EC-Earth3,-4.5,-4.5495,8,precip_mj,-0.0417584538685695,benchmark,NAHosMIP (A)
EC-Earth3,-3.5,-3.3459,9,precip_mj,-0.0225653591890312,benchmark,NAHosMIP (A)
EC-Earth3,-2.5,-2.4493,5,precip_mj,-0.0405841165680573,benchmark,NAHosMIP (A)
EC-Earth3,-1.5,-1.3807,6,precip_mj,-0.00575621484302101,benchmark,NAHosMIP (A)
EC-Earth3,-0.5,-0.6596,3,precip_mj,-0.0244214170572742,benchmark,NAHosMIP (A)
HadGEM3-GC3-1LL,-8.5,-8.3848,12,precip_mj,-0.0463978280765126,benchmark,NAHosMIP (A)
HadGEM3-GC3-1LL,-7.5,-7.5599,19,precip_mj,-0.0342880054940903,benchmark,NAHosMIP (A)
HadGEM3-GC3-1LL,-6.5,-6.5442,24,precip_mj,-0.0224081964041991,benchmark,NAHosMIP (A)
HadGEM3-GC3-1LL,-5.5,-5.5797,10,precip_mj,-0.0231771976661003,benchmark,NAHosMIP (A)
HadGEM3-GC3-1LL,-4.5,-4.5263,6,precip_mj,-0.0464936110085083,benchmark,NAHosMIP (A)
HadGEM3-GC3-1LL,-3.5,-3.7835,7,precip_mj,-0.0157868889290002,benchmark,NAHosMIP (A)
HadGEM3-GC3-1LL,-2.5,-2.4504,6,precip_mj,-0.0438610297958566,benchmark,NAHosMIP (A)
HadGEM3-GC3-1LL,-1.5,-1.3098,8,precip_mj,-0.00406765231632343,benchmark,NAHosMIP (A)
HadGEM3-GC3-1LL,-0.5,-0.331,6,precip_mj,-0.0116493584596518,benchmark,NAHosMIP (A)
HadGEM3-GC3-1MM,-14.5,-14.3032,4,precip_mj,-0.0623645588618509,benchmark,NAHosMIP (A)
HadGEM3-GC3-1MM,-13.5,-13.3931,8,precip_mj,-0.0604278346004973,benchmark,NAHosMIP (A)
HadGEM3-GC3-1MM,-12.5,-12.588,13,precip_mj,-0.0740804459698619,benchmark,NAHosMIP (A)
HadGEM3-GC3-1MM,-11.5,-11.5321,21,precip_mj,-0.0791553395981925,benchmark,NAHosMIP (A)
HadGEM3-GC3-1MM,-10.5,-10.4803,10,precip_mj,-0.0689004342587559,benchmark,NAHosMIP (A)
HadGEM3-GC3-1MM,-9.5,-9.6161,7,precip_mj,-0.058053320009196,benchmark,NAHosMIP (A)
HadGEM3-GC3-1MM,-8.5,-8.6582,7,precip_mj,-0.0573681308523407,benchmark,NAHosMIP (A)
HadGEM3-GC3-1MM,-7.5,-7.6345,8,precip_mj,-0.0414249471886672,benchmark,NAHosMIP (A)
HadGEM3-GC3-1MM,-6.5,-6.4299,4,precip_mj,-0.0391149537021896,benchmark,NAHosMIP (A)
HadGEM3-GC3-1MM,-5.5,-5.3528,4,precip_mj,-0.0275702693400334,benchmark,NAHosMIP (A)
HadGEM3-GC3-1MM,-4.5,-4.3969,4,precip_mj,-0.00540895765852726,benchmark,NAHosMIP (A)
IPSL-CM6A-LR,-9.5,-9.3401,5,precip_mj,-0.0428336158310079,benchmark,NAHosMIP (A)
IPSL-CM6A-LR,-8.5,-8.4598,8,precip_mj,-0.0423044119251505,benchmark,NAHosMIP (A)
IPSL-CM6A-LR,-7.5,-7.5255,19,precip_mj,-0.0488476063349756,benchmark,NAHosMIP (A)
IPSL-CM6A-LR,-6.5,-6.5577,11,precip_mj,-0.0555137623283011,benchmark,NAHosMIP (A)
IPSL-CM6A-LR,-5.5,-5.5623,13,precip_mj,-0.0376329206470629,benchmark,NAHosMIP (A)
IPSL-CM6A-LR,-4.5,-4.3507,11,precip_mj,-0.0221107076479519,benchmark,NAHosMIP (A)
IPSL-CM6A-LR,-3.5,-3.4644,8,precip_mj,-0.0222532798320608,benchmark,NAHosMIP (A)
IPSL-CM6A-LR,-2.5,-2.5669,9,precip_mj,-0.0264909203481779,benchmark,NAHosMIP (A)
IPSL-CM6A-LR,-1.5,-1.2909,6,precip_mj,-0.00867046827933937,benchmark,NAHosMIP (A)
IPSL-CM6A-LR,-0.5,-0.6347,8,precip_mj,-0.013653397943044,benchmark,NAHosMIP (A)
EC-Earth3,-9.5,-9.1554,4,precip_mj2,0.00683526587933535,benchmark,NAHosMIP (A)
EC-Earth3,-8.5,-8.4726,15,precip_mj2,0.0292807961681736,benchmark,NAHosMIP (A)
EC-Earth3,-7.5,-7.5562,20,precip_mj2,0.025302400430482,benchmark,NAHosMIP (A)
EC-Earth3,-6.5,-6.4767,21,precip_mj2,0.0345061790605187,benchmark,NAHosMIP (A)
EC-Earth3,-5.5,-5.3342,8,precip_mj2,0.0228733380413699,benchmark,NAHosMIP (A)
EC-Earth3,-4.5,-4.5495,8,precip_mj2,0.0322646402763554,benchmark,NAHosMIP (A)
EC-Earth3,-3.5,-3.3459,9,precip_mj2,0.0194482586412002,benchmark,NAHosMIP (A)
EC-Earth3,-2.5,-2.4493,5,precip_mj2,0.0325098762885144,benchmark,NAHosMIP (A)
EC-Earth3,-1.5,-1.3807,6,precip_mj2,0.00372073831169028,benchmark,NAHosMIP (A)
EC-Earth3,-0.5,-0.6596,3,precip_mj2,0.0173710762355314,benchmark,NAHosMIP (A)
HadGEM3-GC3-1LL,-8.5,-8.3848,12,precip_mj2,0.0378837350946665,benchmark,NAHosMIP (A)
HadGEM3-GC3-1LL,-7.5,-7.5599,19,precip_mj2,0.0282909250986218,benchmark,NAHosMIP (A)
HadGEM3-GC3-1LL,-6.5,-6.5442,24,precip_mj2,0.0182665901871985,benchmark,NAHosMIP (A)
HadGEM3-GC3-1LL,-5.5,-5.5797,10,precip_mj2,0.0180628573693814,benchmark,NAHosMIP (A)
HadGEM3-GC3-1LL,-4.5,-4.5263,6,precip_mj2,0.0369093909662835,benchmark,NAHosMIP (A)
HadGEM3-GC3-1LL,-3.5,-3.7835,7,precip_mj2,0.0119387643623036,benchmark,NAHosMIP (A)
HadGEM3-GC3-1LL,-2.5,-2.4504,6,precip_mj2,0.0357577372256306,benchmark,NAHosMIP (A)
HadGEM3-GC3-1LL,-1.5,-1.3098,8,precip_mj2,0.000733021943360423,benchmark,NAHosMIP (A)
HadGEM3-GC3-1LL,-0.5,-0.331,6,precip_mj2,0.00854540090199867,benchmark,NAHosMIP (A)
HadGEM3-GC3-1MM,-14.5,-14.3032,4,precip_mj2,0.0480986293983676,benchmark,NAHosMIP (A)
HadGEM3-GC3-1MM,-13.5,-13.3931,8,precip_mj2,0.0472214207421878,benchmark,NAHosMIP (A)
HadGEM3-GC3-1MM,-12.5,-12.588,13,precip_mj2,0.0567544178386327,benchmark,NAHosMIP (A)
HadGEM3-GC3-1MM,-11.5,-11.5321,21,precip_mj2,0.0598197125423666,benchmark,NAHosMIP (A)
HadGEM3-GC3-1MM,-10.5,-10.4803,10,precip_mj2,0.0524618524818163,benchmark,NAHosMIP (A)
HadGEM3-GC3-1MM,-9.5,-9.6161,7,precip_mj2,0.0436447155224538,benchmark,NAHosMIP (A)
HadGEM3-GC3-1MM,-8.5,-8.6582,7,precip_mj2,0.0456001290453041,benchmark,NAHosMIP (A)
HadGEM3-GC3-1MM,-7.5,-7.6345,8,precip_mj2,0.0313494283709889,benchmark,NAHosMIP (A)
HadGEM3-GC3-1MM,-6.5,-6.4299,4,precip_mj2,0.0307954515155038,benchmark,NAHosMIP (A)
HadGEM3-GC3-1MM,-5.5,-5.3528,4,precip_mj2,0.0217225974444861,benchmark,NAHosMIP (A)
HadGEM3-GC3-1MM,-4.5,-4.3969,4,precip_mj2,0.00381923602409995,benchmark,NAHosMIP (A)
IPSL-CM6A-LR,-9.5,-9.3401,5,precip_mj2,0.0343608170183878,benchmark,NAHosMIP (A)
IPSL-CM6A-LR,-8.5,-8.4598,8,precip_mj2,0.0331262438719427,benchmark,NAHosMIP (A)
IPSL-CM6A-LR,-7.5,-7.5255,19,precip_mj2,0.0384521194045636,benchmark,NAHosMIP (A)
IPSL-CM6A-LR,-6.5,-6.5577,11,precip_mj2,0.0436836742627855,benchmark,NAHosMIP (A)
IPSL-CM6A-LR,-5.5,-5.5623,13,precip_mj2,0.0300731197701724,benchmark,NAHosMIP (A)
IPSL-CM6A-LR,-4.5,-4.3507,11,precip_mj2,0.0184291869110266,benchmark,NAHosMIP (A)
IPSL-CM6A-LR,-3.5,-3.4644,8,precip_mj2,0.0161813501842527,benchmark,NAHosMIP (A)
IPSL-CM6A-LR,-2.5,-2.5669,9,precip_mj2,0.0229878503394942,benchmark,NAHosMIP (A)
IPSL-CM6A-LR,-1.5,-1.2909,6,precip_mj2,0.00600400742890208,benchmark,NAHosMIP (A)
IPSL-CM6A-LR,-0.5,-0.6347,8,precip_mj2,0.00960206057495624,benchmark,NAHosMIP (A)
EC-Earth3,-9.5,-9.1554,4,heat_mj,0.0267941098247619,drop_gdd,NAHosMIP (A)
EC-Earth3,-8.5,-8.4726,15,heat_mj,0.0258613331883472,drop_gdd,NAHosMIP (A)
EC-Earth3,-7.5,-7.5562,20,heat_mj,0.0249742386266778,drop_gdd,NAHosMIP (A)
EC-Earth3,-6.5,-6.4767,21,heat_mj,0.0116278932329651,drop_gdd,NAHosMIP (A)
EC-Earth3,-5.5,-5.3342,8,heat_mj,0.0132558651551712,drop_gdd,NAHosMIP (A)
EC-Earth3,-4.5,-4.5495,8,heat_mj,0.0125629253520982,drop_gdd,NAHosMIP (A)
EC-Earth3,-3.5,-3.3459,9,heat_mj,0.0191242130865482,drop_gdd,NAHosMIP (A)
EC-Earth3,-2.5,-2.4493,5,heat_mj,0.00668087333325738,drop_gdd,NAHosMIP (A)
EC-Earth3,-1.5,-1.3807,6,heat_mj,0.0135565641926841,drop_gdd,NAHosMIP (A)
EC-Earth3,-0.5,-0.6596,3,heat_mj,-0.0168989467910294,drop_gdd,NAHosMIP (A)
HadGEM3-GC3-1LL,-8.5,-8.3848,12,heat_mj,0.0107860704682603,drop_gdd,NAHosMIP (A)
HadGEM3-GC3-1LL,-7.5,-7.5599,19,heat_mj,0.0121751143197726,drop_gdd,NAHosMIP (A)
HadGEM3-GC3-1LL,-6.5,-6.5442,24,heat_mj,0.0199314374146137,drop_gdd,NAHosMIP (A)
HadGEM3-GC3-1LL,-5.5,-5.5797,10,heat_mj,0.0109000962774021,drop_gdd,NAHosMIP (A)
HadGEM3-GC3-1LL,-4.5,-4.5263,6,heat_mj,0.0138554931982887,drop_gdd,NAHosMIP (A)
HadGEM3-GC3-1LL,-3.5,-3.7835,7,heat_mj,0.0160346086501257,drop_gdd,NAHosMIP (A)
HadGEM3-GC3-1LL,-2.5,-2.4504,6,heat_mj,0.0102381003722776,drop_gdd,NAHosMIP (A)
HadGEM3-GC3-1LL,-1.5,-1.3098,8,heat_mj,0.00291494216595075,drop_gdd,NAHosMIP (A)
HadGEM3-GC3-1LL,-0.5,-0.331,6,heat_mj,-0.00072666273139783,drop_gdd,NAHosMIP (A)
HadGEM3-GC3-1MM,-14.5,-14.3032,4,heat_mj,0.0307803350458088,drop_gdd,NAHosMIP (A)
HadGEM3-GC3-1MM,-13.5,-13.3931,8,heat_mj,0.0368556212232722,drop_gdd,NAHosMIP (A)
HadGEM3-GC3-1MM,-12.5,-12.588,13,heat_mj,0.0326333557485672,drop_gdd,NAHosMIP (A)
HadGEM3-GC3-1MM,-11.5,-11.5321,21,heat_mj,0.028054863598535,drop_gdd,NAHosMIP (A)
HadGEM3-GC3-1MM,-10.5,-10.4803,10,heat_mj,0.0280477794725244,drop_gdd,NAHosMIP (A)
HadGEM3-GC3-1MM,-9.5,-9.6161,7,heat_mj,0.0142679904068913,drop_gdd,NAHosMIP (A)
HadGEM3-GC3-1MM,-8.5,-8.6582,7,heat_mj,0.016662637575164,drop_gdd,NAHosMIP (A)
HadGEM3-GC3-1MM,-7.5,-7.6345,8,heat_mj,0.0179403412863695,drop_gdd,NAHosMIP (A)
HadGEM3-GC3-1MM,-6.5,-6.4299,4,heat_mj,0.011887260590314,drop_gdd,NAHosMIP (A)
HadGEM3-GC3-1MM,-5.5,-5.3528,4,heat_mj,0.00599360118704247,drop_gdd,NAHosMIP (A)
HadGEM3-GC3-1MM,-4.5,-4.3969,4,heat_mj,0.00739612476639714,drop_gdd,NAHosMIP (A)
IPSL-CM6A-LR,-9.5,-9.3401,5,heat_mj,0.0290256991004808,drop_gdd,NAHosMIP (A)
IPSL-CM6A-LR,-8.5,-8.4598,8,heat_mj,0.0307962236592089,drop_gdd,NAHosMIP (A)
IPSL-CM6A-LR,-7.5,-7.5255,19,heat_mj,0.0230660300624735,drop_gdd,NAHosMIP (A)
IPSL-CM6A-LR,-6.5,-6.5577,11,heat_mj,0.0221794297964619,drop_gdd,NAHosMIP (A)
IPSL-CM6A-LR,-5.5,-5.5623,13,heat_mj,0.0226696494014424,drop_gdd,NAHosMIP (A)
IPSL-CM6A-LR,-4.5,-4.3507,11,heat_mj,0.00494499863542029,drop_gdd,NAHosMIP (A)
IPSL-CM6A-LR,-3.5,-3.4644,8,heat_mj,0.00900289650902676,drop_gdd,NAHosMIP (A)
IPSL-CM6A-LR,-2.5,-2.5669,9,heat_mj,0.0130658156145028,drop_gdd,NAHosMIP (A)
IPSL-CM6A-LR,-1.5,-1.2909,6,heat_mj,0.0105802681324971,drop_gdd,NAHosMIP (A)
IPSL-CM6A-LR,-0.5,-0.6347,8,heat_mj,-0.00152882829007447,drop_gdd,NAHosMIP (A)
EC-Earth3,-9.5,-9.1554,4,frost_mj,-0.023794645370572,drop_gdd,NAHosMIP (A)
EC-Earth3,-8.5,-8.4726,15,frost_mj,-0.0336185879919646,drop_gdd,NAHosMIP (A)
EC-Earth3,-7.5,-7.5562,20,frost_mj,-0.0245996258325396,drop_gdd,NAHosMIP (A)
EC-Earth3,-6.5,-6.4767,21,frost_mj,-0.0164234334333436,drop_gdd,NAHosMIP (A)
EC-Earth3,-5.5,-5.3342,8,frost_mj,-0.0181325264827371,drop_gdd,NAHosMIP (A)
EC-Earth3,-4.5,-4.5495,8,frost_mj,-0.0170243473591155,drop_gdd,NAHosMIP (A)
EC-Earth3,-3.5,-3.3459,9,frost_mj,-0.0204972764295127,drop_gdd,NAHosMIP (A)
EC-Earth3,-2.5,-2.4493,5,frost_mj,-0.0108772851975831,drop_gdd,NAHosMIP (A)
EC-Earth3,-1.5,-1.3807,6,frost_mj,-0.00133961445169187,drop_gdd,NAHosMIP (A)
EC-Earth3,-0.5,-0.6596,3,frost_mj,-0.00297767988050612,drop_gdd,NAHosMIP (A)
HadGEM3-GC3-1LL,-8.5,-8.3848,12,frost_mj,-0.0227890961139478,drop_gdd,NAHosMIP (A)
HadGEM3-GC3-1LL,-7.5,-7.5599,19,frost_mj,-0.0184211537736125,drop_gdd,NAHosMIP (A)
HadGEM3-GC3-1LL,-6.5,-6.5442,24,frost_mj,-0.0232783420082785,drop_gdd,NAHosMIP (A)
HadGEM3-GC3-1LL,-5.5,-5.5797,10,frost_mj,-0.0151440299986292,drop_gdd,NAHosMIP (A)
HadGEM3-GC3-1LL,-4.5,-4.5263,6,frost_mj,-0.0183024515515991,drop_gdd,NAHosMIP (A)
HadGEM3-GC3-1LL,-3.5,-3.7835,7,frost_mj,-0.016244905507532,drop_gdd,NAHosMIP (A)
HadGEM3-GC3-1LL,-2.5,-2.4504,6,frost_mj,-0.0182369610496963,drop_gdd,NAHosMIP (A)
HadGEM3-GC3-1LL,-1.5,-1.3098,8,frost_mj,-0.000142784413041935,drop_gdd,NAHosMIP (A)
HadGEM3-GC3-1LL,-0.5,-0.331,6,frost_mj,-0.00492667913165921,drop_gdd,NAHosMIP (A)
HadGEM3-GC3-1MM,-14.5,-14.3032,4,frost_mj,-0.0508035013600632,drop_gdd,NAHosMIP (A)
HadGEM3-GC3-1MM,-13.5,-13.3931,8,frost_mj,-0.055610555452019,drop_gdd,NAHosMIP (A)
HadGEM3-GC3-1MM,-12.5,-12.588,13,frost_mj,-0.0539197543657041,drop_gdd,NAHosMIP (A)
HadGEM3-GC3-1MM,-11.5,-11.5321,21,frost_mj,-0.0494699646993717,drop_gdd,NAHosMIP (A)
HadGEM3-GC3-1MM,-10.5,-10.4803,10,frost_mj,-0.0382677687797171,drop_gdd,NAHosMIP (A)
HadGEM3-GC3-1MM,-9.5,-9.6161,7,frost_mj,-0.0349216967527516,drop_gdd,NAHosMIP (A)
HadGEM3-GC3-1MM,-8.5,-8.6582,7,frost_mj,-0.0278556292645377,drop_gdd,NAHosMIP (A)
HadGEM3-GC3-1MM,-7.5,-7.6345,8,frost_mj,-0.027594692568189,drop_gdd,NAHosMIP (A)
HadGEM3-GC3-1MM,-6.5,-6.4299,4,frost_mj,-0.0121992627796331,drop_gdd,NAHosMIP (A)
HadGEM3-GC3-1MM,-5.5,-5.3528,4,frost_mj,-0.0191909528462955,drop_gdd,NAHosMIP (A)
HadGEM3-GC3-1MM,-4.5,-4.3969,4,frost_mj,-0.0102298221089987,drop_gdd,NAHosMIP (A)
IPSL-CM6A-LR,-9.5,-9.3401,5,frost_mj,-0.0355158856707318,drop_gdd,NAHosMIP (A)
IPSL-CM6A-LR,-8.5,-8.4598,8,frost_mj,-0.0328881942658289,drop_gdd,NAHosMIP (A)
IPSL-CM6A-LR,-7.5,-7.5255,19,frost_mj,-0.0277814472867895,drop_gdd,NAHosMIP (A)
IPSL-CM6A-LR,-6.5,-6.5577,11,frost_mj,-0.0331392260399019,drop_gdd,NAHosMIP (A)
IPSL-CM6A-LR,-5.5,-5.5623,13,frost_mj,-0.0184587643388047,drop_gdd,NAHosMIP (A)
IPSL-CM6A-LR,-4.5,-4.3507,11,frost_mj,-0.0172534466466552,drop_gdd,NAHosMIP (A)
IPSL-CM6A-LR,-3.5,-3.4644,8,frost_mj,-0.0135419141268265,drop_gdd,NAHosMIP (A)
IPSL-CM6A-LR,-2.5,-2.5669,9,frost_mj,-0.00456235787366926,drop_gdd,NAHosMIP (A)
IPSL-CM6A-LR,-1.5,-1.2909,6,frost_mj,-0.0151689356924734,drop_gdd,NAHosMIP (A)
IPSL-CM6A-LR,-0.5,-0.6347,8,frost_mj,0.00179270258188747,drop_gdd,NAHosMIP (A)
EC-Earth3,-9.5,-9.1554,4,precip_mj,-0.0134307149893106,drop_gdd,NAHosMIP (A)
EC-Earth3,-8.5,-8.4726,15,precip_mj,-0.0398359763394287,drop_gdd,NAHosMIP (A)
EC-Earth3,-7.5,-7.5562,20,precip_mj,-0.0349468505450873,drop_gdd,NAHosMIP (A)
EC-Earth3,-6.5,-6.4767,21,precip_mj,-0.0474980514762642,drop_gdd,NAHosMIP (A)
EC-Earth3,-5.5,-5.3342,8,precip_mj,-0.0359181310492065,drop_gdd,NAHosMIP (A)
EC-Earth3,-4.5,-4.5495,8,precip_mj,-0.0472084045199869,drop_gdd,NAHosMIP (A)
EC-Earth3,-3.5,-3.3459,9,precip_mj,-0.0255457059377839,drop_gdd,NAHosMIP (A)
EC-Earth3,-2.5,-2.4493,5,precip_mj,-0.0455286747557834,drop_gdd,NAHosMIP (A)
EC-Earth3,-1.5,-1.3807,6,precip_mj,-0.00660849986584683,drop_gdd,NAHosMIP (A)
EC-Earth3,-0.5,-0.6596,3,precip_mj,-0.0273564785854062,drop_gdd,NAHosMIP (A)
HadGEM3-GC3-1LL,-8.5,-8.3848,12,precip_mj,-0.0522965385383038,drop_gdd,NAHosMIP (A)
HadGEM3-GC3-1LL,-7.5,-7.5599,19,precip_mj,-0.0385161864775014,drop_gdd,NAHosMIP (A)
HadGEM3-GC3-1LL,-6.5,-6.5442,24,precip_mj,-0.0253563058963474,drop_gdd,NAHosMIP (A)
HadGEM3-GC3-1LL,-5.5,-5.5797,10,precip_mj,-0.0261051281801498,drop_gdd,NAHosMIP (A)
HadGEM3-GC3-1LL,-4.5,-4.5263,6,precip_mj,-0.0525361197228935,drop_gdd,NAHosMIP (A)
HadGEM3-GC3-1LL,-3.5,-3.7835,7,precip_mj,-0.0178434869916643,drop_gdd,NAHosMIP (A)
HadGEM3-GC3-1LL,-2.5,-2.4504,6,precip_mj,-0.0493260446140958,drop_gdd,NAHosMIP (A)
HadGEM3-GC3-1LL,-1.5,-1.3098,8,precip_mj,-0.00462659329411768,drop_gdd,NAHosMIP (A)
HadGEM3-GC3-1LL,-0.5,-0.331,6,precip_mj,-0.0133373869574028,drop_gdd,NAHosMIP (A)
HadGEM3-GC3-1MM,-14.5,-14.3032,4,precip_mj,-0.0701355774766732,drop_gdd,NAHosMIP (A)
HadGEM3-GC3-1MM,-13.5,-13.3931,8,precip_mj,-0.0679528145673486,drop_gdd,NAHosMIP (A)
HadGEM3-GC3-1MM,-12.5,-12.588,13,precip_mj,-0.0834491581077846,drop_gdd,NAHosMIP (A)
HadGEM3-GC3-1MM,-11.5,-11.5321,21,precip_mj,-0.0891179395158953,drop_gdd,NAHosMIP (A)
HadGEM3-GC3-1MM,-10.5,-10.4803,10,precip_mj,-0.0776035705832175,drop_gdd,NAHosMIP (A)
HadGEM3-GC3-1MM,-9.5,-9.6161,7,precip_mj,-0.0652279310126785,drop_gdd,NAHosMIP (A)
HadGEM3-GC3-1MM,-8.5,-8.6582,7,precip_mj,-0.0644630509128508,drop_gdd,NAHosMIP (A)
HadGEM3-GC3-1MM,-7.5,-7.6345,8,precip_mj,-0.04667818871177,drop_gdd,NAHosMIP (A)
HadGEM3-GC3-1MM,-6.5,-6.4299,4,precip_mj,-0.0441013635359603,drop_gdd,NAHosMIP (A)
HadGEM3-GC3-1MM,-5.5,-5.3528,4,precip_mj,-0.031061956527972,drop_gdd,NAHosMIP (A)
HadGEM3-GC3-1MM,-4.5,-4.3969,4,precip_mj,-0.0060003939422316,drop_gdd,NAHosMIP (A)
IPSL-CM6A-LR,-9.5,-9.3401,5,precip_mj,-0.0483428839851096,drop_gdd,NAHosMIP (A)
IPSL-CM6A-LR,-8.5,-8.4598,8,precip_mj,-0.0476620500020924,drop_gdd,NAHosMIP (A)
IPSL-CM6A-LR,-7.5,-7.5255,19,precip_mj,-0.0550157177752511,drop_gdd,NAHosMIP (A)
IPSL-CM6A-LR,-6.5,-6.5577,11,precip_mj,-0.0624852127979275,drop_gdd,NAHosMIP (A)
IPSL-CM6A-LR,-5.5,-5.5623,13,precip_mj,-0.0424262783858156,drop_gdd,NAHosMIP (A)
IPSL-CM6A-LR,-4.5,-4.3507,11,precip_mj,-0.0249345879853121,drop_gdd,NAHosMIP (A)
IPSL-CM6A-LR,-3.5,-3.4644,8,precip_mj,-0.0250294922608561,drop_gdd,NAHosMIP (A)
IPSL-CM6A-LR,-2.5,-2.5669,9,precip_mj,-0.0296176458259678,drop_gdd,NAHosMIP (A)
IPSL-CM6A-LR,-1.5,-1.2909,6,precip_mj,-0.00975654104282236,drop_gdd,NAHosMIP (A)
IPSL-CM6A-LR,-0.5,-0.6347,8,precip_mj,-0.0152139619826167,drop_gdd,NAHosMIP (A)
EC-Earth3,-9.5,-9.1554,4,precip_mj2,0.00701949579742341,drop_gdd,NAHosMIP (A)
EC-Earth3,-8.5,-8.4726,15,precip_mj2,0.030017136673744,drop_gdd,NAHosMIP (A)
EC-Earth3,-7.5,-7.5562,20,precip_mj2,0.0259283178757875,drop_gdd,NAHosMIP (A)
EC-Earth3,-6.5,-6.4767,21,precip_mj2,0.0353508732645864,drop_gdd,NAHosMIP (A)
EC-Earth3,-5.5,-5.3342,8,precip_mj2,0.0234285688995721,drop_gdd,NAHosMIP (A)
EC-Earth3,-4.5,-4.5495,8,precip_mj2,0.0330614669435791,drop_gdd,NAHosMIP (A)
EC-Earth3,-3.5,-3.3459,9,precip_mj2,0.0199728544048382,drop_gdd,NAHosMIP (A)
EC-Earth3,-2.5,-2.4493,5,precip_mj2,0.033203629313084,drop_gdd,NAHosMIP (A)
EC-Earth3,-1.5,-1.3807,6,precip_mj2,0.00384774826931987,drop_gdd,NAHosMIP (A)
EC-Earth3,-0.5,-0.6596,3,precip_mj2,0.0177019248728298,drop_gdd,NAHosMIP (A)
HadGEM3-GC3-1LL,-8.5,-8.3848,12,precip_mj2,0.0387949304689746,drop_gdd,NAHosMIP (A)
HadGEM3-GC3-1LL,-7.5,-7.5599,19,precip_mj2,0.028928637461268,drop_gdd,NAHosMIP (A)
HadGEM3-GC3-1LL,-6.5,-6.5442,24,precip_mj2,0.0187489484078369,drop_gdd,NAHosMIP (A)
HadGEM3-GC3-1LL,-5.5,-5.5797,10,precip_mj2,0.0184961792264709,drop_gdd,NAHosMIP (A)
HadGEM3-GC3-1LL,-4.5,-4.5263,6,precip_mj2,0.0378338488385659,drop_gdd,NAHosMIP (A)
HadGEM3-GC3-1LL,-3.5,-3.7835,7,precip_mj2,0.0122436199088806,drop_gdd,NAHosMIP (A)
HadGEM3-GC3-1LL,-2.5,-2.4504,6,precip_mj2,0.0365780739518075,drop_gdd,NAHosMIP (A)
HadGEM3-GC3-1LL,-1.5,-1.3098,8,precip_mj2,0.000750029447582315,drop_gdd,NAHosMIP (A)
HadGEM3-GC3-1LL,-0.5,-0.331,6,precip_mj2,0.00880606988369233,drop_gdd,NAHosMIP (A)
HadGEM3-GC3-1MM,-14.5,-14.3032,4,precip_mj2,0.0492016838383955,drop_gdd,NAHosMIP (A)
HadGEM3-GC3-1MM,-13.5,-13.3931,8,precip_mj2,0.0483095240923977,drop_gdd,NAHosMIP (A)
HadGEM3-GC3-1MM,-12.5,-12.588,13,precip_mj2,0.0580988220305786,drop_gdd,NAHosMIP (A)
HadGEM3-GC3-1MM,-11.5,-11.5321,21,precip_mj2,0.0612165404520091,drop_gdd,NAHosMIP (A)
HadGEM3-GC3-1MM,-10.5,-10.4803,10,precip_mj2,0.0536877186192037,drop_gdd,NAHosMIP (A)
HadGEM3-GC3-1MM,-9.5,-9.6161,7,precip_mj2,0.0446348141738856,drop_gdd,NAHosMIP (A)
HadGEM3-GC3-1MM,-8.5,-8.6582,7,precip_mj2,0.0466191352000698,drop_gdd,NAHosMIP (A)
HadGEM3-GC3-1MM,-7.5,-7.6345,8,precip_mj2,0.0320705578150771,drop_gdd,NAHosMIP (A)
HadGEM3-GC3-1MM,-6.5,-6.4299,4,precip_mj2,0.0315253736024775,drop_gdd,NAHosMIP (A)
HadGEM3-GC3-1MM,-5.5,-5.3528,4,precip_mj2,0.0222274457468132,drop_gdd,NAHosMIP (A)
HadGEM3-GC3-1MM,-4.5,-4.3969,4,precip_mj2,0.00388326706452507,drop_gdd,NAHosMIP (A)
IPSL-CM6A-LR,-9.5,-9.3401,5,precip_mj2,0.0352077705732377,drop_gdd,NAHosMIP (A)
IPSL-CM6A-LR,-8.5,-8.4598,8,precip_mj2,0.0339009195887328,drop_gdd,NAHosMIP (A)
IPSL-CM6A-LR,-7.5,-7.5255,19,precip_mj2,0.0393569733326789,drop_gdd,NAHosMIP (A)
IPSL-CM6A-LR,-6.5,-6.5577,11,precip_mj2,0.0447028639765925,drop_gdd,NAHosMIP (A)
IPSL-CM6A-LR,-5.5,-5.5623,13,precip_mj2,0.0307932129206122,drop_gdd,NAHosMIP (A)
IPSL-CM6A-LR,-4.5,-4.3507,11,precip_mj2,0.0188602462508008,drop_gdd,NAHosMIP (A)
IPSL-CM6A-LR,-3.5,-3.4644,8,precip_mj2,0.0165253535413502,drop_gdd,NAHosMIP (A)
IPSL-CM6A-LR,-2.5,-2.5669,9,precip_mj2,0.023456123981006,drop_gdd,NAHosMIP (A)
IPSL-CM6A-LR,-1.5,-1.2909,6,precip_mj2,0.00614413044556104,drop_gdd,NAHosMIP (A)
IPSL-CM6A-LR,-0.5,-0.6347,8,precip_mj2,0.00974539153915448,drop_gdd,NAHosMIP (A)
EC-Earth3,-4.5,-4.5546,8,gdd_mj,-0.260000308413263,benchmark,ISIMIP ssp370 (T)
EC-Earth3,-3.5,-3.4737,8,gdd_mj,-0.294526485901627,benchmark,ISIMIP ssp370 (T)
EC-Earth3,-2.5,-2.5448,11,gdd_mj,-0.232689447756466,benchmark,ISIMIP ssp370 (T)
IPSL-CM6A-LR,-5.5,-5.3985,4,gdd_mj,-0.256372434896645,benchmark,ISIMIP ssp370 (T)
IPSL-CM6A-LR,-4.5,-4.3046,12,gdd_mj,-0.223487297090882,benchmark,ISIMIP ssp370 (T)
IPSL-CM6A-LR,-3.5,-3.5013,7,gdd_mj,-0.218743544589769,benchmark,ISIMIP ssp370 (T)
IPSL-CM6A-LR,-2.5,-2.2964,6,gdd_mj,-0.180279738302243,benchmark,ISIMIP ssp370 (T)
EC-Earth3,-4.5,-4.5546,8,heat_mj,-0.0673696091298785,benchmark,ISIMIP ssp370 (T)
EC-Earth3,-3.5,-3.4737,8,heat_mj,-0.0860233912854747,benchmark,ISIMIP ssp370 (T)
EC-Earth3,-2.5,-2.5448,11,heat_mj,-0.0652057534999387,benchmark,ISIMIP ssp370 (T)
IPSL-CM6A-LR,-5.5,-5.3985,4,heat_mj,-0.0626757439798401,benchmark,ISIMIP ssp370 (T)
IPSL-CM6A-LR,-4.5,-4.3046,12,heat_mj,-0.0596241625821872,benchmark,ISIMIP ssp370 (T)
IPSL-CM6A-LR,-3.5,-3.5013,7,heat_mj,-0.0583217152798385,benchmark,ISIMIP ssp370 (T)
IPSL-CM6A-LR,-2.5,-2.2964,6,heat_mj,-0.0451936172295116,benchmark,ISIMIP ssp370 (T)
EC-Earth3,-4.5,-4.5546,8,frost_mj,0.0409443311344375,benchmark,ISIMIP ssp370 (T)
EC-Earth3,-3.5,-3.4737,8,frost_mj,0.0423842591570358,benchmark,ISIMIP ssp370 (T)
EC-Earth3,-2.5,-2.5448,11,frost_mj,0.0365720773979079,benchmark,ISIMIP ssp370 (T)
IPSL-CM6A-LR,-5.5,-5.3985,4,frost_mj,0.0393696900656574,benchmark,ISIMIP ssp370 (T)
IPSL-CM6A-LR,-4.5,-4.3046,12,frost_mj,0.03636506217249,benchmark,ISIMIP ssp370 (T)
IPSL-CM6A-LR,-3.5,-3.5013,7,frost_mj,0.0296267868814209,benchmark,ISIMIP ssp370 (T)
IPSL-CM6A-LR,-2.5,-2.2964,6,frost_mj,0.029925510868588,benchmark,ISIMIP ssp370 (T)
EC-Earth3,-4.5,-4.5546,8,precip_mj,-0.00432638387570595,benchmark,ISIMIP ssp370 (T)
EC-Earth3,-3.5,-3.4737,8,precip_mj,-0.0438498264976758,benchmark,ISIMIP ssp370 (T)
EC-Earth3,-2.5,-2.5448,11,precip_mj,-0.033011368338605,benchmark,ISIMIP ssp370 (T)
IPSL-CM6A-LR,-5.5,-5.3985,4,precip_mj,-0.0124265591544757,benchmark,ISIMIP ssp370 (T)
IPSL-CM6A-LR,-4.5,-4.3046,12,precip_mj,-0.026862782626774,benchmark,ISIMIP ssp370 (T)
IPSL-CM6A-LR,-3.5,-3.5013,7,precip_mj,-0.00944954968899106,benchmark,ISIMIP ssp370 (T)
IPSL-CM6A-LR,-2.5,-2.2964,6,precip_mj,-0.0083380134472656,benchmark,ISIMIP ssp370 (T)
EC-Earth3,-4.5,-4.5546,8,precip_mj2,-0.00285505914418295,benchmark,ISIMIP ssp370 (T)
EC-Earth3,-3.5,-3.4737,8,precip_mj2,0.0302689982652355,benchmark,ISIMIP ssp370 (T)
EC-Earth3,-2.5,-2.5448,11,precip_mj2,0.0202451262094166,benchmark,ISIMIP ssp370 (T)
IPSL-CM6A-LR,-5.5,-5.3985,4,precip_mj2,0.00648438140746796,benchmark,ISIMIP ssp370 (T)
IPSL-CM6A-LR,-4.5,-4.3046,12,precip_mj2,0.0191620426927637,benchmark,ISIMIP ssp370 (T)
IPSL-CM6A-LR,-3.5,-3.5013,7,precip_mj2,0.00635200876517339,benchmark,ISIMIP ssp370 (T)
IPSL-CM6A-LR,-2.5,-2.2964,6,precip_mj2,0.0056734122498426,benchmark,ISIMIP ssp370 (T)
EC-Earth3,-4.5,-4.5546,8,heat_mj,-0.190140482297014,drop_gdd,ISIMIP ssp370 (T)
EC-Earth3,-3.5,-3.4737,8,heat_mj,-0.234607599050178,drop_gdd,ISIMIP ssp370 (T)
EC-Earth3,-2.5,-2.5448,11,heat_mj,-0.183243830509369,drop_gdd,ISIMIP ssp370 (T)
IPSL-CM6A-LR,-5.5,-5.3985,4,heat_mj,-0.165353566236346,drop_gdd,ISIMIP ssp370 (T)
IPSL-CM6A-LR,-4.5,-4.3046,12,heat_mj,-0.159376660340801,drop_gdd,ISIMIP ssp370 (T)
IPSL-CM6A-LR,-3.5,-3.5013,7,heat_mj,-0.157448057309501,drop_gdd,ISIMIP ssp370 (T)
IPSL-CM6A-LR,-2.5,-2.2964,6,heat_mj,-0.12127225334893,drop_gdd,ISIMIP ssp370 (T)
EC-Earth3,-4.5,-4.5546,8,frost_mj,0.0217208471751875,drop_gdd,ISIMIP ssp370 (T)
EC-Earth3,-3.5,-3.4737,8,frost_mj,0.0224422453602977,drop_gdd,ISIMIP ssp370 (T)
EC-Earth3,-2.5,-2.5448,11,frost_mj,0.0193627341808619,drop_gdd,ISIMIP ssp370 (T)
IPSL-CM6A-LR,-5.5,-5.3985,4,frost_mj,0.0209317715996493,drop_gdd,ISIMIP ssp370 (T)
IPSL-CM6A-LR,-4.5,-4.3046,12,frost_mj,0.0191963432559392,drop_gdd,ISIMIP ssp370 (T)
IPSL-CM6A-LR,-3.5,-3.5013,7,frost_mj,0.0155269952799099,drop_gdd,ISIMIP ssp370 (T)
IPSL-CM6A-LR,-2.5,-2.2964,6,frost_mj,0.0158685400303368,drop_gdd,ISIMIP ssp370 (T)
EC-Earth3,-4.5,-4.5546,8,precip_mj,-0.00462125308904383,drop_gdd,ISIMIP ssp370 (T)
EC-Earth3,-3.5,-3.4737,8,precip_mj,-0.0490818240452087,drop_gdd,ISIMIP ssp370 (T)
EC-Earth3,-2.5,-2.5448,11,precip_mj,-0.0369759977453225,drop_gdd,ISIMIP ssp370 (T)
IPSL-CM6A-LR,-5.5,-5.3985,4,precip_mj,-0.0138535727399127,drop_gdd,ISIMIP ssp370 (T)
IPSL-CM6A-LR,-4.5,-4.3046,12,precip_mj,-0.0302875548548398,drop_gdd,ISIMIP ssp370 (T)
IPSL-CM6A-LR,-3.5,-3.5013,7,precip_mj,-0.0108286558475195,drop_gdd,ISIMIP ssp370 (T)
IPSL-CM6A-LR,-2.5,-2.2964,6,precip_mj,-0.00924118125187787,drop_gdd,ISIMIP ssp370 (T)
EC-Earth3,-4.5,-4.5546,8,precip_mj2,-0.00310542556488076,drop_gdd,ISIMIP ssp370 (T)
EC-Earth3,-3.5,-3.4737,8,precip_mj2,0.0308186746257704,drop_gdd,ISIMIP ssp370 (T)
EC-Earth3,-2.5,-2.5448,11,precip_mj2,0.020571793383788,drop_gdd,ISIMIP ssp370 (T)
IPSL-CM6A-LR,-5.5,-5.3985,4,precip_mj2,0.00656930092283065,drop_gdd,ISIMIP ssp370 (T)
IPSL-CM6A-LR,-4.5,-4.3046,12,precip_mj2,0.0195878961271478,drop_gdd,ISIMIP ssp370 (T)
IPSL-CM6A-LR,-3.5,-3.5013,7,precip_mj2,0.00657577976048737,drop_gdd,ISIMIP ssp370 (T)
IPSL-CM6A-LR,-2.5,-2.2964,6,precip_mj2,0.00571691416487407,drop_gdd,ISIMIP ssp370 (T)
