model,bin_id,delta_sv,n_years,ssp_year,component,crop,dln,branch
EC-Earth3,-2.5,-2.5448,1,2071,gdd_mj,Soft wheat,-0.192954319934143,crop
EC-Earth3,-2.5,-2.5448,1,2072,gdd_mj,Soft wheat,-0.125887152394067,crop
EC-Earth3,-2.5,-2.5448,1,2073,gdd_mj,Soft wheat,-0.148532878307268,crop
EC-Earth3,-2.5,-2.5448,1,2075,gdd_mj,Soft wheat,-0.183288526209612,crop
EC-Earth3,-2.5,-2.5448,1,2076,gdd_mj,Soft wheat,-0.200797834797511,crop
EC-Earth3,-2.5,-2.5448,1,2077,gdd_mj,Soft wheat,-0.137460319293073,crop
EC-Earth3,-3.5,-3.4737,1,2078,gdd_mj,Soft wheat,-0.174339001060617,crop
EC-Earth3,-2.5,-2.5448,1,2079,gdd_mj,Soft wheat,-0.173073121236931,crop
EC-Earth3,-2.5,-2.5448,1,2080,gdd_mj,Soft wheat,-0.170305233156666,crop
EC-Earth3,-2.5,-2.5448,1,2081,gdd_mj,Soft wheat,-0.153484214516586,crop
EC-Earth3,-4.5,-4.5546,1,2082,gdd_mj,Soft wheat,-0.145559364673303,crop
EC-Earth3,-4.5,-4.5546,1,2083,gdd_mj,Soft wheat,-0.155524475834767,crop
EC-Earth3,-2.5,-2.5448,1,2084,gdd_mj,Soft wheat,-0.123457955889415,crop
EC-Earth3,-2.5,-2.5448,1,2085,gdd_mj,Soft wheat,-0.199527966125529,crop
EC-Earth3,-3.5,-3.4737,1,2086,gdd_mj,Soft wheat,-0.205025634721516,crop
EC-Earth3,-3.5,-3.4737,1,2087,gdd_mj,Soft wheat,-0.19508961843671,crop
EC-Earth3,-3.5,-3.4737,1,2088,gdd_mj,Soft wheat,-0.190322823057927,crop
EC-Earth3,-4.5,-4.5546,1,2089,gdd_mj,Soft wheat,-0.173315862093979,crop
EC-Earth3,-4.5,-4.5546,1,2091,gdd_mj,Soft wheat,-0.206045825654767,crop
EC-Earth3,-4.5,-4.5546,1,2092,gdd_mj,Soft wheat,-0.181842423716559,crop
EC-Earth3,-4.5,-4.5546,1,2093,gdd_mj,Soft wheat,-0.179110698293813,crop
EC-Earth3,-4.5,-4.5546,1,2094,gdd_mj,Soft wheat,-0.230154491472643,crop
EC-Earth3,-3.5,-3.4737,1,2095,gdd_mj,Soft wheat,-0.188776921679691,crop
EC-Earth3,-3.5,-3.4737,1,2096,gdd_mj,Soft wheat,-0.314212530976747,crop
EC-Earth3,-3.5,-3.4737,1,2097,gdd_mj,Soft wheat,-0.243440503778892,crop
EC-Earth3,-3.5,-3.4737,1,2099,gdd_mj,Soft wheat,-0.202332597462803,crop
EC-Earth3,-4.5,-4.5546,1,2100,gdd_mj,Soft wheat,-0.201327154336476,crop
EC-Earth3,-2.5,-2.5448,1,2071,heat_mj,Soft wheat,-0.126622316966296,crop
EC-Earth3,-2.5,-2.5448,1,2072,heat_mj,Soft wheat,-0.0816091587652112,crop
EC-Earth3,-2.5,-2.5448,1,2073,heat_mj,Soft wheat,-0.1045326955433,crop
EC-Earth3,-2.5,-2.5448,1,2075,heat_mj,Soft wheat,-0.124322335155933,crop
EC-Earth3,-2.5,-2.5448,1,2076,heat_mj,Soft wheat,-0.113252073969439,crop
EC-Earth3,-2.5,-2.5448,1,2077,heat_mj,Soft wheat,-0.117776057182255,crop
EC-Earth3,-3.5,-3.4737,1,2078,heat_mj,Soft wheat,-0.10295459035561,crop
EC-Earth3,-2.5,-2.5448,1,2079,heat_mj,Soft wheat,-0.123540335645521,crop
EC-Earth3,-2.5,-2.5448,1,2080,heat_mj,Soft wheat,-0.100635845792406,crop
EC-Earth3,-2.5,-2.5448,1,2081,heat_mj,Soft wheat,-0.0831318451937409,crop
EC-Earth3,-4.5,-4.5546,1,2082,heat_mj,Soft wheat,-0.075435621878446,crop
EC-Earth3,-4.5,-4.5546,1,2083,heat_mj,Soft wheat,-0.0634767875860538,crop
EC-Earth3,-2.5,-2.5448,1,2084,heat_mj,Soft wheat,-0.0865358527317428,crop
EC-Earth3,-2.5,-2.5448,1,2085,heat_mj,Soft wheat,-0.152656653740913,crop
EC-Earth3,-3.5,-3.4737,1,2086,heat_mj,Soft wheat,-0.111172664677736,crop
EC-Earth3,-3.5,-3.4737,1,2087,heat_mj,Soft wheat,-0.128424909427952,crop
EC-Earth3,-3.5,-3.4737,1,2088,heat_mj,Soft wheat,-0.103600104411904,crop
EC-Earth3,-4.5,-4.5546,1,2089,heat_mj,Soft wheat,-0.0885529153824246,crop
EC-Earth3,-4.5,-4.5546,1,2091,heat_mj,Soft wheat,-0.126015002570607,crop
EC-Earth3,-4.5,-4.5546,1,2092,heat_mj,Soft wheat,-0.134177912613311,crop
EC-Earth3,-4.5,-4.5546,1,2093,heat_mj,Soft wheat,-0.153164980751997,crop
EC-Earth3,-4.5,-4.5546,1,2094,heat_mj,Soft wheat,-0.129832941664045,crop
EC-Earth3,-3.5,-3.4737,1,2095,heat_mj,Soft wheat,-0.141521491710996,crop
EC-Earth3,-3.5,-3.4737,1,2096,heat_mj,Soft wheat,-0.291270773843745,crop
EC-Earth3,-3.5,-3.4737,1,2097,heat_mj,Soft wheat,-0.204467969799837,crop
EC-Earth3,-3.5,-3.4737,1,2099,heat_mj,Soft wheat,-0.137850868469719,crop
EC-Earth3,-4.5,-4.5546,1,2100,heat_mj,Soft wheat,-0.128206479177335,crop
EC-Earth3,-2.5,-2.5448,1,2071,frost_mj,Soft wheat,0.0445178092347459,crop
EC-Earth3,-2.5,-2.5448,1,2072,frost_mj,Soft wheat,0.0379048468956053,crop
EC-Earth3,-2.5,-2.5448,1,2073,frost_mj,Soft wheat,0.0287073480765582,crop
EC-Earth3,-2.5,-2.5448,1,2075,frost_mj,Soft wheat,0.0350162509455532,crop
EC-Earth3,-2.5,-2.5448,1,2076,frost_mj,Soft wheat,0.0423542143049206,crop
EC-Earth3,-2.5,-2.5448,1,2077,frost_mj,Soft wheat,0.0179684639469915,crop
EC-Earth3,-3.5,-3.4737,1,2078,frost_mj,Soft wheat,0.0443169616380154,crop
EC-Earth3,-2.5,-2.5448,1,2079,frost_mj,Soft wheat,0.0415479130704641,crop
EC-Earth3,-2.5,-2.5448,1,2080,frost_mj,Soft wheat,0.0454083483765537,crop
EC-Earth3,-2.5,-2.5448,1,2081,frost_mj,Soft wheat,0.0408811270426705,crop
EC-Earth3,-4.5,-4.5546,1,2082,frost_mj,Soft wheat,0.0266241026347651,crop
EC-Earth3,-4.5,-4.5546,1,2083,frost_mj,Soft wheat,0.0459245007198148,crop
EC-Earth3,-2.5,-2.5448,1,2084,frost_mj,Soft wheat,0.0360019526656733,crop
EC-Earth3,-2.5,-2.5448,1,2085,frost_mj,Soft wheat,0.0449135507802824,crop
EC-Earth3,-3.5,-3.4737,1,2086,frost_mj,Soft wheat,0.0482015889860933,crop
EC-Earth3,-3.5,-3.4737,1,2087,frost_mj,Soft wheat,0.0337201151161628,crop
EC-Earth3,-3.5,-3.4737,1,2088,frost_mj,Soft wheat,0.0494285929260897,crop
EC-Earth3,-4.5,-4.5546,1,2089,frost_mj,Soft wheat,0.0340364719953725,crop
EC-Earth3,-4.5,-4.5546,1,2091,frost_mj,Soft wheat,0.0450229331532662,crop
EC-Earth3,-4.5,-4.5546,1,2092,frost_mj,Soft wheat,0.0437736307177536,crop
EC-Earth3,-4.5,-4.5546,1,2093,frost_mj,Soft wheat,0.0408798673764847,crop
EC-Earth3,-4.5,-4.5546,1,2094,frost_mj,Soft wheat,0.050997746692923,crop
EC-Earth3,-3.5,-3.4737,1,2095,frost_mj,Soft wheat,0.0408466853422899,crop
EC-Earth3,-3.5,-3.4737,1,2096,frost_mj,Soft wheat,0.0492378454879726,crop
EC-Earth3,-3.5,-3.4737,1,2097,frost_mj,Soft wheat,0.0434998434808674,crop
EC-Earth3,-3.5,-3.4737,1,2099,frost_mj,Soft wheat,0.0480679953241137,crop
EC-Earth3,-4.5,-4.5546,1,2100,frost_mj,Soft wheat,0.0489330774595191,crop
EC-Earth3,-2.5,-2.5448,1,2071,precip_mj,Soft wheat,-0.0367126426193288,crop
EC-Earth3,-2.5,-2.5448,1,2072,precip_mj,Soft wheat,0.007953146984463,crop
EC-Earth3,-2.5,-2.5448,1,2073,precip_mj,Soft wheat,-0.0242195029283752,crop
EC-Earth3,-2.5,-2.5448,1,2075,precip_mj,Soft wheat,-0.0273003491094743,crop
EC-Earth3,-2.5,-2.5448,1,2076,precip_mj,Soft wheat,-0.0392042053578407,crop
EC-Earth3,-2.5,-2.5448,1,2077,precip_mj,Soft wheat,-0.034639973936438,crop
EC-Earth3,-3.5,-3.4737,1,2078,precip_mj,Soft wheat,0.0279362120803911,crop
EC-Earth3,-2.5,-2.5448,1,2079,precip_mj,Soft wheat,-0.00731351903301743,crop
EC-Earth3,-2.5,-2.5448,1,2080,precip_mj,Soft wheat,-0.0427473186136705,crop
EC-Earth3,-2.5,-2.5448,1,2081,precip_mj,Soft wheat,0.0227410437298783,crop
EC-Earth3,-4.5,-4.5546,1,2082,precip_mj,Soft wheat,0.0776823980688185,crop
EC-Earth3,-4.5,-4.5546,1,2083,precip_mj,Soft wheat,0.0533966668866044,crop
EC-Earth3,-2.5,-2.5448,1,2084,precip_mj,Soft wheat,-0.0376223779874746,crop
EC-Earth3,-2.5,-2.5448,1,2085,precip_mj,Soft wheat,-0.0581264116168409,crop
EC-Earth3,-3.5,-3.4737,1,2086,precip_mj,Soft wheat,-0.0364719227001433,crop
EC-Earth3,-3.5,-3.4737,1,2087,precip_mj,Soft wheat,-0.0797547775388834,crop
EC-Earth3,-3.5,-3.4737,1,2088,precip_mj,Soft wheat,0.0304600231775733,crop
EC-Earth3,-4.5,-4.5546,1,2089,precip_mj,Soft wheat,0.0456199860655659,crop
EC-Earth3,-4.5,-4.5546,1,2091,precip_mj,Soft wheat,-0.0487050233963152,crop
EC-Earth3,-4.5,-4.5546,1,2092,precip_mj,Soft wheat,-0.0565190197111191,crop
EC-Earth3,-4.5,-4.5546,1,2093,precip_mj,Soft wheat,-0.0277346422364437,crop
EC-Earth3,-4.5,-4.5546,1,2094,precip_mj,Soft wheat,-0.0266180572805295,crop
EC-Earth3,-3.5,-3.4737,1,2095,precip_mj,Soft wheat,-0.0903617087759391,crop
EC-Earth3,-3.5,-3.4737,1,2096,precip_mj,Soft wheat,-0.183069863110622,crop
EC-Earth3,-3.5,-3.4737,1,2097,precip_mj,Soft wheat,-0.0388714770719793,crop
EC-Earth3,-3.5,-3.4737,1,2099,precip_mj,Soft wheat,0.0455596593472092,crop
EC-Earth3,-4.5,-4.5546,1,2100,precip_mj,Soft wheat,0.0054210212487808,crop
EC-Earth3,-2.5,-2.5448,1,2071,precip_mj2,Soft wheat,0.0212207503014096,crop
EC-Earth3,-2.5,-2.5448,1,2072,precip_mj2,Soft wheat,-0.0201085202584885,crop
EC-Earth3,-2.5,-2.5448,1,2073,precip_mj2,Soft wheat,0.0160085276971519,crop
EC-Earth3,-2.5,-2.5448,1,2075,precip_mj2,Soft wheat,0.016758304884411,crop
EC-Earth3,-2.5,-2.5448,1,2076,precip_mj2,Soft wheat,0.0245198148475146,crop
EC-Earth3,-2.5,-2.5448,1,2077,precip_mj2,Soft wheat,0.0249216698866122,crop
EC-Earth3,-3.5,-3.4737,1,2078,precip_mj2,Soft wheat,-0.0388625097103945,crop
EC-Earth3,-2.5,-2.5448,1,2079,precip_mj2,Soft wheat,-0.00839584068311635,crop
EC-Earth3,-2.5,-2.5448,1,2080,precip_mj2,Soft wheat,0.0139654544502791,crop
EC-Earth3,-2.5,-2.5448,1,2081,precip_mj2,Soft wheat,-0.0295422536652569,crop
EC-Earth3,-4.5,-4.5546,1,2082,precip_mj2,Soft wheat,-0.0862149102741233,crop
EC-Earth3,-4.5,-4.5546,1,2083,precip_mj2,Soft wheat,-0.0603199375459675,crop
EC-Earth3,-2.5,-2.5448,1,2084,precip_mj2,Soft wheat,0.018201180793329,crop
EC-Earth3,-2.5,-2.5448,1,2085,precip_mj2,Soft wheat,0.0379468903702949,crop
EC-Earth3,-3.5,-3.4737,1,2086,precip_mj2,Soft wheat,0.0182439515508605,crop
EC-Earth3,-3.5,-3.4737,1,2087,precip_mj2,Soft wheat,0.0552758348474998,crop
EC-Earth3,-3.5,-3.4737,1,2088,precip_mj2,Soft wheat,-0.0479553402286377,crop
EC-Earth3,-4.5,-4.5546,1,2089,precip_mj2,Soft wheat,-0.0492637833080694,crop
EC-Earth3,-4.5,-4.5546,1,2091,precip_mj2,Soft wheat,0.0300310649736255,crop
EC-Earth3,-4.5,-4.5546,1,2092,precip_mj2,Soft wheat,0.0393163861589586,crop
EC-Earth3,-4.5,-4.5546,1,2093,precip_mj2,Soft wheat,0.0147171791794198,crop
EC-Earth3,-4.5,-4.5546,1,2094,precip_mj2,Soft wheat,0.00834724918948861,crop
EC-Earth3,-3.5,-3.4737,1,2095,precip_mj2,Soft wheat,0.0610810172034875,crop
EC-Earth3,-3.5,-3.4737,1,2096,precip_mj2,Soft wheat,0.109517300510865,crop
EC-Earth3,-3.5,-3.4737,1,2097,precip_mj2,Soft wheat,0.0175739492224916,crop
EC-Earth3,-3.5,-3.4737,1,2099,precip_mj2,Soft wheat,-0.0687027037069127,crop
EC-Earth3,-4.5,-4.5546,1,2100,precip_mj2,Soft wheat,-0.0188666105719238,crop
EC-Earth3,-2.5,-2.5448,1,2071,gdd_mj,Spring barley,-0.377745531035638,crop
EC-Earth3,-2.5,-2.5448,1,2072,gdd_mj,Spring barley,-0.286133365740666,crop
EC-Earth3,-2.5,-2.5448,1,2073,gdd_mj,Spring barley,-0.315100131760205,crop
EC-Earth3,-2.5,-2.5448,1,2075,gdd_mj,Spring barley,-0.361376691939325,crop
EC-Earth3,-2.5,-2.5448,1,2076,gdd_mj,Spring barley,-0.385007663607742,crop
EC-Earth3,-2.5,-2.5448,1,2077,gdd_mj,Spring barley,-0.26998216377823,crop
EC-Earth3,-3.5,-3.4737,1,2078,gdd_mj,Spring barley,-0.354783202181035,crop
EC-Earth3,-2.5,-2.5448,1,2079,gdd_mj,Spring barley,-0.320856141666178,crop
EC-Earth3,-2.5,-2.5448,1,2080,gdd_mj,Spring barley,-0.382737605670171,crop
EC-Earth3,-2.5,-2.5448,1,2081,gdd_mj,Spring barley,-0.302617995255997,crop
EC-Earth3,-4.5,-4.5546,1,2082,gdd_mj,Spring barley,-0.285824106356629,crop
EC-Earth3,-4.5,-4.5546,1,2083,gdd_mj,Spring barley,-0.288143564142045,crop
EC-Earth3,-2.5,-2.5448,1,2084,gdd_mj,Spring barley,-0.34253632630808,crop
EC-Earth3,-2.5,-2.5448,1,2085,gdd_mj,Spring barley,-0.411212099385855,crop
EC-Earth3,-3.5,-3.4737,1,2086,gdd_mj,Spring barley,-0.429029771429422,crop
EC-Earth3,-3.5,-3.4737,1,2087,gdd_mj,Spring barley,-0.382943278512898,crop
EC-Earth3,-3.5,-3.4737,1,2088,gdd_mj,Spring barley,-0.369743664150618,crop
EC-Earth3,-4.5,-4.5546,1,2089,gdd_mj,Spring barley,-0.357454965559955,crop
EC-Earth3,-4.5,-4.5546,1,2091,gdd_mj,Spring barley,-0.447645834482959,crop
EC-Earth3,-4.5,-4.5546,1,2092,gdd_mj,Spring barley,-0.386057888275696,crop
EC-Earth3,-4.5,-4.5546,1,2093,gdd_mj,Spring barley,-0.3819849458087,crop
EC-Earth3,-4.5,-4.5546,1,2094,gdd_mj,Spring barley,-0.457952018650987,crop
EC-Earth3,-3.5,-3.4737,1,2095,gdd_mj,Spring barley,-0.389207673365779,crop
EC-Earth3,-3.5,-3.4737,1,2096,gdd_mj,Spring barley,-0.614918757021159,crop
EC-Earth3,-3.5,-3.4737,1,2097,gdd_mj,Spring barley,-0.449516001036047,crop
EC-Earth3,-3.5,-3.4737,1,2099,gdd_mj,Spring barley,-0.400413745648082,crop
EC-Earth3,-4.5,-4.5546,1,2100,gdd_mj,Spring barley,-0.441394065281433,crop
EC-Earth3,-2.5,-2.5448,1,2071,heat_mj,Spring barley,-0.157013239564299,crop
EC-Earth3,-2.5,-2.5448,1,2072,heat_mj,Spring barley,-0.135921338357025,crop
EC-Earth3,-2.5,-2.5448,1,2073,heat_mj,Spring barley,-0.121711756018927,crop
EC-Earth3,-2.5,-2.5448,1,2075,heat_mj,Spring barley,-0.138856434610219,crop
EC-Earth3,-2.5,-2.5448,1,2076,heat_mj,Spring barley,-0.127503841324755,crop
EC-Earth3,-2.5,-2.5448,1,2077,heat_mj,Spring barley,-0.132602597254763,crop
EC-Earth3,-3.5,-3.4737,1,2078,heat_mj,Spring barley,-0.109421375158837,crop
EC-Earth3,-2.5,-2.5448,1,2079,heat_mj,Spring barley,-0.146989198056401,crop
EC-Earth3,-2.5,-2.5448,1,2080,heat_mj,Spring barley,-0.153098753645793,crop
EC-Earth3,-2.5,-2.5448,1,2081,heat_mj,Spring barley,-0.0976595860533698,crop
EC-Earth3,-4.5,-4.5546,1,2082,heat_mj,Spring barley,-0.0754435334569809,crop
EC-Earth3,-4.5,-4.5546,1,2083,heat_mj,Spring barley,-0.0645187090257162,crop
EC-Earth3,-2.5,-2.5448,1,2084,heat_mj,Spring barley,-0.167462692276181,crop
EC-Earth3,-2.5,-2.5448,1,2085,heat_mj,Spring barley,-0.199415804002184,crop
EC-Earth3,-3.5,-3.4737,1,2086,heat_mj,Spring barley,-0.162086278558689,crop
EC-Earth3,-3.5,-3.4737,1,2087,heat_mj,Spring barley,-0.156225249027707,crop
EC-Earth3,-3.5,-3.4737,1,2088,heat_mj,Spring barley,-0.12573014288667,crop
EC-Earth3,-4.5,-4.5546,1,2089,heat_mj,Spring barley,-0.120499513577248,crop
EC-Earth3,-4.5,-4.5546,1,2091,heat_mj,Spring barley,-0.177218358888936,crop
EC-Earth3,-4.5,-4.5546,1,2092,heat_mj,Spring barley,-0.173550931739068,crop
EC-Earth3,-4.5,-4.5546,1,2093,heat_mj,Spring barley,-0.210130275646534,crop
EC-Earth3,-4.5,-4.5546,1,2094,heat_mj,Spring barley,-0.178496936511892,crop
EC-Earth3,-3.5,-3.4737,1,2095,heat_mj,Spring barley,-0.169671073616947,crop
EC-Earth3,-3.5,-3.4737,1,2096,heat_mj,Spring barley,-0.328002637024323,crop
EC-Earth3,-3.5,-3.4737,1,2097,heat_mj,Spring barley,-0.19142511944334,crop
EC-Earth3,-3.5,-3.4737,1,2099,heat_mj,Spring barley,-0.156880384121704,crop
EC-Earth3,-4.5,-4.5546,1,2100,heat_mj,Spring barley,-0.203108404247938,crop
EC-Earth3,-2.5,-2.5448,1,2071,frost_mj,Spring barley,0.0331544157632606,crop
EC-Earth3,-2.5,-2.5448,1,2072,frost_mj,Spring barley,0.0283791118922973,crop
EC-Earth3,-2.5,-2.5448,1,2073,frost_mj,Spring barley,0.0261757954103326,crop
EC-Earth3,-2.5,-2.5448,1,2075,frost_mj,Spring barley,0.0277817151271924,crop
EC-Earth3,-2.5,-2.5448,1,2076,frost_mj,Spring barley,0.0338765237610844,crop
EC-Earth3,-2.5,-2.5448,1,2077,frost_mj,Spring barley,0.0161820372647599,crop
EC-Earth3,-3.5,-3.4737,1,2078,frost_mj,Spring barley,0.0336288872981819,crop
EC-Earth3,-2.5,-2.5448,1,2079,frost_mj,Spring barley,0.0297188014632846,crop
EC-Earth3,-2.5,-2.5448,1,2080,frost_mj,Spring barley,0.0350978855267005,crop
EC-Earth3,-2.5,-2.5448,1,2081,frost_mj,Spring barley,0.0303655280593075,crop
EC-Earth3,-4.5,-4.5546,1,2082,frost_mj,Spring barley,0.0221440285917352,crop
EC-Earth3,-4.5,-4.5546,1,2083,frost_mj,Spring barley,0.0339096872308712,crop
EC-Earth3,-2.5,-2.5448,1,2084,frost_mj,Spring barley,0.029430969754083,crop
EC-Earth3,-2.5,-2.5448,1,2085,frost_mj,Spring barley,0.0341449577073944,crop
EC-Earth3,-3.5,-3.4737,1,2086,frost_mj,Spring barley,0.037202950151781,crop
EC-Earth3,-3.5,-3.4737,1,2087,frost_mj,Spring barley,0.0280058426332802,crop
EC-Earth3,-3.5,-3.4737,1,2088,frost_mj,Spring barley,0.0375479901201349,crop
EC-Earth3,-4.5,-4.5546,1,2089,frost_mj,Spring barley,0.0279086947423912,crop
EC-Earth3,-4.5,-4.5546,1,2091,frost_mj,Spring barley,0.0365277223268078,crop
EC-Earth3,-4.5,-4.5546,1,2092,frost_mj,Spring barley,0.0335904521031393,crop
EC-Earth3,-4.5,-4.5546,1,2093,frost_mj,Spring barley,0.0325375986222231,crop
EC-Earth3,-4.5,-4.5546,1,2094,frost_mj,Spring barley,0.0371134836844174,crop
EC-Earth3,-3.5,-3.4737,1,2095,frost_mj,Spring barley,0.0323415636045366,crop
EC-Earth3,-3.5,-3.4737,1,2096,frost_mj,Spring barley,0.0386023421212011,crop
EC-Earth3,-3.5,-3.4737,1,2097,frost_mj,Spring barley,0.0327449654089981,crop
EC-Earth3,-3.5,-3.4737,1,2099,frost_mj,Spring barley,0.036246353038612,crop
EC-Earth3,-4.5,-4.5546,1,2100,frost_mj,Spring barley,0.0370116770850221,crop
EC-Earth3,-2.5,-2.5448,1,2071,precip_mj,Spring barley,-0.00319433447084538,crop
EC-Earth3,-2.5,-2.5448,1,2072,precip_mj,Spring barley,0.00935003019479924,crop
EC-Earth3,-2.5,-2.5448,1,2073,precip_mj,Spring barley,-0.0428756279571968,crop
EC-Earth3,-2.5,-2.5448,1,2075,precip_mj,Spring barley,-0.0446916940487038,crop
EC-Earth3,-2.5,-2.5448,1,2076,precip_mj,Spring barley,-0.0309746727990566,crop
EC-Earth3,-2.5,-2.5448,1,2077,precip_mj,Spring barley,-0.0187725906448673,crop
EC-Earth3,-3.5,-3.4737,1,2078,precip_mj,Spring barley,0.0300886499198222,crop
EC-Earth3,-2.5,-2.5448,1,2079,precip_mj,Spring barley,-0.00702259268826231,crop
EC-Earth3,-2.5,-2.5448,1,2080,precip_mj,Spring barley,-0.0133996817233628,crop
EC-Earth3,-2.5,-2.5448,1,2081,precip_mj,Spring barley,0.0361546364777925,crop
EC-Earth3,-4.5,-4.5546,1,2082,precip_mj,Spring barley,0.0744656676194709,crop
EC-Earth3,-4.5,-4.5546,1,2083,precip_mj,Spring barley,0.11726593991834,crop
EC-Earth3,-2.5,-2.5448,1,2084,precip_mj,Spring barley,-0.0663348864213466,crop
EC-Earth3,-2.5,-2.5448,1,2085,precip_mj,Spring barley,-0.0573577879499284,crop
EC-Earth3,-3.5,-3.4737,1,2086,precip_mj,Spring barley,-0.0435277681754352,crop
EC-Earth3,-3.5,-3.4737,1,2087,precip_mj,Spring barley,-0.0576021540993792,crop
EC-Earth3,-3.5,-3.4737,1,2088,precip_mj,Spring barley,0.0430920192969895,crop
EC-Earth3,-4.5,-4.5546,1,2089,precip_mj,Spring barley,0.0618128746131953,crop
EC-Earth3,-4.5,-4.5546,1,2091,precip_mj,Spring barley,-0.0304400321933751,crop
EC-Earth3,-4.5,-4.5546,1,2092,precip_mj,Spring barley,-0.0696837006333849,crop
EC-Earth3,-4.5,-4.5546,1,2093,precip_mj,Spring barley,-0.0163968963674209,crop
EC-Earth3,-4.5,-4.5546,1,2094,precip_mj,Spring barley,-0.0170469636090061,crop
EC-Earth3,-3.5,-3.4737,1,2095,precip_mj,Spring barley,-0.069080214338792,crop
EC-Earth3,-3.5,-3.4737,1,2096,precip_mj,Spring barley,-0.158925258560377,crop
EC-Earth3,-3.5,-3.4737,1,2097,precip_mj,Spring barley,0.0101786731607107,crop
EC-Earth3,-3.5,-3.4737,1,2099,precip_mj,Spring barley,0.0187305785286627,crop
EC-Earth3,-4.5,-4.5546,1,2100,precip_mj,Spring barley,-0.0100336236696891,crop
EC-Earth3,-2.5,-2.5448,1,2071,precip_mj2,Spring barley,-0.0134593939593998,crop
EC-Earth3,-2.5,-2.5448,1,2072,precip_mj2,Spring barley,-0.0400968570239575,crop
EC-Earth3,-2.5,-2.5448,1,2073,precip_mj2,Spring barley,0.0171641578189809,crop
EC-Earth3,-2.5,-2.5448,1,2075,precip_mj2,Spring barley,0.0236250191873053,crop
EC-Earth3,-2.5,-2.5448,1,2076,precip_mj2,Spring barley,0.0130099946951833,crop
EC-Earth3,-2.5,-2.5448,1,2077,precip_mj2,Spring barley,0.0078120783385539,crop
EC-Earth3,-3.5,-3.4737,1,2078,precip_mj2,Spring barley,-0.0469843584803251,crop
EC-Earth3,-2.5,-2.5448,1,2079,precip_mj2,Spring barley,-0.0171726328944574,crop
EC-Earth3,-2.5,-2.5448,1,2080,precip_mj2,Spring barley,-0.0411470901913909,crop
EC-Earth3,-2.5,-2.5448,1,2081,precip_mj2,Spring barley,-0.0391512138931795,crop
EC-Earth3,-4.5,-4.5546,1,2082,precip_mj2,Spring barley,-0.0773856831393754,crop
EC-Earth3,-4.5,-4.5546,1,2083,precip_mj2,Spring barley,-0.114006144530124,crop
EC-Earth3,-2.5,-2.5448,1,2084,precip_mj2,Spring barley,0.0187942664795106,crop
EC-Earth3,-2.5,-2.5448,1,2085,precip_mj2,Spring barley,0.02657914139727,crop
EC-Earth3,-3.5,-3.4737,1,2086,precip_mj2,Spring barley,0.00182007640054323,crop
EC-Earth3,-3.5,-3.4737,1,2087,precip_mj2,Spring barley,0.0268144537806195,crop
EC-Earth3,-3.5,-3.4737,1,2088,precip_mj2,Spring barley,-0.0669231390434663,crop
EC-Earth3,-4.5,-4.5546,1,2089,precip_mj2,Spring barley,-0.0598285194319307,crop
EC-Earth3,-4.5,-4.5546,1,2091,precip_mj2,Spring barley,-0.00490122566854541,crop
EC-Earth3,-4.5,-4.5546,1,2092,precip_mj2,Spring barley,0.030517982874506,crop
EC-Earth3,-4.5,-4.5546,1,2093,precip_mj2,Spring barley,-0.00869756744713487,crop
EC-Earth3,-4.5,-4.5546,1,2094,precip_mj2,Spring barley,-0.0131111966832456,crop
EC-Earth3,-3.5,-3.4737,1,2095,precip_mj2,Spring barley,0.0373733700114633,crop
EC-Earth3,-3.5,-3.4737,1,2096,precip_mj2,Spring barley,0.0712751243703997,crop
EC-Earth3,-3.5,-3.4737,1,2097,precip_mj2,Spring barley,-0.0343169500523234,crop
EC-Earth3,-3.5,-3.4737,1,2099,precip_mj2,Spring barley,-0.0542091229595502,crop
EC-Earth3,-4.5,-4.5546,1,2100,precip_mj2,Spring barley,-0.0315006216191171,crop
EC-Earth3,-2.5,-2.5448,1,2071,gdd_mj,Winter barley,-0.417696796993724,crop
EC-Earth3,-2.5,-2.5448,1,2072,gdd_mj,Winter barley,-0.269229429439946,crop
EC-Earth3,-2.5,-2.5448,1,2073,gdd_mj,Winter barley,-0.319097132413457,crop
EC-Earth3,-2.5,-2.5448,1,2075,gdd_mj,Winter barley,-0.383187068224472,crop
EC-Earth3,-2.5,-2.5448,1,2076,gdd_mj,Winter barley,-0.427887495436893,crop
EC-Earth3,-2.5,-2.5448,1,2077,gdd_mj,Winter barley,-0.277096689227148,crop
EC-Earth3,-3.5,-3.4737,1,2078,gdd_mj,Winter barley,-0.369729370860451,crop
EC-Earth3,-2.5,-2.5448,1,2079,gdd_mj,Winter barley,-0.374085848490396,crop
EC-Earth3,-2.5,-2.5448,1,2080,gdd_mj,Winter barley,-0.358588139824669,crop
EC-Earth3,-2.5,-2.5448,1,2081,gdd_mj,Winter barley,-0.32240089584261,crop
EC-Earth3,-4.5,-4.5546,1,2082,gdd_mj,Winter barley,-0.292071533942146,crop
EC-Earth3,-4.5,-4.5546,1,2083,gdd_mj,Winter barley,-0.317267643355387,crop
EC-Earth3,-2.5,-2.5448,1,2084,gdd_mj,Winter barley,-0.278736150431194,crop
EC-Earth3,-2.5,-2.5448,1,2085,gdd_mj,Winter barley,-0.436724241025987,crop
EC-Earth3,-3.5,-3.4737,1,2086,gdd_mj,Winter barley,-0.429518914868502,crop
EC-Earth3,-3.5,-3.4737,1,2087,gdd_mj,Winter barley,-0.423411396249059,crop
EC-Earth3,-3.5,-3.4737,1,2088,gdd_mj,Winter barley,-0.363687681405841,crop
EC-Earth3,-4.5,-4.5546,1,2089,gdd_mj,Winter barley,-0.381159378861025,crop
EC-Earth3,-4.5,-4.5546,1,2091,gdd_mj,Winter barley,-0.449959151957205,crop
EC-Earth3,-4.5,-4.5546,1,2092,gdd_mj,Winter barley,-0.397562049127628,crop
EC-Earth3,-4.5,-4.5546,1,2093,gdd_mj,Winter barley,-0.39311311455763,crop
EC-Earth3,-4.5,-4.5546,1,2094,gdd_mj,Winter barley,-0.483958871315262,crop
EC-Earth3,-3.5,-3.4737,1,2095,gdd_mj,Winter barley,-0.393624046987672,crop
EC-Earth3,-3.5,-3.4737,1,2096,gdd_mj,Winter barley,-0.687052567277411,crop
EC-Earth3,-3.5,-3.4737,1,2097,gdd_mj,Winter barley,-0.48211109917375,crop
EC-Earth3,-3.5,-3.4737,1,2099,gdd_mj,Winter barley,-0.395074681886833,crop
EC-Earth3,-4.5,-4.5546,1,2100,gdd_mj,Winter barley,-0.416237841078774,crop
EC-Earth3,-2.5,-2.5448,1,2071,heat_mj,Winter barley,0.112562670132553,crop
EC-Earth3,-2.5,-2.5448,1,2072,heat_mj,Winter barley,0.0755122310683869,crop
EC-Earth3,-2.5,-2.5448,1,2073,heat_mj,Winter barley,0.0899050042426896,crop
EC-Earth3,-2.5,-2.5448,1,2075,heat_mj,Winter barley,0.102653123081995,crop
EC-Earth3,-2.5,-2.5448,1,2076,heat_mj,Winter barley,0.096714082151636,crop
EC-Earth3,-2.5,-2.5448,1,2077,heat_mj,Winter barley,0.0973923115310837,crop
EC-Earth3,-3.5,-3.4737,1,2078,heat_mj,Winter barley,0.0862880470492289,crop
EC-Earth3,-2.5,-2.5448,1,2079,heat_mj,Winter barley,0.105381115459485,crop
EC-Earth3,-2.5,-2.5448,1,2080,heat_mj,Winter barley,0.0866084526185246,crop
EC-Earth3,-2.5,-2.5448,1,2081,heat_mj,Winter barley,0.0674726505833851,crop
EC-Earth3,-4.5,-4.5546,1,2082,heat_mj,Winter barley,0.0550174155728872,crop
EC-Earth3,-4.5,-4.5546,1,2083,heat_mj,Winter barley,0.0484461032131814,crop
EC-Earth3,-2.5,-2.5448,1,2084,heat_mj,Winter barley,0.0849549229975788,crop
EC-Earth3,-2.5,-2.5448,1,2085,heat_mj,Winter barley,0.140300188233544,crop
EC-Earth3,-3.5,-3.4737,1,2086,heat_mj,Winter barley,0.100579080771509,crop
EC-Earth3,-3.5,-3.4737,1,2087,heat_mj,Winter barley,0.113998591416314,crop
EC-Earth3,-3.5,-3.4737,1,2088,heat_mj,Winter barley,0.0764861233299111,crop
EC-Earth3,-4.5,-4.5546,1,2089,heat_mj,Winter barley,0.0839812513582105,crop
EC-Earth3,-4.5,-4.5546,1,2091,heat_mj,Winter barley,0.113726367809772,crop
EC-Earth3,-4.5,-4.5546,1,2092,heat_mj,Winter barley,0.115396570133344,crop
EC-Earth3,-4.5,-4.5546,1,2093,heat_mj,Winter barley,0.137670167112844,crop
EC-Earth3,-4.5,-4.5546,1,2094,heat_mj,Winter barley,0.109076848609695,crop
EC-Earth3,-3.5,-3.4737,1,2095,heat_mj,Winter barley,0.120846169417413,crop
EC-Earth3,-3.5,-3.4737,1,2096,heat_mj,Winter barley,0.246575497731662,crop
EC-Earth3,-3.5,-3.4737,1,2097,heat_mj,Winter barley,0.155261106779633,crop
EC-Earth3,-3.5,-3.4737,1,2099,heat_mj,Winter barley,0.105546599137904,crop
EC-Earth3,-4.5,-4.5546,1,2100,heat_mj,Winter barley,0.11076902049809,crop
EC-Earth3,-2.5,-2.5448,1,2071,frost_mj,Winter barley,0.0433819716777014,crop
EC-Earth3,-2.5,-2.5448,1,2072,frost_mj,Winter barley,0.037484829053989,crop
EC-Earth3,-2.5,-2.5448,1,2073,frost_mj,Winter barley,0.0250539344647208,crop
EC-Earth3,-2.5,-2.5448,1,2075,frost_mj,Winter barley,0.0339039646940426,crop
EC-Earth3,-2.5,-2.5448,1,2076,frost_mj,Winter barley,0.0436808348292896,crop
EC-Earth3,-2.5,-2.5448,1,2077,frost_mj,Winter barley,0.0114008093649503,crop
EC-Earth3,-3.5,-3.4737,1,2078,frost_mj,Winter barley,0.0428658997446302,crop
EC-Earth3,-2.5,-2.5448,1,2079,frost_mj,Winter barley,0.043076762345688,crop
EC-Earth3,-2.5,-2.5448,1,2080,frost_mj,Winter barley,0.0445533534302086,crop
EC-Earth3,-2.5,-2.5448,1,2081,frost_mj,Winter barley,0.0400635818119404,crop
EC-Earth3,-4.5,-4.5546,1,2082,frost_mj,Winter barley,0.0263302356054755,crop
EC-Earth3,-4.5,-4.5546,1,2083,frost_mj,Winter barley,0.0468044761102911,crop
EC-Earth3,-2.5,-2.5448,1,2084,frost_mj,Winter barley,0.0346300388179648,crop
EC-Earth3,-2.5,-2.5448,1,2085,frost_mj,Winter barley,0.0442063577972433,crop
EC-Earth3,-3.5,-3.4737,1,2086,frost_mj,Winter barley,0.0475517215615545,crop
EC-Earth3,-3.5,-3.4737,1,2087,frost_mj,Winter barley,0.0317513239058866,crop
EC-Earth3,-3.5,-3.4737,1,2088,frost_mj,Winter barley,0.0473530267596458,crop
EC-Earth3,-4.5,-4.5546,1,2089,frost_mj,Winter barley,0.0319977755737401,crop
EC-Earth3,-4.5,-4.5546,1,2091,frost_mj,Winter barley,0.0450230060475259,crop
EC-Earth3,-4.5,-4.5546,1,2092,frost_mj,Winter barley,0.0444990201982606,crop
EC-Earth3,-4.5,-4.5546,1,2093,frost_mj,Winter barley,0.0395183502555501,crop
EC-Earth3,-4.5,-4.5546,1,2094,frost_mj,Winter barley,0.0509004863956523,crop
EC-Earth3,-3.5,-3.4737,1,2095,frost_mj,Winter barley,0.0388619128950061,crop
EC-Earth3,-3.5,-3.4737,1,2096,frost_mj,Winter barley,0.0489178744442743,crop
EC-Earth3,-3.5,-3.4737,1,2097,frost_mj,Winter barley,0.0406595222363991,crop
EC-Earth3,-3.5,-3.4737,1,2099,frost_mj,Winter barley,0.0474178243179395,crop
EC-Earth3,-4.5,-4.5546,1,2100,frost_mj,Winter barley,0.0479277853854657,crop
EC-Earth3,-2.5,-2.5448,1,2071,precip_mj,Winter barley,-0.0354714895781407,crop
EC-Earth3,-2.5,-2.5448,1,2072,precip_mj,Winter barley,-0.013438530512697,crop
EC-Earth3,-2.5,-2.5448,1,2073,precip_mj,Winter barley,-0.0418168937550104,crop
EC-Earth3,-2.5,-2.5448,1,2075,precip_mj,Winter barley,-0.0298404163535789,crop
EC-Earth3,-2.5,-2.5448,1,2076,precip_mj,Winter barley,-0.0375233781729716,crop
EC-Earth3,-2.5,-2.5448,1,2077,precip_mj,Winter barley,-0.0384393816740614,crop
EC-Earth3,-3.5,-3.4737,1,2078,precip_mj,Winter barley,0.0275716147446882,crop
EC-Earth3,-2.5,-2.5448,1,2079,precip_mj,Winter barley,-0.0019323430763062,crop
EC-Earth3,-2.5,-2.5448,1,2080,precip_mj,Winter barley,-0.0686529577885788,crop
EC-Earth3,-2.5,-2.5448,1,2081,precip_mj,Winter barley,0.0220376237709546,crop
EC-Earth3,-4.5,-4.5546,1,2082,precip_mj,Winter barley,0.0876664703084704,crop
EC-Earth3,-4.5,-4.5546,1,2083,precip_mj,Winter barley,0.054680549926751,crop
EC-Earth3,-2.5,-2.5448,1,2084,precip_mj,Winter barley,-0.0703330815636744,crop
EC-Earth3,-2.5,-2.5448,1,2085,precip_mj,Winter barley,-0.0615635281441813,crop
EC-Earth3,-3.5,-3.4737,1,2086,precip_mj,Winter barley,-0.0753097847036014,crop
EC-Earth3,-3.5,-3.4737,1,2087,precip_mj,Winter barley,-0.0988184932555928,crop
EC-Earth3,-3.5,-3.4737,1,2088,precip_mj,Winter barley,0.0420045361134999,crop
EC-Earth3,-4.5,-4.5546,1,2089,precip_mj,Winter barley,0.01855201872731,crop
EC-Earth3,-4.5,-4.5546,1,2091,precip_mj,Winter barley,-0.0736416966462018,crop
EC-Earth3,-4.5,-4.5546,1,2092,precip_mj,Winter barley,-0.0650149223148937,crop
EC-Earth3,-4.5,-4.5546,1,2093,precip_mj,Winter barley,-0.0436546406111789,crop
EC-Earth3,-4.5,-4.5546,1,2094,precip_mj,Winter barley,-0.0251167377608044,crop
EC-Earth3,-3.5,-3.4737,1,2095,precip_mj,Winter barley,-0.103893669158218,crop
EC-Earth3,-3.5,-3.4737,1,2096,precip_mj,Winter barley,-0.200249313494068,crop
EC-Earth3,-3.5,-3.4737,1,2097,precip_mj,Winter barley,-0.0103393455680525,crop
EC-Earth3,-3.5,-3.4737,1,2099,precip_mj,Winter barley,0.0619044933763239,crop
EC-Earth3,-4.5,-4.5546,1,2100,precip_mj,Winter barley,-0.00373781814062073,crop
EC-Earth3,-2.5,-2.5448,1,2071,precip_mj2,Winter barley,0.02177354728317,crop
EC-Earth3,-2.5,-2.5448,1,2072,precip_mj2,Winter barley,-0.00176516113622697,crop
EC-Earth3,-2.5,-2.5448,1,2073,precip_mj2,Winter barley,0.0289573986292271,crop
EC-Earth3,-2.5,-2.5448,1,2075,precip_mj2,Winter barley,0.017033539908644,crop
EC-Earth3,-2.5,-2.5448,1,2076,precip_mj2,Winter barley,0.0205968098069986,crop
EC-Earth3,-2.5,-2.5448,1,2077,precip_mj2,Winter barley,0.0298946523510259,crop
EC-Earth3,-3.5,-3.4737,1,2078,precip_mj2,Winter barley,-0.0434222728098398,crop
EC-Earth3,-2.5,-2.5448,1,2079,precip_mj2,Winter barley,-0.0157938849909742,crop
EC-Earth3,-2.5,-2.5448,1,2080,precip_mj2,Winter barley,0.0363065337883452,crop
EC-Earth3,-2.5,-2.5448,1,2081,precip_mj2,Winter barley,-0.0300058253353092,crop
EC-Earth3,-4.5,-4.5546,1,2082,precip_mj2,Winter barley,-0.0976196922112492,crop
EC-Earth3,-4.5,-4.5546,1,2083,precip_mj2,Winter barley,-0.0611437779442559,crop
EC-Earth3,-2.5,-2.5448,1,2084,precip_mj2,Winter barley,0.0426543045784504,crop
EC-Earth3,-2.5,-2.5448,1,2085,precip_mj2,Winter barley,0.0378891733137132,crop
EC-Earth3,-3.5,-3.4737,1,2086,precip_mj2,Winter barley,0.0517315458597281,crop
EC-Earth3,-3.5,-3.4737,1,2087,precip_mj2,Winter barley,0.0700190980655778,crop
EC-Earth3,-3.5,-3.4737,1,2088,precip_mj2,Winter barley,-0.0595542416093397,crop
EC-Earth3,-4.5,-4.5546,1,2089,precip_mj2,Winter barley,-0.0200349264897449,crop
EC-Earth3,-4.5,-4.5546,1,2091,precip_mj2,Winter barley,0.049003958770325,crop
EC-Earth3,-4.5,-4.5546,1,2092,precip_mj2,Winter barley,0.0420704337459431,crop
EC-Earth3,-4.5,-4.5546,1,2093,precip_mj2,Winter barley,0.027384240217106,crop
EC-Earth3,-4.5,-4.5546,1,2094,precip_mj2,Winter barley,0.00312487244199285,crop
EC-Earth3,-3.5,-3.4737,1,2095,precip_mj2,Winter barley,0.0716551507999473,crop
EC-Earth3,-3.5,-3.4737,1,2096,precip_mj2,Winter barley,0.120724930323466,crop
EC-Earth3,-3.5,-3.4737,1,2097,precip_mj2,Winter barley,-0.00204538081461561,crop
EC-Earth3,-3.5,-3.4737,1,2099,precip_mj2,Winter barley,-0.0908380333740016,crop
EC-Earth3,-4.5,-4.5546,1,2100,precip_mj2,Winter barley,-0.015976188623324,crop
EC-Earth3,-2.5,-2.5448,1,2071,gdd_mj,Durum wheat,-0.276208887272171,crop
EC-Earth3,-2.5,-2.5448,1,2072,gdd_mj,Durum wheat,-0.209820991327692,crop
EC-Earth3,-2.5,-2.5448,1,2073,gdd_mj,Durum wheat,-0.213281269973442,crop
EC-Earth3,-2.5,-2.5448,1,2075,gdd_mj,Durum wheat,-0.229653093125904,crop
EC-Earth3,-2.5,-2.5448,1,2076,gdd_mj,Durum wheat,-0.247606422559709,crop
EC-Earth3,-2.5,-2.5448,1,2077,gdd_mj,Durum wheat,-0.137278295901532,crop
EC-Earth3,-3.5,-3.4737,1,2078,gdd_mj,Durum wheat,-0.2281448462196,crop
EC-Earth3,-2.5,-2.5448,1,2079,gdd_mj,Durum wheat,-0.275537541632948,crop
EC-Earth3,-2.5,-2.5448,1,2080,gdd_mj,Durum wheat,-0.259241502863576,crop
EC-Earth3,-2.5,-2.5448,1,2081,gdd_mj,Durum wheat,-0.213981002998365,crop
EC-Earth3,-4.5,-4.5546,1,2082,gdd_mj,Durum wheat,-0.188136767019145,crop
EC-Earth3,-4.5,-4.5546,1,2083,gdd_mj,Durum wheat,-0.221810270887143,crop
EC-Earth3,-2.5,-2.5448,1,2084,gdd_mj,Durum wheat,-0.182862212423889,crop
EC-Earth3,-2.5,-2.5448,1,2085,gdd_mj,Durum wheat,-0.295598713861721,crop
EC-Earth3,-3.5,-3.4737,1,2086,gdd_mj,Durum wheat,-0.271849661019337,crop
EC-Earth3,-3.5,-3.4737,1,2087,gdd_mj,Durum wheat,-0.251030515419201,crop
EC-Earth3,-3.5,-3.4737,1,2088,gdd_mj,Durum wheat,-0.241513691134812,crop
EC-Earth3,-4.5,-4.5546,1,2089,gdd_mj,Durum wheat,-0.257696822928954,crop
EC-Earth3,-4.5,-4.5546,1,2091,gdd_mj,Durum wheat,-0.28646289571576,crop
EC-Earth3,-4.5,-4.5546,1,2092,gdd_mj,Durum wheat,-0.24306104881468,crop
EC-Earth3,-4.5,-4.5546,1,2093,gdd_mj,Durum wheat,-0.255209544260543,crop
EC-Earth3,-4.5,-4.5546,1,2094,gdd_mj,Durum wheat,-0.326675625068584,crop
EC-Earth3,-3.5,-3.4737,1,2095,gdd_mj,Durum wheat,-0.219166230046225,crop
EC-Earth3,-3.5,-3.4737,1,2096,gdd_mj,Durum wheat,-0.388662745428141,crop
EC-Earth3,-3.5,-3.4737,1,2097,gdd_mj,Durum wheat,-0.228950644099186,crop
EC-Earth3,-3.5,-3.4737,1,2099,gdd_mj,Durum wheat,-0.248354792160263,crop
EC-Earth3,-4.5,-4.5546,1,2100,gdd_mj,Durum wheat,-0.292702555702525,crop
EC-Earth3,-2.5,-2.5448,1,2071,heat_mj,Durum wheat,0.0928482543482684,crop
EC-Earth3,-2.5,-2.5448,1,2072,heat_mj,Durum wheat,0.0661876222179096,crop
EC-Earth3,-2.5,-2.5448,1,2073,heat_mj,Durum wheat,0.0872745434915727,crop
EC-Earth3,-2.5,-2.5448,1,2075,heat_mj,Durum wheat,0.0677083567080171,crop
EC-Earth3,-2.5,-2.5448,1,2076,heat_mj,Durum wheat,0.078263188667822,crop
EC-Earth3,-2.5,-2.5448,1,2077,heat_mj,Durum wheat,0.0649962821831317,crop
EC-Earth3,-3.5,-3.4737,1,2078,heat_mj,Durum wheat,0.0745473976150497,crop
EC-Earth3,-2.5,-2.5448,1,2079,heat_mj,Durum wheat,0.101569784319991,crop
EC-Earth3,-2.5,-2.5448,1,2080,heat_mj,Durum wheat,0.083024838910805,crop
EC-Earth3,-2.5,-2.5448,1,2081,heat_mj,Durum wheat,0.0811065133310194,crop
EC-Earth3,-4.5,-4.5546,1,2082,heat_mj,Durum wheat,0.0572834354889143,crop
EC-Earth3,-4.5,-4.5546,1,2083,heat_mj,Durum wheat,0.0532910289699953,crop
EC-Earth3,-2.5,-2.5448,1,2084,heat_mj,Durum wheat,0.0731662436721823,crop
EC-Earth3,-2.5,-2.5448,1,2085,heat_mj,Durum wheat,0.0975120191571037,crop
EC-Earth3,-3.5,-3.4737,1,2086,heat_mj,Durum wheat,0.0860680701752696,crop
EC-Earth3,-3.5,-3.4737,1,2087,heat_mj,Durum wheat,0.0815683637546667,crop
EC-Earth3,-3.5,-3.4737,1,2088,heat_mj,Durum wheat,0.0826732260303336,crop
EC-Earth3,-4.5,-4.5546,1,2089,heat_mj,Durum wheat,0.0704376444371328,crop
EC-Earth3,-4.5,-4.5546,1,2091,heat_mj,Durum wheat,0.105622301676831,crop
EC-Earth3,-4.5,-4.5546,1,2092,heat_mj,Durum wheat,0.0946817240845426,crop
EC-Earth3,-4.5,-4.5546,1,2093,heat_mj,Durum wheat,0.112272940355397,crop
EC-Earth3,-4.5,-4.5546,1,2094,heat_mj,Durum wheat,0.100985489914756,crop
EC-Earth3,-3.5,-3.4737,1,2095,heat_mj,Durum wheat,0.089070882018997,crop
EC-Earth3,-3.5,-3.4737,1,2096,heat_mj,Durum wheat,0.169392714956298,crop
EC-Earth3,-3.5,-3.4737,1,2097,heat_mj,Durum wheat,0.102282932158318,crop
EC-Earth3,-3.5,-3.4737,1,2099,heat_mj,Durum wheat,0.0901557729554726,crop
EC-Earth3,-4.5,-4.5546,1,2100,heat_mj,Durum wheat,0.110509148729968,crop
EC-Earth3,-2.5,-2.5448,1,2071,frost_mj,Durum wheat,0.0228176030288203,crop
EC-Earth3,-2.5,-2.5448,1,2072,frost_mj,Durum wheat,0.0214050141571991,crop
EC-Earth3,-2.5,-2.5448,1,2073,frost_mj,Durum wheat,0.0118440622345926,crop
EC-Earth3,-2.5,-2.5448,1,2075,frost_mj,Durum wheat,0.020466477933939,crop
EC-Earth3,-2.5,-2.5448,1,2076,frost_mj,Durum wheat,0.0189924077350707,crop
EC-Earth3,-2.5,-2.5448,1,2077,frost_mj,Durum wheat,0.00816648692220969,crop
EC-Earth3,-3.5,-3.4737,1,2078,frost_mj,Durum wheat,0.0249009854533394,crop
EC-Earth3,-2.5,-2.5448,1,2079,frost_mj,Durum wheat,0.0245010988774536,crop
EC-Earth3,-2.5,-2.5448,1,2080,frost_mj,Durum wheat,0.0232652052076585,crop
EC-Earth3,-2.5,-2.5448,1,2081,frost_mj,Durum wheat,0.0232112756666583,crop
EC-Earth3,-4.5,-4.5546,1,2082,frost_mj,Durum wheat,0.0160290363457493,crop
EC-Earth3,-4.5,-4.5546,1,2083,frost_mj,Durum wheat,0.0260766493342948,crop
EC-Earth3,-2.5,-2.5448,1,2084,frost_mj,Durum wheat,0.0188788105164272,crop
EC-Earth3,-2.5,-2.5448,1,2085,frost_mj,Durum wheat,0.0250212213166693,crop
EC-Earth3,-3.5,-3.4737,1,2086,frost_mj,Durum wheat,0.0250997208424943,crop
EC-Earth3,-3.5,-3.4737,1,2087,frost_mj,Durum wheat,0.0168835387875271,crop
EC-Earth3,-3.5,-3.4737,1,2088,frost_mj,Durum wheat,0.025529332708701,crop
EC-Earth3,-4.5,-4.5546,1,2089,frost_mj,Durum wheat,0.0227748287141082,crop
EC-Earth3,-4.5,-4.5546,1,2091,frost_mj,Durum wheat,0.0230294662806378,crop
EC-Earth3,-4.5,-4.5546,1,2092,frost_mj,Durum wheat,0.0240935553513939,crop
EC-Earth3,-4.5,-4.5546,1,2093,frost_mj,Durum wheat,0.0234124550508261,crop
EC-Earth3,-4.5,-4.5546,1,2094,frost_mj,Durum wheat,0.0271658942132346,crop
EC-Earth3,-3.5,-3.4737,1,2095,frost_mj,Durum wheat,0.0213021814548742,crop
EC-Earth3,-3.5,-3.4737,1,2096,frost_mj,Durum wheat,0.0262331130664841,crop
EC-Earth3,-3.5,-3.4737,1,2097,frost_mj,Durum wheat,0.0222633919015056,crop
EC-Earth3,-3.5,-3.4737,1,2099,frost_mj,Durum wheat,0.0249912355138355,crop
EC-Earth3,-4.5,-4.5546,1,2100,frost_mj,Durum wheat,0.0252939742549816,crop
EC-Earth3,-2.5,-2.5448,1,2071,precip_mj,Durum wheat,-0.0926026641215511,crop
EC-Earth3,-2.5,-2.5448,1,2072,precip_mj,Durum wheat,-0.110238728037824,crop
EC-Earth3,-2.5,-2.5448,1,2073,precip_mj,Durum wheat,-0.0859169571002872,crop
EC-Earth3,-2.5,-2.5448,1,2075,precip_mj,Durum wheat,-0.0777124373498947,crop
EC-Earth3,-2.5,-2.5448,1,2076,precip_mj,Durum wheat,-0.132902678604604,crop
EC-Earth3,-2.5,-2.5448,1,2077,precip_mj,Durum wheat,0.0577348470538481,crop
EC-Earth3,-3.5,-3.4737,1,2078,precip_mj,Durum wheat,-0.0610660335393457,crop
EC-Earth3,-2.5,-2.5448,1,2079,precip_mj,Durum wheat,-0.139620639244515,crop
EC-Earth3,-2.5,-2.5448,1,2080,precip_mj,Durum wheat,-0.168363413766102,crop
EC-Earth3,-2.5,-2.5448,1,2081,precip_mj,Durum wheat,-0.032484577531078,crop
EC-Earth3,-4.5,-4.5546,1,2082,precip_mj,Durum wheat,0.0720665474372405,crop
EC-Earth3,-4.5,-4.5546,1,2083,precip_mj,Durum wheat,-0.00140368473766375,crop
EC-Earth3,-2.5,-2.5448,1,2084,precip_mj,Durum wheat,-0.0367032407446077,crop
EC-Earth3,-2.5,-2.5448,1,2085,precip_mj,Durum wheat,-0.175980535372686,crop
EC-Earth3,-3.5,-3.4737,1,2086,precip_mj,Durum wheat,-0.113656549776745,crop
EC-Earth3,-3.5,-3.4737,1,2087,precip_mj,Durum wheat,-0.118223287068321,crop
EC-Earth3,-3.5,-3.4737,1,2088,precip_mj,Durum wheat,-0.0889651508738489,crop
EC-Earth3,-4.5,-4.5546,1,2089,precip_mj,Durum wheat,-0.0134342412480831,crop
EC-Earth3,-4.5,-4.5546,1,2091,precip_mj,Durum wheat,-0.155842910135373,crop
EC-Earth3,-4.5,-4.5546,1,2092,precip_mj,Durum wheat,-0.0927468292385299,crop
EC-Earth3,-4.5,-4.5546,1,2093,precip_mj,Durum wheat,-0.121185749287446,crop
EC-Earth3,-4.5,-4.5546,1,2094,precip_mj,Durum wheat,-0.141035595524648,crop
EC-Earth3,-3.5,-3.4737,1,2095,precip_mj,Durum wheat,-0.0347712747443541,crop
EC-Earth3,-3.5,-3.4737,1,2096,precip_mj,Durum wheat,-0.199750039657851,crop
EC-Earth3,-3.5,-3.4737,1,2097,precip_mj,Durum wheat,0.0556867459444854,crop
EC-Earth3,-3.5,-3.4737,1,2099,precip_mj,Durum wheat,-0.0848957956644312,crop
EC-Earth3,-4.5,-4.5546,1,2100,precip_mj,Durum wheat,-0.116229949200369,crop
EC-Earth3,-2.5,-2.5448,1,2071,precip_mj2,Durum wheat,0.0525147986390964,crop
EC-Earth3,-2.5,-2.5448,1,2072,precip_mj2,Durum wheat,0.0616844117047672,crop
EC-Earth3,-2.5,-2.5448,1,2073,precip_mj2,Durum wheat,0.0512759215892162,crop
EC-Earth3,-2.5,-2.5448,1,2075,precip_mj2,Durum wheat,0.0406921778337037,crop
EC-Earth3,-2.5,-2.5448,1,2076,precip_mj2,Durum wheat,0.0735005563136045,crop
EC-Earth3,-2.5,-2.5448,1,2077,precip_mj2,Durum wheat,-0.0508927404646028,crop
EC-Earth3,-3.5,-3.4737,1,2078,precip_mj2,Durum wheat,0.029514901985879,crop
EC-Earth3,-2.5,-2.5448,1,2079,precip_mj2,Durum wheat,0.0727840926662847,crop
EC-Earth3,-2.5,-2.5448,1,2080,precip_mj2,Durum wheat,0.086348787648329,crop
EC-Earth3,-2.5,-2.5448,1,2081,precip_mj2,Durum wheat,0.0128141377098831,crop
EC-Earth3,-4.5,-4.5546,1,2082,precip_mj2,Durum wheat,-0.0744794914976552,crop
EC-Earth3,-4.5,-4.5546,1,2083,precip_mj2,Durum wheat,-0.0147771973262012,crop
EC-Earth3,-2.5,-2.5448,1,2084,precip_mj2,Durum wheat,0.00751994317401251,crop
EC-Earth3,-2.5,-2.5448,1,2085,precip_mj2,Durum wheat,0.0859969551713675,crop
EC-Earth3,-3.5,-3.4737,1,2086,precip_mj2,Durum wheat,0.063747497191226,crop
EC-Earth3,-3.5,-3.4737,1,2087,precip_mj2,Durum wheat,0.0683668874409751,crop
EC-Earth3,-3.5,-3.4737,1,2088,precip_mj2,Durum wheat,0.0461241261200866,crop
EC-Earth3,-4.5,-4.5546,1,2089,precip_mj2,Durum wheat,0.00272948377458399,crop
EC-Earth3,-4.5,-4.5546,1,2091,precip_mj2,Durum wheat,0.0809352872985423,crop
EC-Earth3,-4.5,-4.5546,1,2092,precip_mj2,Durum wheat,0.0518313976801369,crop
EC-Earth3,-4.5,-4.5546,1,2093,precip_mj2,Durum wheat,0.0685218345329865,crop
EC-Earth3,-4.5,-4.5546,1,2094,precip_mj2,Durum wheat,0.0727696920142783,crop
EC-Earth3,-3.5,-3.4737,1,2095,precip_mj2,Durum wheat,0.0123030489034006,crop
EC-Earth3,-3.5,-3.4737,1,2096,precip_mj2,Durum wheat,0.0970242904198281,crop
EC-Earth3,-3.5,-3.4737,1,2097,precip_mj2,Durum wheat,-0.0597257447409339,crop
EC-Earth3,-3.5,-3.4737,1,2099,precip_mj2,Durum wheat,0.0358786830881641,crop
EC-Earth3,-4.5,-4.5546,1,2100,precip_mj2,Durum wheat,0.0611452483448395,crop
