branch,model,bin_id,crop,n,mean,sd,lo,hi,central
crop,EC-Earth3,-4.5,ALL,8,-0.308861436034021,0.0648619027811584,-0.383176201511071,-0.211134611443444,-0.293607029428593
crop,EC-Earth3,-4.5,Durum wheat,8,-0.187491514288491,0.0471851880732871,-0.266790144450963,-0.117237239244896,-0.17964278861423
crop,EC-Earth3,-4.5,Soft wheat,8,-0.266907579937982,0.0543854004922809,-0.327260494534806,-0.180000033360369,-0.249528247931841
crop,EC-Earth3,-4.5,Spring barley,8,-0.519706302154118,0.133242852942135,-0.649025037733155,-0.315492790548673,-0.500417401460268
crop,EC-Earth3,-4.5,Winter barley,8,-0.268462820114931,0.0440662249013536,-0.345973401628727,-0.220677104666562,-0.262372246513658
crop,EC-Earth3,-3.5,ALL,8,-0.376020568761885,0.116517531674324,-0.64581738181437,-0.277260209513696,-0.351746446262506
crop,EC-Earth3,-3.5,Durum wheat,8,-0.183389745138173,0.0568882744685305,-0.295762666643382,-0.108443318835811,-0.177181268233578
crop,EC-Earth3,-3.5,Soft wheat,8,-0.349485716309241,0.125667910726146,-0.629798021932277,-0.243902927408215,-0.320274093776601
crop,EC-Earth3,-3.5,Spring barley,8,-0.600734184880871,0.168586518534413,-0.991969186114258,-0.447471398602193,-0.569322817859031
crop,EC-Earth3,-3.5,Winter barley,8,-0.304013575339339,0.0706164036616478,-0.471083578272077,-0.256426082131743,-0.29719774328473
crop,EC-Earth3,-2.5,ALL,11,-0.287033161013966,0.0456605742254525,-0.368936715452236,-0.226931813309684,-0.274089365987685
crop,EC-Earth3,-2.5,Durum wheat,11,-0.175399509651825,0.0588248762964016,-0.263049053589266,-0.0572734202069456,-0.169453605881749
crop,EC-Earth3,-2.5,Soft wheat,11,-0.251805363551956,0.0457221752238803,-0.327450590332705,-0.181746837537698,-0.236183301868037
crop,EC-Earth3,-2.5,Spring barley,11,-0.481126813423533,0.0704912374362208,-0.607261592233303,-0.372908630665446,-0.464806182780814
crop,EC-Earth3,-2.5,Winter barley,11,-0.235751816873916,0.044290272206868,-0.304419146821941,-0.171436060966494,-0.233613416611907
crop,IPSL-CM6A-LR,-5.5,ALL,4,-0.29383109219954,0.0477214223339673,-0.354015782398639,-0.238593255613406,-0.285620666557835
crop,IPSL-CM6A-LR,-5.5,Durum wheat,4,-0.151336356483767,0.0329802729735407,-0.178468411340264,-0.105262417283168,-0.145520296882783
crop,IPSL-CM6A-LR,-5.5,Soft wheat,4,-0.26383839220827,0.0487925650870997,-0.323918202570361,-0.206154927186074,-0.253846676943422
crop,IPSL-CM6A-LR,-5.5,Spring barley,4,-0.465068573829749,0.0770737641483375,-0.568033748598053,-0.390082266675477,-0.456204961971058
crop,IPSL-CM6A-LR,-5.5,Winter barley,4,-0.276217783284001,0.0198863665518138,-0.299605126649017,-0.25272316931502,-0.274559127610892
crop,IPSL-CM6A-LR,-4.5,ALL,12,-0.270899674761739,0.0673921053670073,-0.390988044973128,-0.193103865450701,-0.25444713743459
crop,IPSL-CM6A-LR,-4.5,Durum wheat,12,-0.145347936433011,0.0506587559509515,-0.272108723985771,-0.0969770288885782,-0.140860922576201
crop,IPSL-CM6A-LR,-4.5,Soft wheat,12,-0.24495866304527,0.065931940834822,-0.369131032678691,-0.169925586725619,-0.22443871006765
crop,IPSL-CM6A-LR,-4.5,Spring barley,12,-0.438133360256666,0.102267517470575,-0.618233756960871,-0.308200254955196,-0.417720390826194
crop,IPSL-CM6A-LR,-4.5,Winter barley,12,-0.229914913283878,0.0582535425109261,-0.321297015149473,-0.154577576916933,-0.227220644746859
crop,IPSL-CM6A-LR,-3.5,ALL,7,-0.263713370846272,0.0582215357523142,-0.379762172935326,-0.221231079746781,-0.250536013912004
crop,IPSL-CM6A-LR,-3.5,Durum wheat,7,-0.112939916872072,0.0210839256567814,-0.139481433002073,-0.0785323169324617,-0.104918832078624
crop,IPSL-CM6A-LR,-3.5,Soft wheat,7,-0.245277628557698,0.0599555663359572,-0.365439035023255,-0.199830598291135,-0.228860533678983
crop,IPSL-CM6A-LR,-3.5,Spring barley,7,-0.416982243887543,0.105010577559571,-0.627423616992165,-0.32243898823702,-0.401588360291025
crop,IPSL-CM6A-LR,-3.5,Winter barley,7,-0.230145000559627,0.0294433562703165,-0.267079595715128,-0.196168601872287,-0.229773861486493
crop,IPSL-CM6A-LR,-2.5,ALL,6,-0.21608997510416,0.0673433497445076,-0.330038914203238,-0.142332718899759,-0.19821244586059
crop,IPSL-CM6A-LR,-2.5,Durum wheat,6,-0.114946919678052,0.0468990853138496,-0.200639246233876,-0.0746371697294965,-0.100588267396327
crop,IPSL-CM6A-LR,-2.5,Soft wheat,6,-0.196118159608527,0.0613385248274718,-0.294026103590439,-0.130626494020384,-0.176384216068401
crop,IPSL-CM6A-LR,-2.5,Spring barley,6,-0.341613995659514,0.114262192063086,-0.549165637901056,-0.224416329037747,-0.31978220441684
crop,IPSL-CM6A-LR,-2.5,Winter barley,6,-0.192437006406009,0.0489167001988669,-0.259067133431008,-0.116310990999842,-0.185335410650932
crop_gddwin,EC-Earth3,-4.5,ALL,8,-0.0231004286348989,0.0188921336560312,-0.0568238351525375,0.00107739871287464,-0.0107039899512448
crop_gddwin,EC-Earth3,-4.5,Durum wheat,8,-0.0143844868228514,0.0245033764010288,-0.0446959991836573,0.0190660438292253,-0.00271365009877882
crop_gddwin,EC-Earth3,-4.5,Soft wheat,8,-0.0244994958959824,0.0153339606512982,-0.054063217942576,-0.00515069770894888,-0.013177960201613
crop_gddwin,EC-Earth3,-4.5,Spring barley,8,-0.0316597102295508,0.0435150074562781,-0.100044475412335,0.0170935680012161,-0.0127599344834003
crop_gddwin,EC-Earth3,-4.5,Winter barley,8,-0.0114036658789239,0.0109426944773093,-0.0255610832019272,0.00563010803223111,-0.00336184995110627
crop_gddwin,EC-Earth3,-3.5,ALL,8,-0.0394662085418055,0.0254689674182152,-0.0938345502047146,-0.0181717623802028,-0.0226974388532158
crop_gddwin,EC-Earth3,-3.5,Durum wheat,8,-0.0191804261253405,0.0301827397890266,-0.0683909870571863,0.0283779058103133,-0.00748823083369228
crop_gddwin,EC-Earth3,-3.5,Soft wheat,8,-0.0432053046128334,0.0237432554332679,-0.0924915902587152,-0.0264016619431192,-0.028113769647332
crop_gddwin,EC-Earth3,-3.5,Spring barley,8,-0.0513588731440531,0.039500607332922,-0.136433106169552,-0.0162232904893136,-0.024227209373845
crop_gddwin,EC-Earth3,-3.5,Winter barley,8,-0.0217615194515802,0.0193126865933443,-0.056861576094896,-0.00334843303349983,-0.00921735366407906
crop_gddwin,EC-Earth3,-2.5,ALL,11,-0.0330096930913903,0.012728284343868,-0.0579144246382889,-0.00718914053975737,-0.0200692129884315
crop_gddwin,EC-Earth3,-2.5,Durum wheat,11,-0.0248310762450742,0.0252745269849919,-0.0533289072007089,0.0181754968265391,-0.0132650119657963
crop_gddwin,EC-Earth3,-2.5,Soft wheat,11,-0.0339589346935839,0.014740045625742,-0.0616188820936693,-0.00963351993765436,-0.0221117224376863
crop_gddwin,EC-Earth3,-2.5,Spring barley,11,-0.0452278428318957,0.0272564903927544,-0.0914252771372319,0.00302836169383528,-0.0261025156727899
crop_gddwin,EC-Earth3,-2.5,Winter barley,11,-0.0175324139844837,0.0070030942016912,-0.0287565237343411,-0.00713124580105481,-0.00794029223357712
crop_gddwin,IPSL-CM6A-LR,-5.5,ALL,4,-0.0238290326309583,0.00412867658371681,-0.0288130893336396,-0.0199676989730717,-0.0176605722028792
crop_gddwin,IPSL-CM6A-LR,-5.5,Durum wheat,4,-0.00887245366942372,0.0162860960006793,-0.0206187799801121,0.014342401921364,-0.00437654041480685
crop_gddwin,IPSL-CM6A-LR,-5.5,Soft wheat,4,-0.0300240666308719,0.00372695294409966,-0.0334833726103336,-0.0247717410539846,-0.023810148705154
crop_gddwin,IPSL-CM6A-LR,-5.5,Spring barley,4,-0.0203846202553089,0.00501407595053241,-0.0259867778597315,-0.0155055862790607,-0.0121295987132542
crop_gddwin,IPSL-CM6A-LR,-5.5,Winter barley,4,-0.0140799542084796,0.00502446766066672,-0.0195439607564379,-0.00822474987074372,-0.00987114674205637
crop_gddwin,IPSL-CM6A-LR,-4.5,ALL,12,-0.0350666900648688,0.0238710816483626,-0.0780401852102054,-0.00437238433509516,-0.0189000392610147
crop_gddwin,IPSL-CM6A-LR,-4.5,Durum wheat,12,-0.0173012884506793,0.0347960218663908,-0.10610423749467,0.0173845470239774,-0.00544779536001397
crop_gddwin,IPSL-CM6A-LR,-4.5,Soft wheat,12,-0.0388849802637304,0.0247429088959623,-0.0812623985026164,-0.00759150375928879,-0.0234948774608867
crop_gddwin,IPSL-CM6A-LR,-4.5,Spring barley,12,-0.047053480082684,0.0350427760391299,-0.105645738135758,0.00626074983843218,-0.0220224759731152
crop_gddwin,IPSL-CM6A-LR,-4.5,Winter barley,12,-0.0150600236336051,0.017683638629005,-0.056113514643215,0.000952894775330795,-0.00524879912141334
crop_gddwin,IPSL-CM6A-LR,-3.5,ALL,7,-0.0339427208657105,0.0212012572378919,-0.0644807007859571,-0.006895930170836,-0.0215370941591399
crop_gddwin,IPSL-CM6A-LR,-3.5,Durum wheat,7,0.00242124663880056,0.0129864777056188,-0.0147399954138411,0.0237991197889026,0.0116158910974332
crop_gddwin,IPSL-CM6A-LR,-3.5,Soft wheat,7,-0.0414512889303758,0.0228505657871833,-0.0706425125785566,-0.012502560072483,-0.0294807603769472
crop_gddwin,IPSL-CM6A-LR,-3.5,Spring barley,7,-0.0450080518356306,0.0399061923435994,-0.113042441634743,0.00804295204970224,-0.0276963562322067
crop_gddwin,IPSL-CM6A-LR,-3.5,Winter barley,7,-0.0135797915385413,0.0117968424612467,-0.0317956515641023,0.00420174399146669,-0.00406838255194488
crop_gddwin,IPSL-CM6A-LR,-2.5,ALL,6,-0.0217752530551455,0.0087540771877027,-0.0304667406360064,-0.00882129993515809,-0.00949288908740363
crop_gddwin,IPSL-CM6A-LR,-2.5,Durum wheat,6,-0.00103679050495104,0.0226970141879627,-0.0369306754191583,0.0263221326237343,0.0103459957904279
crop_gddwin,IPSL-CM6A-LR,-2.5,Soft wheat,6,-0.0270365921304649,0.00667915221948825,-0.0343998992362709,-0.0155156936086083,-0.0164265149587431
crop_gddwin,IPSL-CM6A-LR,-2.5,Spring barley,6,-0.0269231138833077,0.0163684830643786,-0.0474919686415276,-0.00764968725101077,-0.00749279490154653
crop_gddwin,IPSL-CM6A-LR,-2.5,Winter barley,6,-0.00778254187566388,0.00697193544448288,-0.0202277806575497,-0.000745073559323857,0.00181684289186388
energy Electricity,EC-Earth3,-4.5,ALL,8,-0.0282593084175471,0.0114119359806131,-0.0398623546113557,-0.0131730625997477,-0.0298797818712189
energy Electricity,EC-Earth3,-3.5,ALL,8,-0.0235472081759827,0.01135510419329,-0.0400476347342651,-0.00715907122969493,-0.0261650749202897
energy Electricity,EC-Earth3,-2.5,ALL,11,-0.0222952337022653,0.0102893541674022,-0.03961898546674,-0.00230352325367955,-0.0241647333777744
energy Electricity,IPSL-CM6A-LR,-5.5,ALL,4,-0.033290409037708,0.00550369580914136,-0.0398228373841824,-0.0281435724451663,-0.0347528695374686
energy Electricity,IPSL-CM6A-LR,-4.5,ALL,12,-0.0244360006854792,0.0146574055486598,-0.0498682372712462,0.00246427761008813,-0.0268650182499663
energy Electricity,IPSL-CM6A-LR,-3.5,ALL,7,-0.0219345035923036,0.0142309977835899,-0.0395077527309315,-0.00155791241192955,-0.0241079223914506
energy Electricity,IPSL-CM6A-LR,-2.5,ALL,6,-0.0256742754522219,0.0117477786550971,-0.0341551694561444,-0.00272547877309694,-0.0275230811135696
energy Natural gas,EC-Earth3,-4.5,ALL,8,-0.107355496489444,0.0281083903593614,-0.153114591044153,-0.0584148243571523,-0.107957426499651
energy Natural gas,EC-Earth3,-3.5,ALL,8,-0.114411597051962,0.0217801037625663,-0.137290027151054,-0.0764035048984703,-0.115199573895138
energy Natural gas,EC-Earth3,-2.5,ALL,11,-0.0886904287062928,0.022204946144412,-0.115554710401683,-0.0361950843475422,-0.0893419897506293
energy Natural gas,IPSL-CM6A-LR,-5.5,ALL,4,-0.109618423421614,0.0134626809902759,-0.125022387565073,-0.0944364727736039,-0.11042288987606
energy Natural gas,IPSL-CM6A-LR,-4.5,ALL,12,-0.0935803926608773,0.0304943432849483,-0.128783974801661,-0.0174457417900085,-0.0946691136795273
energy Natural gas,IPSL-CM6A-LR,-3.5,ALL,7,-0.0925391818640172,0.0166778309129096,-0.104780430330383,-0.0569354110065062,-0.0929857367380772
energy Natural gas,IPSL-CM6A-LR,-2.5,ALL,6,-0.0832937759092094,0.0256546554705365,-0.122233173664117,-0.0453965337408991,-0.0839474577083994
