branch,model,bin_id,component,crop,n,mean,sd,lo,hi,central
crop,EC-Earth3,-4.5,frost_mj,ALL,8,0.0382614447201296,0.00704896994725254,0.0246435891141289,0.0458719321731066,0.0409443311344375
crop,EC-Earth3,-4.5,gdd_mj,ALL,8,-0.258663894245194,0.0414857144672098,-0.31935922685416,-0.197462403281849,-0.260000308413263
crop,EC-Earth3,-4.5,heat_mj,ALL,8,-0.0711184906913279,0.0224606991196144,-0.0979564999379251,-0.0366648480389218,-0.0673696091298785
crop,EC-Earth3,-4.5,precip_mj,ALL,8,-0.00368823370681077,0.0554806149593233,-0.063894189626231,0.0778566434876485,-0.00432638387570595
crop,EC-Earth3,-4.5,precip_mj2,ALL,8,-0.0136522621108186,0.0462163493844521,-0.0848686870818689,0.0392163637178001,-0.00285505914418295
crop,EC-Earth3,-4.5,frost_mj,Durum wheat,8,0.0234844824431533,0.00338519602337864,0.0160290363457493,0.0271658942132346,0.0248135232111871
crop,EC-Earth3,-4.5,gdd_mj,Durum wheat,8,-0.258969441299667,0.0433339942272193,-0.326675625068584,-0.188136767019145,-0.261895488329262
crop,EC-Earth3,-4.5,heat_mj,Durum wheat,8,0.0881354642071922,0.0241310731669843,0.0532910289699953,0.112272940355397,0.0855349976974559
crop,EC-Earth3,-4.5,precip_mj,Durum wheat,8,-0.0712265514918591,0.0808576142086764,-0.155842910135373,0.0720665474372405,-0.0735665456435121
crop,EC-Earth3,-4.5,precip_mj2,Durum wheat,8,0.0310845318526889,0.0547845795907948,-0.0744794914976552,0.0809352872985423,0.0454707244499009
crop,EC-Earth3,-4.5,frost_mj,Soft wheat,8,0.0420240413437374,0.00808701495832247,0.0266241026347651,0.050997746692923,0.0451181672272187
crop,EC-Earth3,-4.5,gdd_mj,Soft wheat,8,-0.184110037009538,0.0276396145681822,-0.230154491472643,-0.145559364673303,-0.184590897920798
crop,EC-Earth3,-4.5,heat_mj,Soft wheat,8,-0.112357830203028,0.0320795815095251,-0.153164980751997,-0.0634767875860538,-0.106911407622171
crop,EC-Earth3,-4.5,precip_mj,Soft wheat,8,0.00281791620567027,0.0506770089275497,-0.0565190197111191,0.0776823980688185,0.00246626573447031
crop,EC-Earth3,-4.5,precip_mj2,Soft wheat,8,-0.0152816702748239,0.0458570050800703,-0.0862149102741233,0.0393163861589586,-0.00561037535055989
crop,EC-Earth3,-4.5,frost_mj,Spring barley,8,0.0325929180483259,0.00520023192024007,0.0221440285917352,0.0371134836844174,0.0343385565957759
crop,EC-Earth3,-4.5,gdd_mj,Spring barley,8,-0.3808071735698,0.067899206289541,-0.457952018650987,-0.285824106356629,-0.383542215064389
crop,EC-Earth3,-4.5,heat_mj,Spring barley,8,-0.150370832886789,0.0564150560716712,-0.210130275646534,-0.0645187090257162,-0.142243303549118
crop,EC-Earth3,-4.5,precip_mj,Spring barley,8,0.0137429082097663,0.0633007244993609,-0.0696837006333849,0.11726593991834,0.0130501191721273
crop,EC-Earth3,-4.5,precip_mj2,Spring barley,8,-0.0348641219556208,0.0463473690072118,-0.114006144530124,0.030517982874506,-0.0220205586146636
crop,EC-Earth3,-4.5,frost_mj,Winter barley,8,0.0416251419464952,0.00848060309925344,0.0263302356054755,0.0509004863956523,0.0449406408525172
crop,EC-Earth3,-4.5,gdd_mj,Winter barley,8,-0.391416198024382,0.0633817927786951,-0.483958871315262,-0.292071533942146,-0.393122669895641
crop,EC-Earth3,-4.5,heat_mj,Winter barley,8,0.0967604680385031,0.0313886944243624,0.0484461032131814,0.137670167112844,0.0918474154966336
crop,EC-Earth3,-4.5,precip_mj,Winter barley,8,-0.00628334706389602,0.0572017674658557,-0.0736416966462018,0.0876664703084704,-0.00678513668607677
crop,EC-Earth3,-4.5,precip_mj2,Winter barley,8,-0.00914888501165088,0.0509707994923482,-0.0976196922112492,0.049003958770325,0.000747503718909477
crop,EC-Earth3,-3.5,frost_mj,ALL,8,0.0403435887705007,0.00484386930903334,0.0306432222646665,0.044802741981006,0.0423842591570358
crop,EC-Earth3,-3.5,gdd_mj,ALL,8,-0.291302598958881,0.0609793765028073,-0.431850871262677,-0.241959859736303,-0.294526485901627
crop,EC-Earth3,-3.5,heat_mj,ALL,8,-0.0939225154923876,0.0391278678331804,-0.178709681133311,-0.0605385734455571,-0.0860233912854747
crop,EC-Earth3,-3.5,precip_mj,ALL,8,-0.0427476631817655,0.0724397507812088,-0.18234714229996,0.029478079643228,-0.0438498264976758
crop,EC-Earth3,-3.5,precip_mj2,ALL,8,0.0116086201006481,0.0561962905775879,-0.0584269874913965,0.102287570900572,0.0302689982652355
crop,EC-Earth3,-3.5,frost_mj,Durum wheat,8,0.0234004374660952,0.00312573675855224,0.0168835387875271,0.0262331130664841,0.0246760061235298
crop,EC-Earth3,-3.5,gdd_mj,Durum wheat,8,-0.259709140690845,0.0546388872009137,-0.388662745428141,-0.219166230046225,-0.263720370530867
crop,EC-Earth3,-3.5,heat_mj,Durum wheat,8,0.0969699199580506,0.0303440744071608,0.0745473976150497,0.169392714956298,0.093102727352979
crop,EC-Earth3,-3.5,precip_mj,Durum wheat,8,-0.0807051731725514,0.0735325441130644,-0.199750039657851,0.0556867459444854,-0.0827817148200255
crop,EC-Earth3,-3.5,precip_mj2,Durum wheat,8,0.0366542113010782,0.0469157480810747,-0.0597257447409339,0.0970242904198281,0.0515420836408058
crop,EC-Earth3,-3.5,frost_mj,Soft wheat,8,0.0446649535377006,0.00539231363806472,0.0337201151161628,0.0494285929260897,0.0468953041079807
crop,EC-Earth3,-3.5,gdd_mj,Soft wheat,8,-0.214192453896863,0.0451237593248603,-0.314212530976747,-0.174339001060617,-0.216652179954641
crop,EC-Earth3,-3.5,heat_mj,Soft wheat,8,-0.152657921587187,0.0648365293637761,-0.291270773843745,-0.10295459035561,-0.14065909335115
crop,EC-Earth3,-3.5,precip_mj,Soft wheat,8,-0.0405717318240492,0.0769946517060216,-0.183069863110622,0.0455596593472092,-0.0414832688171928
crop,EC-Earth3,-3.5,precip_mj2,Soft wheat,8,0.0132714374611575,0.0615781217492338,-0.0687027037069127,0.109517300510865,0.0316251442384023
crop,EC-Earth3,-3.5,frost_mj,Spring barley,8,0.0345401117970907,0.00352813554145285,0.0280058426332802,0.0386023421212011,0.03601847298169
crop,EC-Earth3,-3.5,gdd_mj,Spring barley,8,-0.42381951166813,0.0830776426260074,-0.614918757021159,-0.354783202181035,-0.427770674986094
crop,EC-Earth3,-3.5,heat_mj,Spring barley,8,-0.174930282479777,0.0668512216667923,-0.328002637024323,-0.109421375158837,-0.160290349731241
crop,EC-Earth3,-3.5,precip_mj,Spring barley,8,-0.0283806842834747,0.0676281551659341,-0.158925258560377,0.0430920192969895,-0.029596826520278
crop,EC-Earth3,-3.5,precip_mj2,Spring barley,8,-0.00814381824657991,0.049958817466841,-0.0669231390434663,0.0712751243703997,0.0123165603968912
crop,EC-Earth3,-3.5,frost_mj,Winter barley,8,0.043172388233167,0.0058933373635246,0.0317513239058866,0.0489178744442743,0.045793975037669
crop,EC-Earth3,-3.5,gdd_mj,Winter barley,8,-0.44302621983869,0.105593987284233,-0.687052567277411,-0.363687681405841,-0.447790868289899
crop,EC-Earth3,-3.5,heat_mj,Winter barley,8,0.125697651954197,0.0543241006992284,0.0764861233299111,0.246575497731662,0.11557199984903
crop,EC-Earth3,-3.5,precip_mj,Winter barley,8,-0.0446412452431276,0.0901199656594709,-0.200249313494068,0.0619044933763239,-0.0456566503446346
crop,EC-Earth3,-3.5,precip_mj2,Winter barley,8,0.0147838495551153,0.074859136351403,-0.0908380333740016,0.120724930323466,0.0348838004631054
crop,EC-Earth3,-2.5,frost_mj,ALL,11,0.0341631970155464,0.00758785780154208,0.015736951819756,0.0410499888440349,0.0365720773979079
crop,EC-Earth3,-2.5,gdd_mj,ALL,11,-0.231483513542891,0.0362450018546619,-0.283244902514077,-0.182622466191991,-0.232689447756466
crop,EC-Earth3,-2.5,heat_mj,ALL,11,-0.0694162325371688,0.0126892014218869,-0.0966788194778603,-0.0489215188255896,-0.0652057534999387
crop,EC-Earth3,-2.5,precip_mj,ALL,11,-0.0322871934973891,0.0244534402535839,-0.0702344301043922,0.0197570984416597,-0.033011368338605
crop,EC-Earth3,-2.5,precip_mj2,ALL,11,0.0119905815479359,0.0192714406005932,-0.0272576918878403,0.0405108984030725,0.0202451262094166
crop,EC-Earth3,-2.5,frost_mj,Durum wheat,11,0.0198699694178817,0.00534054901198823,0.00816648692220969,0.0250212213166693,0.0214941860344358
crop,EC-Earth3,-2.5,gdd_mj,Durum wheat,11,-0.231006357630996,0.0462912020542805,-0.295598713861721,-0.137278295901532,-0.233839935867179
crop,EC-Earth3,-2.5,heat_mj,Durum wheat,11,0.0812416042734384,0.0126492459260171,0.0649962821831317,0.101569784319991,0.0784297474587463
crop,EC-Earth3,-2.5,precip_mj,Durum wheat,11,-0.0904355477108456,0.0681119863474059,-0.175980535372686,0.0577348470538481,-0.0931027585391557
crop,EC-Earth3,-2.5,precip_mj2,Durum wheat,11,0.0449308219986965,0.0412353559802858,-0.0508927404646028,0.086348787648329,0.0575651550314039
crop,EC-Earth3,-2.5,frost_mj,Soft wheat,11,0.0377474386672744,0.00827543698113384,0.0179684639469915,0.0454083483765537,0.0404156024108475
crop,EC-Earth3,-2.5,gdd_mj,Soft wheat,11,-0.164433592896436,0.0284554759500614,-0.200797834797511,-0.123457955889415,-0.165183499993236
crop,EC-Earth3,-2.5,heat_mj,Soft wheat,11,-0.110419560971523,0.0217934642177513,-0.152656653740913,-0.0816091587652112,-0.103847988269323
crop,EC-Earth3,-2.5,precip_mj,Soft wheat,11,-0.0251992827716472,0.0238472600701986,-0.0581264116168409,0.0227410437298783,-0.0255882425070694
crop,EC-Earth3,-2.5,precip_mj2,Soft wheat,11,0.0104996344203764,0.0207628279647423,-0.0295422536652569,0.0379468903702949,0.0180208264907441
crop,EC-Earth3,-2.5,frost_mj,Spring barley,11,0.029482521975427,0.00528059132752015,0.0161820372647599,0.0350978855267005,0.0310815725837007
crop,EC-Earth3,-2.5,gdd_mj,Spring barley,11,-0.341391428740735,0.0458019614586169,-0.411212099385855,-0.26998216377823,-0.342693195062188
crop,EC-Earth3,-2.5,heat_mj,Spring barley,11,-0.143475931014902,0.0264903756511101,-0.199415804002184,-0.0976595860533698,-0.135629743782903
crop,EC-Earth3,-2.5,precip_mj,Spring barley,11,-0.0217381092755435,0.0304522478811603,-0.0663348864213466,0.0361546364777925,-0.0225307949096283
crop,EC-Earth3,-2.5,precip_mj2,Spring barley,11,-0.00400386636778011,0.0269742216019278,-0.0411470901913909,0.02657914139727,0.00496597839020479
crop,EC-Earth3,-2.5,frost_mj,Winter barley,11,0.0364942216625217,0.0102533446014478,0.0114008093649503,0.0445533534302086,0.0395656018629254
crop,EC-Earth3,-2.5,gdd_mj,Winter barley,11,-0.351339080668227,0.0620805648365347,-0.436724241025987,-0.269229429439946,-0.353104443938248
crop,EC-Earth3,-2.5,heat_mj,Winter barley,11,0.0963142501909875,0.0196248884205463,0.0674726505833851,0.140300188233544,0.0906768747361235
crop,EC-Earth3,-2.5,precip_mj,Winter barley,11,-0.0342703978952951,0.0282557632934208,-0.0703330815636744,0.0220376237709546,-0.0348636249572352
crop,EC-Earth3,-2.5,precip_mj2,Winter barley,11,0.0170491898360967,0.0233437586462599,-0.0300058253353092,0.0426543045784504,0.0241121756845282
crop,IPSL-CM6A-LR,-5.5,frost_mj,ALL,4,0.0380387780460592,0.00463407184161263,0.0311188951405831,0.0409491720575433,0.0393696900656574
crop,IPSL-CM6A-LR,-5.5,gdd_mj,ALL,4,-0.255788376100446,0.0301591328834853,-0.292847835197206,-0.21917857910994,-0.256372434896645
crop,IPSL-CM6A-LR,-5.5,heat_mj,ALL,4,-0.0651440707970858,0.0189478974852636,-0.0890007800676446,-0.0440046329656766,-0.0626757439798401
crop,IPSL-CM6A-LR,-5.5,precip_mj,ALL,4,-0.0122625703582015,0.0220814519036446,-0.0271633151017559,0.0205669716063399,-0.0124265591544757
crop,IPSL-CM6A-LR,-5.5,precip_mj2,ALL,4,0.00132514701013383,0.0191334522389716,-0.0270959102847126,0.0140469759104247,0.00648438140746796
crop,IPSL-CM6A-LR,-5.5,frost_mj,Durum wheat,4,0.023023715115675,0.00225423791850254,0.019744405273032,0.0247375265023333,0.0237679617689744
crop,IPSL-CM6A-LR,-5.5,gdd_mj,Durum wheat,4,-0.214520843190895,0.0307102975880022,-0.246950853088731,-0.173305865633714,-0.215597433197172
crop,IPSL-CM6A-LR,-5.5,heat_mj,Durum wheat,4,0.0592685087173598,0.0127993010528584,0.0438244400785374,0.0721613357324339,0.058496897624575
crop,IPSL-CM6A-LR,-5.5,precip_mj,Durum wheat,4,-0.0306733684041338,0.0600894375408895,-0.0648076321589318,0.0591455048225259,-0.0316649083004419
crop,IPSL-CM6A-LR,-5.5,precip_mj2,Durum wheat,4,0.0115656312782275,0.0444117357653152,-0.0546709018235498,0.03861417841698,0.0194771852212817
crop,IPSL-CM6A-LR,-5.5,frost_mj,Soft wheat,4,0.0418743196801011,0.00594250159403588,0.033010904333774,0.0457138258284693,0.0434497636706242
crop,IPSL-CM6A-LR,-5.5,gdd_mj,Soft wheat,4,-0.191574487464959,0.0246939706116564,-0.220657211944571,-0.16026492333921,-0.191908095639644
crop,IPSL-CM6A-LR,-5.5,heat_mj,Soft wheat,4,-0.104027406082407,0.0292109472237945,-0.13929531292483,-0.0692204014423602,-0.100089098009202
crop,IPSL-CM6A-LR,-5.5,precip_mj,Soft wheat,4,-0.0115186016427668,0.0180736315878315,-0.0227565464290568,0.0154876791017125,-0.0115911711405554
crop,IPSL-CM6A-LR,-5.5,precip_mj2,Soft wheat,4,0.00140778330176177,0.0177313538121683,-0.0251681858399902,0.0112499461687341,0.00629192417535536
crop,IPSL-CM6A-LR,-5.5,frost_mj,Spring barley,4,0.0315402135529872,0.00296031389879868,0.0274068629247165,0.0337988425345447,0.0325949878826438
crop,IPSL-CM6A-LR,-5.5,gdd_mj,Spring barley,4,-0.369546486792879,0.0395724747131084,-0.42082757334863,-0.327871085773587,-0.370330452032583
crop,IPSL-CM6A-LR,-5.5,heat_mj,Spring barley,4,-0.11713198204978,0.0358882286744684,-0.16399636074857,-0.0866157182934097,-0.113524860168731
crop,IPSL-CM6A-LR,-5.5,precip_mj,Spring barley,4,-0.00340541206388651,0.0231462668006932,-0.0256482858878232,0.0252199253243234,-0.00346645747687735
crop,IPSL-CM6A-LR,-5.5,precip_mj2,Spring barley,4,-0.00652490647619151,0.0169290520746343,-0.0282222508575201,0.00887759367836601,-0.00147818017551116
crop,IPSL-CM6A-LR,-5.5,frost_mj,Winter barley,4,0.0424652117416069,0.00379505224742143,0.0369247998215933,0.0455445751817856,0.0436096478788209
crop,IPSL-CM6A-LR,-5.5,gdd_mj,Winter barley,4,-0.388172978785635,0.0413968738252351,-0.441185052541193,-0.340282155881895,-0.389146018133881
crop,IPSL-CM6A-LR,-5.5,heat_mj,Winter barley,4,0.0793248455249871,0.0232756350776732,0.0572261882150943,0.108808267556047,0.0764488623882686
crop,IPSL-CM6A-LR,-5.5,precip_mj,Winter barley,4,-0.0146024646746529,0.0172243045159527,-0.035294782603985,0.00672917055922978,-0.0146879242019089
crop,IPSL-CM6A-LR,-5.5,precip_mj2,Winter barley,4,0.0047676029096931,0.0154851881865111,-0.0133211720290419,0.0243816920371182,0.00921630445780801
crop,IPSL-CM6A-LR,-4.5,frost_mj,ALL,12,0.0333373014670177,0.00762105060809597,0.0178360318757066,0.0444979381086634,0.03636506217249
crop,IPSL-CM6A-LR,-4.5,gdd_mj,ALL,12,-0.222528496428414,0.0497623512063935,-0.303971518391585,-0.151389522514022,-0.223487297090882
crop,IPSL-CM6A-LR,-4.5,heat_mj,ALL,12,-0.0657233780908431,0.020428245554062,-0.107230019347171,-0.0397715783817199,-0.0596241625821872
crop,IPSL-CM6A-LR,-4.5,precip_mj,ALL,12,-0.0262851840778391,0.0338517249540338,-0.100371678141866,0.0172528522198028,-0.026862782626774
crop,IPSL-CM6A-LR,-4.5,precip_mj2,ALL,12,0.0103000823683402,0.0263822425678872,-0.036705277105025,0.0552387451839785,0.0191620426927637
crop,IPSL-CM6A-LR,-4.5,frost_mj,Durum wheat,12,0.0199477344382816,0.00449578983291866,0.00780486098213609,0.0246457979377279,0.0215352633871356
crop,IPSL-CM6A-LR,-4.5,gdd_mj,Durum wheat,12,-0.195441654876812,0.0467315612621215,-0.285966546678435,-0.12889310979296,-0.198966329833031
crop,IPSL-CM6A-LR,-4.5,heat_mj,Durum wheat,12,0.0621860171504832,0.0192721373986266,0.0380467198016157,0.093523575882766,0.0587868141519387
crop,IPSL-CM6A-LR,-4.5,precip_mj,Durum wheat,12,-0.0588111584195298,0.0623782651827428,-0.198830240328265,0.0149352408358154,-0.0605619578526592
crop,IPSL-CM6A-LR,-4.5,precip_mj2,Durum wheat,12,0.0267711252745663,0.0352771740605803,-0.0237566883685162,0.0945186892004351,0.0383452875704145
crop,IPSL-CM6A-LR,-4.5,frost_mj,Soft wheat,12,0.0364591827390777,0.00923393951189135,0.0162058424842576,0.0492949953523438,0.0398277825929232
crop,IPSL-CM6A-LR,-4.5,gdd_mj,Soft wheat,12,-0.164163247667326,0.0382741451467475,-0.225566489979117,-0.108477031862429,-0.164734754397186
crop,IPSL-CM6A-LR,-4.5,heat_mj,Soft wheat,12,-0.105150390790098,0.0345497235795181,-0.173320678494149,-0.0658368930445846,-0.0958065569482005
crop,IPSL-CM6A-LR,-4.5,precip_mj,Soft wheat,12,-0.0192137261511733,0.0369068107698898,-0.0900790786759574,0.0446214903886707,-0.019559722764509
crop,IPSL-CM6A-LR,-4.5,precip_mj2,Soft wheat,12,0.00710951882425012,0.0317297833286359,-0.0571871110056812,0.0563125594751949,0.0158345414493224
crop,IPSL-CM6A-LR,-4.5,frost_mj,Spring barley,12,0.0286198506528327,0.0049657389597941,0.0192536931411738,0.0376331515765197,0.0310422459939696
crop,IPSL-CM6A-LR,-4.5,gdd_mj,Spring barley,12,-0.32620592645739,0.0697750685885031,-0.435610770190126,-0.238491779517081,-0.326596824737118
crop,IPSL-CM6A-LR,-4.5,heat_mj,Spring barley,12,-0.120873341585134,0.0347504440127379,-0.184921522693035,-0.0644410173806905,-0.109849230806087
crop,IPSL-CM6A-LR,-4.5,precip_mj,Spring barley,12,-0.0289570793561479,0.0288878470789106,-0.0805155937462359,0.0189529777912804,-0.0296581620504392
crop,IPSL-CM6A-LR,-4.5,precip_mj2,Spring barley,12,0.00928313648917356,0.0180485591443221,-0.0229655713479553,0.0374455524946304,0.0173415807734807
crop,IPSL-CM6A-LR,-4.5,frost_mj,Winter barley,12,0.0369725619113293,0.00867157606993428,0.0184115587244954,0.0490059883804089,0.0405109861849374
crop,IPSL-CM6A-LR,-4.5,gdd_mj,Winter barley,12,-0.334846045632454,0.0768395879791622,-0.470626736845628,-0.220257659560071,-0.336347292607758
crop,IPSL-CM6A-LR,-4.5,heat_mj,Winter barley,12,0.0829754232947782,0.0260332496760617,0.0465455253880675,0.131030238304494,0.0755332458359311
crop,IPSL-CM6A-LR,-4.5,precip_mj,Winter barley,12,-0.027940700440326,0.0369356253244891,-0.0995263108566127,0.0249948042192941,-0.0284421511222009
crop,IPSL-CM6A-LR,-4.5,precip_mj2,Winter barley,12,0.0129238475827953,0.031202381936099,-0.0433672048971634,0.0669934668961039,0.0215245669622314
crop,IPSL-CM6A-LR,-3.5,frost_mj,ALL,7,0.0275078117017787,0.00901760421257803,0.012764109933945,0.0365015643440612,0.0296267868814209
crop,IPSL-CM6A-LR,-3.5,gdd_mj,ALL,7,-0.217192323452712,0.038148459072519,-0.284888939564841,-0.172058177366442,-0.218743544589769
crop,IPSL-CM6A-LR,-3.5,heat_mj,ALL,7,-0.0628421878927796,0.0220036760598353,-0.107797166064166,-0.0418860364062881,-0.0583217152798385
crop,IPSL-CM6A-LR,-3.5,precip_mj,ALL,7,-0.00930159416338888,0.0282090045946708,-0.057425252498076,0.028734138168195,-0.00944954968899106
crop,IPSL-CM6A-LR,-3.5,precip_mj2,ALL,7,-0.0018850770391707,0.0274168657415966,-0.03638685532136,0.0404201808191685,0.00635200876517339
crop,IPSL-CM6A-LR,-3.5,frost_mj,Durum wheat,7,0.0151503692859875,0.00765408344127289,0.000163435912295291,0.0214792104013129,0.0171214448904617
crop,IPSL-CM6A-LR,-3.5,gdd_mj,Durum wheat,7,-0.17208196089894,0.0251265629588131,-0.216942556110176,-0.136573356426448,-0.173895470722481
crop,IPSL-CM6A-LR,-3.5,heat_mj,Durum wheat,7,0.0570433453600067,0.0133462813326749,0.0464114512425422,0.0854441774028544,0.0556949414782094
crop,IPSL-CM6A-LR,-3.5,precip_mj,Durum wheat,7,-0.00290527408883532,0.0364602119871134,-0.0406121858813703,0.0540357507883741,-0.00317819700458783
crop,IPSL-CM6A-LR,-3.5,precip_mj2,Durum wheat,7,-0.01014639653029,0.0282135143803303,-0.0556488581787556,0.0193038127042553,-0.000661550720226031
crop,IPSL-CM6A-LR,-3.5,frost_mj,Soft wheat,7,0.030202842435578,0.0104281596793989,0.0126951833099854,0.0406336614043529,0.0325411228640478
crop,IPSL-CM6A-LR,-3.5,gdd_mj,Soft wheat,7,-0.162635323315776,0.0281289721084449,-0.209957454387745,-0.128380904713461,-0.163658670690915
crop,IPSL-CM6A-LR,-3.5,heat_mj,Soft wheat,7,-0.102722377035782,0.0355012212846339,-0.174170815541447,-0.069112433457363,-0.0956280116025392
crop,IPSL-CM6A-LR,-3.5,precip_mj,Soft wheat,7,-0.00671571232230697,0.0307535163776243,-0.0509202381519674,0.0331353062672541,-0.0068059267629955
crop,IPSL-CM6A-LR,-3.5,precip_mj2,Soft wheat,7,-0.00340705831941127,0.0316615346076132,-0.0491421547190056,0.0372393439231104,0.00469095251341824
crop,IPSL-CM6A-LR,-3.5,frost_mj,Spring barley,7,0.024989471937433,0.00539115725902416,0.0154674289855708,0.0294284120661744,0.0265194490741473
crop,IPSL-CM6A-LR,-3.5,gdd_mj,Spring barley,7,-0.315128111228656,0.0611641898547325,-0.428148664087194,-0.245070486695037,-0.316854227746144
crop,IPSL-CM6A-LR,-3.5,heat_mj,Spring barley,7,-0.11320172293598,0.0412468224270602,-0.199717427721692,-0.0713779367238138,-0.105587469131772
crop,IPSL-CM6A-LR,-3.5,precip_mj,Spring barley,7,-0.0176212448827336,0.0358063107925744,-0.0818971757731298,0.0168587516540613,-0.0178844232142799
crop,IPSL-CM6A-LR,-3.5,precip_mj2,Spring barley,7,0.00397936322239367,0.0262328206708441,-0.0213115288777913,0.0539307824798988,0.0122183107270231
crop,IPSL-CM6A-LR,-3.5,frost_mj,Winter barley,7,0.0290000338045078,0.0103387374599702,0.0116389737241539,0.0405316430188307,0.031165252017043
crop,IPSL-CM6A-LR,-3.5,gdd_mj,Winter barley,7,-0.335159429741413,0.0599058927942472,-0.43873432124303,-0.273775708625063,-0.338450235776632
crop,IPSL-CM6A-LR,-3.5,heat_mj,Winter barley,7,0.0867159336408846,0.0348647773500647,0.0484977649878847,0.157330600824754,0.0804443037865162
crop,IPSL-CM6A-LR,-3.5,precip_mj,Winter barley,7,-0.0127264509858049,0.0319082127476095,-0.0671361696842674,0.0317133559548154,-0.012856600013475
crop,IPSL-CM6A-LR,-3.5,precip_mj2,Winter barley,7,0.0020249127221986,0.0321505157846172,-0.0506882750417369,0.0513952213677994,0.00992341850005493
crop,IPSL-CM6A-LR,-2.5,frost_mj,ALL,6,0.0268836294349476,0.00839448905242988,0.0189392800519435,0.0399381395025507,0.029925510868588
crop,IPSL-CM6A-LR,-2.5,gdd_mj,ALL,6,-0.180190608074446,0.0486591608156946,-0.26096201970014,-0.116153919985623,-0.180279738302243
crop,IPSL-CM6A-LR,-2.5,heat_mj,ALL,6,-0.0492133524192656,0.0184779265938651,-0.0822534903321034,-0.0298044629481038,-0.0451936172295116
crop,IPSL-CM6A-LR,-2.5,precip_mj,ALL,6,-0.00803505109750234,0.0331863934637259,-0.0415574919393107,0.0486655900052827,-0.0083380134472656
crop,IPSL-CM6A-LR,-2.5,precip_mj2,ALL,6,-0.00553459294789343,0.0280300966958947,-0.0563994950917807,0.0248475420285925,0.0056734122498426
crop,IPSL-CM6A-LR,-2.5,frost_mj,Durum wheat,6,0.0167251717078908,0.00429340451921901,0.0133639713318646,0.0239219509403105,0.0184367914011471
crop,IPSL-CM6A-LR,-2.5,gdd_mj,Durum wheat,6,-0.158307424027497,0.0488007402914795,-0.242718832443808,-0.112976668931321,-0.161271444254297
crop,IPSL-CM6A-LR,-2.5,heat_mj,Durum wheat,6,0.0490845576867734,0.0222638534668298,0.0271022721086402,0.0849572737324152,0.0470084725367262
crop,IPSL-CM6A-LR,-2.5,precip_mj,Durum wheat,6,-0.020541896748049,0.0815924608906583,-0.144547572916727,0.0779822328710522,-0.0214877664093073
crop,IPSL-CM6A-LR,-2.5,precip_mj2,Durum wheat,6,-0.00190732829716963,0.0572194428737666,-0.0708543316560508,0.0777479344539329,0.0167256793294043
crop,IPSL-CM6A-LR,-2.5,frost_mj,Soft wheat,6,0.0297382149581528,0.00957357619698785,0.020907616107667,0.0445701939306193,0.0331382752114792
crop,IPSL-CM6A-LR,-2.5,gdd_mj,Soft wheat,6,-0.134887979087662,0.0352648808519539,-0.190791907947376,-0.0867664440697123,-0.134707787590656
crop,IPSL-CM6A-LR,-2.5,heat_mj,Soft wheat,6,-0.079135539616978,0.0290523488807172,-0.129669626220011,-0.0446931525389271,-0.0727328504885018
crop,IPSL-CM6A-LR,-2.5,precip_mj,Soft wheat,6,-0.00865859646385742,0.035380217295571,-0.0488780970501393,0.0523038293837661,-0.00885604254440703
crop,IPSL-CM6A-LR,-2.5,precip_mj2,Soft wheat,6,-0.00317425939818245,0.0328346942634024,-0.0621215359606798,0.0341557058051676,0.00677418934368545
crop,IPSL-CM6A-LR,-2.5,frost_mj,Spring barley,6,0.0231026918341341,0.00701026822446007,0.0119862137577031,0.0322207315265659,0.0254778984166572
crop,IPSL-CM6A-LR,-2.5,gdd_mj,Spring barley,6,-0.259109373131784,0.0743950931776725,-0.383491010869074,-0.161664276356839,-0.258375664186088
crop,IPSL-CM6A-LR,-2.5,heat_mj,Spring barley,6,-0.0903942924280508,0.0379489350246044,-0.162074288876055,-0.0599555415083026,-0.0837543752189244
crop,IPSL-CM6A-LR,-2.5,precip_mj,Spring barley,6,0.00177927048724836,0.0168232181284601,-0.015527209506891,0.0285287498074612,0.00151360326884651
crop,IPSL-CM6A-LR,-2.5,precip_mj2,Spring barley,6,-0.0169922924210619,0.0171674366799876,-0.0370176138230282,0.00023129582158398,-0.00464366669733114
crop,IPSL-CM6A-LR,-2.5,frost_mj,Winter barley,6,0.0279221356173622,0.00981492085232745,0.0195872128018837,0.0435511439115976,0.0314106729957926
crop,IPSL-CM6A-LR,-2.5,gdd_mj,Winter barley,6,-0.270227194226039,0.0709057506508198,-0.388580608934429,-0.174669257666094,-0.270511234467878
crop,IPSL-CM6A-LR,-2.5,heat_mj,Winter barley,6,0.0617781564758491,0.0238949423193134,0.0372194936896699,0.106163657389685,0.0566398891877606
crop,IPSL-CM6A-LR,-2.5,precip_mj,Winter barley,6,-0.0104046981709435,0.0382143227600344,-0.0519494437141767,0.0524746945352325,-0.010728018087149
crop,IPSL-CM6A-LR,-2.5,precip_mj2,Winter barley,6,-0.0015054061022378,0.0345100633891087,-0.0600284125554598,0.0328899207312808,0.00785327972054148
crop_gddwin,EC-Earth3,-4.5,frost,ALL,8,-0.00190167832041311,0.00122801014002971,-0.00370788895565632,0.000328013352626842,-0.00187300130107835
crop_gddwin,EC-Earth3,-4.5,gdd,ALL,8,0.000220765755160138,0.000185892381589828,-0.000113254772774963,0.000463480378820378,0.000259115358422466
crop_gddwin,EC-Earth3,-4.5,heat,ALL,8,-0.0149168549274656,0.0119326269590359,-0.0385980279172243,0.000966807504527067,-0.0114111541446297
crop_gddwin,EC-Earth3,-4.5,precip,ALL,8,0.0140341074989912,0.0404070243404779,-0.0392727478653324,0.0776544043985656,0.0149247125645718
crop_gddwin,EC-Earth3,-4.5,precip2,ALL,8,-0.0205367686411715,0.0307017257337129,-0.0698910598005968,0.0209009843665403,-0.012603662428531
crop_gddwin,EC-Earth3,-4.5,frost,Durum wheat,8,0.000687589658141682,0.000389703157680058,-2.84955444749288e-06,0.0012111636393226,0.000739432507738883
crop_gddwin,EC-Earth3,-4.5,gdd,Durum wheat,8,0.00113443200511323,0.000894108377387461,-0.000288109865769973,0.00250183427348309,0.000982922414212016
crop_gddwin,EC-Earth3,-4.5,heat,Durum wheat,8,-0.00015044446083418,9.63615706071329e-05,-0.000333013849936082,-4.07884405857687e-05,-0.000125194693708501
crop_gddwin,EC-Earth3,-4.5,precip,Durum wheat,8,-0.00455716929958001,0.0719649100103672,-0.0813848785294839,0.10887380571913,-0.00678719404090926
crop_gddwin,EC-Earth3,-4.5,precip2,Durum wheat,8,-0.0114988947256921,0.0486518312333676,-0.0917755254063946,0.0358962340601426,0.00247638371388804
crop_gddwin,EC-Earth3,-4.5,frost,Soft wheat,8,-0.00229876914739106,0.00164563853237127,-0.00466845562101649,0.00077443121882763,-0.00231910473821813
crop_gddwin,EC-Earth3,-4.5,gdd,Soft wheat,8,0.000319913652108451,0.000281860971705915,-0.000172689076367376,0.00066762099288744,0.000441898211997896
crop_gddwin,EC-Earth3,-4.5,heat,Soft wheat,8,-0.0170019443858757,0.0120888507364498,-0.0403262305146022,0.00152509905066539,-0.0133684475667752
crop_gddwin,EC-Earth3,-4.5,precip,Soft wheat,8,0.0113050375628397,0.0373296815619353,-0.038345556779034,0.0669485993748197,0.0125364800525723
crop_gddwin,EC-Earth3,-4.5,precip2,Soft wheat,8,-0.0168237335776638,0.0301459935337163,-0.0630254531362623,0.0227645882425881,-0.0104687861611898
crop_gddwin,EC-Earth3,-4.5,frost,Spring barley,8,-0.0016205462293964,0.000884416249649833,-0.00296340869647555,-0.000132602586268493,-0.00140095730159824
crop_gddwin,EC-Earth3,-4.5,gdd,Spring barley,8,-0.000407997894369901,0.00033776000543244,-0.000919993155607931,0.000105497895534981,-0.000503673959125681
crop_gddwin,EC-Earth3,-4.5,heat,Spring barley,8,-0.0264980899224361,0.0291059155278492,-0.0790608921727751,0.000478848526785395,-0.0192297772382623
crop_gddwin,EC-Earth3,-4.5,precip,Spring barley,8,0.0367314759937672,0.050913080048701,-0.0280600606217762,0.123130753258732,0.039043095864187
crop_gddwin,EC-Earth3,-4.5,precip2,Spring barley,8,-0.0398645521771157,0.0352386938801235,-0.0988297312065179,0.00500662130375002,-0.0306686218486011
crop_gddwin,EC-Earth3,-4.5,frost,Winter barley,8,-0.00255350830360668,0.00119047503651056,-0.00426577305908281,-0.000615052157124556,-0.00261296364873448
crop_gddwin,EC-Earth3,-4.5,gdd,Winter barley,8,4.58433408015565e-05,5.47362853199651e-05,-5.37033701987284e-05,0.000116084252980412,6.93042664218453e-05
crop_gddwin,EC-Earth3,-4.5,heat,Winter barley,8,-0.00046671554954386,0.000417393002808871,-0.0013524903032717,9.45017157318292e-05,-0.000345205186342712
crop_gddwin,EC-Earth3,-4.5,precip,Winter barley,8,0.00633132532070823,0.0444704060663799,-0.0550079395057688,0.0599867725889637,0.0060528808793565
crop_gddwin,EC-Earth3,-4.5,precip2,Winter barley,8,-0.0147606106872832,0.0349094876127562,-0.0572593542816942,0.032519501526754,-0.00652586626180742
crop_gddwin,EC-Earth3,-3.5,frost,ALL,8,-0.00244214377315562,0.000476310035780727,-0.00312561242567625,-0.00184448735444086,-0.00227947517853763
crop_gddwin,EC-Earth3,-3.5,gdd,ALL,8,0.00023192483362615,9.09738390800482e-05,0.000107025897842152,0.000387920593669172,0.000282465402188269
crop_gddwin,EC-Earth3,-3.5,heat,ALL,8,-0.0194718962298391,0.0103230745710077,-0.0369424084099426,-0.00489748167187209,-0.0143204572167328
crop_gddwin,EC-Earth3,-3.5,precip,ALL,8,-0.00396591472252045,0.0649855007722655,-0.0974305838827179,0.0791084435725306,-0.00733086843774858
crop_gddwin,EC-Earth3,-3.5,precip2,ALL,8,-0.0138181786499165,0.0486767316922832,-0.0882728607516561,0.0487935107586847,0.00095089657761492
crop_gddwin,EC-Earth3,-3.5,frost,Durum wheat,8,0.000820369525205249,0.000116978869771247,0.000698651450289625,0.00105031229117489,0.000816193440135874
crop_gddwin,EC-Earth3,-3.5,gdd,Durum wheat,8,0.00129594878173607,0.000336446930370872,0.000858108506931092,0.00183488364608386,0.00150024734410496
crop_gddwin,EC-Earth3,-3.5,heat,Durum wheat,8,-0.000164612512509869,6.81112111184703e-05,-0.000305334405387924,-8.68057339644993e-05,-0.000136368751104409
crop_gddwin,EC-Earth3,-3.5,precip,Durum wheat,8,-0.0184596574886111,0.0788730418035594,-0.121093543838767,0.122338452047854,-0.0197798234842516
crop_gddwin,EC-Earth3,-3.5,precip2,Durum wheat,8,-0.00267247443116084,0.0496813080178686,-0.0963401159917575,0.050530273715149,0.0101115206174229
crop_gddwin,EC-Earth3,-3.5,frost,Soft wheat,8,-0.00306428993534065,0.000547721926668733,-0.00392693929167496,-0.00236167376447371,-0.0028460280393042
crop_gddwin,EC-Earth3,-3.5,gdd,Soft wheat,8,0.000300640517059851,0.000173399584773772,5.37490264498202e-05,0.000597687597149902,0.000343770314912953
crop_gddwin,EC-Earth3,-3.5,heat,Soft wheat,8,-0.023538590271389,0.0116383278480195,-0.0424446432057082,-0.00497506361145467,-0.0190630633483746
crop_gddwin,EC-Earth3,-3.5,precip,Soft wheat,8,-0.0059413313767553,0.0615972953702076,-0.0955432234305896,0.0844476029583915,-0.00937236982846756
crop_gddwin,EC-Earth3,-3.5,precip2,Soft wheat,8,-0.0109617335464083,0.0489647175896736,-0.0947575700992973,0.0515222660097116,0.00282392125390143
crop_gddwin,EC-Earth3,-3.5,frost,Spring barley,8,-0.00197977248684058,0.000610221747605904,-0.00295666982057892,-0.0013804330252082,-0.00188048255855821
crop_gddwin,EC-Earth3,-3.5,gdd,Spring barley,8,-0.000377438384102102,0.000211990724876875,-0.000742252849312505,-5.41855747466979e-05,-0.000347923714648143
crop_gddwin,EC-Earth3,-3.5,heat,Spring barley,8,-0.0307513744407919,0.0194496034118885,-0.0646550835221525,-0.0104363709287082,-0.0175679810555504
crop_gddwin,EC-Earth3,-3.5,precip,Spring barley,8,0.0080316551004182,0.0670803330458289,-0.0800900384433749,0.0902459815418311,0.0043078229449709
crop_gddwin,EC-Earth3,-3.5,precip2,Spring barley,8,-0.0262819429327368,0.0448404637908449,-0.0875768580936297,0.0383512994417805,-0.00873864499005911
crop_gddwin,EC-Earth3,-3.5,frost,Winter barley,8,-0.00291509190985136,0.000488946691508801,-0.00356224477907378,-0.002228603497994,-0.00276952820477322
crop_gddwin,EC-Earth3,-3.5,gdd,Winter barley,8,4.52166682111382e-05,2.81341656815163e-05,1.02257060081256e-05,8.56442126349706e-05,4.43146001192915e-05
crop_gddwin,EC-Earth3,-3.5,heat,Winter barley,8,-0.000578365776546044,0.000363803369926489,-0.00119582287737029,-0.000127875097353666,-0.000413223878675968
crop_gddwin,EC-Earth3,-3.5,precip,Winter barley,8,-0.00242883778393132,0.0811377457486673,-0.112829847166871,0.113243878583682,-0.00649844292727746
crop_gddwin,EC-Earth3,-3.5,precip2,Winter barley,8,-0.0158844406494626,0.0653459504640638,-0.124730853742707,0.061183139669509,0.000419526746528282
crop_gddwin,EC-Earth3,-2.5,frost,ALL,11,-0.000971505944143552,0.00152266072371445,-0.00268002776508263,0.00224521349230425,-0.0011271102749742
crop_gddwin,EC-Earth3,-2.5,gdd,ALL,11,0.000248415542590688,0.000129803562386991,6.80535171775283e-05,0.00048918039829423,0.000294166345017421
crop_gddwin,EC-Earth3,-2.5,heat,ALL,11,-0.0186694389994798,0.00908523279976045,-0.0338839664686238,-0.00834094749732807,-0.0154166996628328
crop_gddwin,EC-Earth3,-2.5,precip,ALL,11,-0.00487977501837346,0.0435832343428319,-0.063221373495968,0.0803770283194363,-0.00495485708365484
crop_gddwin,EC-Earth3,-2.5,precip2,ALL,11,-0.00873738867198412,0.0381716109693297,-0.0883234220249538,0.0376256886463855,0.00113528768801294
crop_gddwin,EC-Earth3,-2.5,frost,Durum wheat,11,0.000190149018511827,0.000836272014149591,-0.00183125165449769,0.00111856812665513,0.000373123160425923
crop_gddwin,EC-Earth3,-2.5,gdd,Durum wheat,11,0.00120964280212499,0.000631122435077,-0.00010022346887675,0.00219892687353793,0.00144696860484061
crop_gddwin,EC-Earth3,-2.5,heat,Durum wheat,11,-0.000182223537977492,7.77069200888303e-05,-0.000332967235520912,-7.53372907644752e-05,-0.000155058028689065
crop_gddwin,EC-Earth3,-2.5,precip,Durum wheat,11,-0.0261161197121418,0.0792725277272855,-0.0941308784225838,0.142341564050836,-0.0306496687144909
crop_gddwin,EC-Earth3,-2.5,precip2,Durum wheat,11,6.74751844082632e-05,0.0550983487271278,-0.125790213482027,0.04058254319895,0.0157196230121171
crop_gddwin,EC-Earth3,-2.5,frost,Soft wheat,11,-0.00118048205739587,0.00193566937609354,-0.00331018350266798,0.00277119455229825,-0.00143781487491884
crop_gddwin,EC-Earth3,-2.5,gdd,Soft wheat,11,0.000343933915115564,0.000189963886122405,0.000115700987599907,0.000759930293013787,0.000440620516002171
crop_gddwin,EC-Earth3,-2.5,heat,Soft wheat,11,-0.0218415909830081,0.0112695778232047,-0.0404756727592731,-0.00639449811521374,-0.0187748351338311
crop_gddwin,EC-Earth3,-2.5,precip,Soft wheat,11,-0.00462596020642188,0.0460525864725818,-0.0530151340621237,0.0942872747408575,-0.004341987834716
crop_gddwin,EC-Earth3,-2.5,precip2,Soft wheat,11,-0.00665483536187363,0.0410053022018877,-0.0965477718213115,0.0347122041753281,0.00200229488977746
crop_gddwin,EC-Earth3,-2.5,frost,Spring barley,11,-0.000603927728288122,0.00148796439674814,-0.00280272727395677,0.00239101223696999,-0.000534674308641924
crop_gddwin,EC-Earth3,-2.5,gdd,Spring barley,11,-0.000380166831333255,0.000201036801852168,-0.000912179639621123,-0.000186898256182906,-0.000563590309535703
crop_gddwin,EC-Earth3,-2.5,heat,Spring barley,11,-0.0315254677234872,0.0207790859388405,-0.0652321297472972,-0.00546050787379964,-0.023898475066995
crop_gddwin,EC-Earth3,-2.5,precip,Spring barley,11,0.0110206144956746,0.0508018699204328,-0.084427619366369,0.0998583221984133,0.0125711237906365
crop_gddwin,EC-Earth3,-2.5,precip2,Spring barley,11,-0.0237388950444617,0.0429328649584735,-0.112321513651036,0.0436782338705233,-0.0136768997782537
crop_gddwin,EC-Earth3,-2.5,frost,Winter barley,11,-0.00148282843021002,0.00159016296442465,-0.00325492985880345,0.00199700808051338,-0.00178758167236418
crop_gddwin,EC-Earth3,-2.5,gdd,Winter barley,11,5.35199238126105e-05,3.65431211685406e-05,4.06982017932908e-06,0.00013197350117461,7.75891125890745e-05
crop_gddwin,EC-Earth3,-2.5,heat,Winter barley,11,-0.00061365156997944,0.000342025449708408,-0.00114265700412571,-0.000198715741931303,-0.000511412997548113
crop_gddwin,EC-Earth3,-2.5,precip,Winter barley,11,-0.0132327990162752,0.0508514157240638,-0.0666071180687968,0.0890601533313218,-0.0138691345356336
crop_gddwin,EC-Earth3,-2.5,precip2,Winter barley,11,-0.00225665489183161,0.0462208617463818,-0.0977034173207986,0.0421710253062627,0.00815024785937972
crop_gddwin,IPSL-CM6A-LR,-5.5,frost,ALL,4,-0.00175889063112018,0.00060770776940943,-0.00241066636454347,-0.00112318990897344,-0.00179900535485989
crop_gddwin,IPSL-CM6A-LR,-5.5,gdd,ALL,4,-4.03830751371213e-06,8.04847474192843e-05,-7.04650345832698e-05,9.80393257393654e-05,-2.88378678674294e-05
crop_gddwin,IPSL-CM6A-LR,-5.5,heat,ALL,4,-0.0126612522523007,0.00322529181146688,-0.0166502007591705,-0.0095615380137746,-0.0112753060255168
crop_gddwin,IPSL-CM6A-LR,-5.5,precip,ALL,4,-0.0192515631495558,0.0140735462799607,-0.0357183625344401,-0.0019563932629131,-0.0164063153811034
crop_gddwin,IPSL-CM6A-LR,-5.5,precip2,ALL,4,0.00984671170953214,0.00975148990806515,-0.000335954367754037,0.0228230864089644,0.0118488924264683
crop_gddwin,IPSL-CM6A-LR,-5.5,frost,Durum wheat,4,0.000662982282338975,0.000153537494241878,0.000572588085228838,0.00089257156992811,0.000587877413023154
crop_gddwin,IPSL-CM6A-LR,-5.5,gdd,Durum wheat,4,8.78443696691517e-05,0.000516576756082959,-0.0006055622445841,0.000630253651411096,-0.000149633623455633
crop_gddwin,IPSL-CM6A-LR,-5.5,heat,Durum wheat,4,-5.97765776065667e-05,2.45586133380614e-05,-9.11480060812248e-05,-3.1300815995832e-05,-5.50265342762251e-05
crop_gddwin,IPSL-CM6A-LR,-5.5,precip,Durum wheat,4,-0.0127286356594396,0.0418442460728375,-0.0431698386156862,0.0463470769828813,-0.0102992705135165
crop_gddwin,IPSL-CM6A-LR,-5.5,precip2,Durum wheat,4,0.00316513191561434,0.0259097447693761,-0.0331458630861738,0.0222953501262259,0.00553951284341834
crop_gddwin,IPSL-CM6A-LR,-5.5,frost,Soft wheat,4,-0.00228496195955133,0.000728019985614923,-0.00311048902041354,-0.00144304560297874,-0.00226599926678497
crop_gddwin,IPSL-CM6A-LR,-5.5,gdd,Soft wheat,4,1.33138950549161e-05,9.19889241333337e-05,-9.97978678077096e-05,0.000124659464397577,3.38768297426112e-05
crop_gddwin,IPSL-CM6A-LR,-5.5,heat,Soft wheat,4,-0.0157295506945648,0.00513408776796814,-0.0227848802326929,-0.011850816044907,-0.0141423723745647
crop_gddwin,IPSL-CM6A-LR,-5.5,precip,Soft wheat,4,-0.0284302614925191,0.014654288695795,-0.0474935588144479,-0.0132579439534474,-0.0255357417536857
crop_gddwin,IPSL-CM6A-LR,-5.5,precip2,Soft wheat,4,0.0164073936207084,0.0103684252832604,0.00694528886591375,0.0306684423796716,0.0181000878601387
crop_gddwin,IPSL-CM6A-LR,-5.5,frost,Spring barley,4,-0.000936084609848276,0.000975762545857105,-0.0018452167742608,0.000200515791443231,-0.00109539525004416
crop_gddwin,IPSL-CM6A-LR,-5.5,gdd,Spring barley,4,-9.24239644007538e-05,6.75744346565101e-05,-0.000183860346815572,-2.16789768819802e-05,-0.000157844743064892
crop_gddwin,IPSL-CM6A-LR,-5.5,heat,Spring barley,4,-0.0188367184928554,0.00358601117182685,-0.0231755255418755,-0.0144017826943991,-0.0163956049427121
crop_gddwin,IPSL-CM6A-LR,-5.5,precip,Spring barley,4,0.00993056167872285,0.0127434285018131,-0.00806765416202751,0.0218357109705097,0.0132440893240527
crop_gddwin,IPSL-CM6A-LR,-5.5,precip2,Spring barley,4,-0.0104499548669273,0.0120514565446697,-0.0229106473893313,0.00583607145267875,-0.00772484310148579
crop_gddwin,IPSL-CM6A-LR,-5.5,frost,Winter barley,4,-0.00253229527648514,0.000411406183522195,-0.00302509944279136,-0.00202142991142001,-0.00262010385707456
crop_gddwin,IPSL-CM6A-LR,-5.5,gdd,Winter barley,4,-1.60626794620275e-05,2.55430756316571e-05,-5.2946466069524e-05,3.8458022442984e-06,-1.48645237661241e-05
crop_gddwin,IPSL-CM6A-LR,-5.5,heat,Winter barley,4,-0.000320009894195695,0.000169644143169555,-0.000462042106259901,-9.54152849408378e-05,-0.000271005202679493
crop_gddwin,IPSL-CM6A-LR,-5.5,precip,Winter barley,4,-0.0279275801489559,0.0159961919076483,-0.0436906028841797,-0.0136613851645311,-0.0256540449122458
crop_gddwin,IPSL-CM6A-LR,-5.5,precip2,Winter barley,4,0.0167159937906192,0.011868421839191,0.00549645419067019,0.0297980335516152,0.0186888717537096
crop_gddwin,IPSL-CM6A-LR,-4.5,frost,ALL,12,-0.000581693384625898,0.00172371644622476,-0.00337919078709657,0.00260684121557129,-0.00063313450203413
crop_gddwin,IPSL-CM6A-LR,-4.5,gdd,ALL,12,0.00016885944728854,0.000146471893212537,4.35289762608769e-06,0.000559954942606117,0.000269189782222329
crop_gddwin,IPSL-CM6A-LR,-4.5,heat,ALL,12,-0.0224339297566685,0.0149159209740648,-0.0517586270750887,-0.00228561911452093,-0.0160586831867054
crop_gddwin,IPSL-CM6A-LR,-4.5,precip,ALL,12,-0.00899545241152969,0.0483828942375152,-0.101394920180197,0.0396327967909307,-0.00539784280620023
crop_gddwin,IPSL-CM6A-LR,-4.5,precip2,ALL,12,-0.0032244739593332,0.031608671275008,-0.0418730961890299,0.0559552619311178,0.00292043145170277
crop_gddwin,IPSL-CM6A-LR,-4.5,frost,Durum wheat,12,0.000105844536680737,0.000555200927499004,-0.000905434081654418,0.000916838166868446,7.26996565543808e-05
crop_gddwin,IPSL-CM6A-LR,-4.5,gdd,Durum wheat,12,0.000827730462510001,0.000697611584369157,3.32638616148494e-05,0.00249314652685606,0.00110860302727484
crop_gddwin,IPSL-CM6A-LR,-4.5,heat,Durum wheat,12,-0.000137481233657985,0.000100772466376293,-0.000326635814455394,-1.34624805632904e-06,-0.000105648045452207
crop_gddwin,IPSL-CM6A-LR,-4.5,precip,Durum wheat,12,-0.0167935375112597,0.0691240546988264,-0.169645555455227,0.0605320116488697,-0.0125549775406148
crop_gddwin,IPSL-CM6A-LR,-4.5,precip2,Durum wheat,12,-0.00130384470495228,0.0354229338757372,-0.0455692862348884,0.0626485171815763,0.00603152754222386
crop_gddwin,IPSL-CM6A-LR,-4.5,frost,Soft wheat,12,-0.000720374886526478,0.0021820560766316,-0.00411513051639306,0.00358015892306364,-0.000811423843378673
crop_gddwin,IPSL-CM6A-LR,-4.5,gdd,Soft wheat,12,0.000215419973049183,0.000240444634461131,-8.33515508092255e-05,0.000780171088817323,0.000392966505019607
crop_gddwin,IPSL-CM6A-LR,-4.5,heat,Soft wheat,12,-0.027824513992964,0.0191474042154627,-0.0708973966530436,-0.00534768819466099,-0.0212924182607863
crop_gddwin,IPSL-CM6A-LR,-4.5,precip,Soft wheat,12,-0.00942558205129667,0.0467120959078315,-0.0951331030891569,0.044121638822526,-0.0067866001826007
crop_gddwin,IPSL-CM6A-LR,-4.5,precip2,Soft wheat,12,-0.00112992930599247,0.032484735132687,-0.0449193269535514,0.0565730266045745,0.00500259832085943
crop_gddwin,IPSL-CM6A-LR,-4.5,frost,Spring barley,12,-9.50487690007725e-05,0.00165011242134966,-0.0032276216087948,0.00228210593431819,-7.44878520815972e-06
crop_gddwin,IPSL-CM6A-LR,-4.5,gdd,Spring barley,12,-0.000197491374293102,0.000313266949813957,-0.00075991036381959,0.000242012312907265,-0.000364674894785776
crop_gddwin,IPSL-CM6A-LR,-4.5,heat,Spring barley,12,-0.033425965857036,0.0252398302470326,-0.0672777570696444,0.00512933396903512,-0.0199763877029407
crop_gddwin,IPSL-CM6A-LR,-4.5,precip,Spring barley,12,-0.00160573776276943,0.0543325607245905,-0.110794822805806,0.0653958182432468,0.00502315138408943
crop_gddwin,IPSL-CM6A-LR,-4.5,precip2,Spring barley,12,-0.0117292363195847,0.0340047607552382,-0.051276690118287,0.0606888774693192,-0.00669711597426993
crop_gddwin,IPSL-CM6A-LR,-4.5,frost,Winter barley,12,-0.00120826994524222,0.00162219883110549,-0.00369041027255962,0.00116957230481061,-0.00130876826033239
crop_gddwin,IPSL-CM6A-LR,-4.5,gdd,Winter barley,12,2.09190080419989e-05,4.99968785889465e-05,-5.09455078846865e-05,0.000131644812800811,5.39825215774692e-05
crop_gddwin,IPSL-CM6A-LR,-4.5,heat,Winter barley,12,-0.000662413545065237,0.000553275090557755,-0.0019549968188091,4.08327151755168e-05,-0.000451447828438486
crop_gddwin,IPSL-CM6A-LR,-4.5,precip,Winter barley,12,-0.012124113643192,0.0505588152860985,-0.10689820051783,0.0482141988561416,-0.00937952362118892
crop_gddwin,IPSL-CM6A-LR,-4.5,precip2,Winter barley,12,-0.00108614550814765,0.0354735063866146,-0.0484786701578661,0.0601955504531462,0.00583695806696899
crop_gddwin,IPSL-CM6A-LR,-3.5,frost,ALL,7,7.25576682368203e-05,0.00120391946433739,-0.00136081142414296,0.00233976099334267,0.000416521786559829
crop_gddwin,IPSL-CM6A-LR,-3.5,gdd,ALL,7,0.000275311877261606,0.000236155005934364,-0.000165597219486721,0.00051475546597178,0.000330183544893142
crop_gddwin,IPSL-CM6A-LR,-3.5,heat,ALL,7,-0.0258514823427461,0.0145604592877645,-0.0479446935158432,-0.00171145183957226,-0.0226905641837643
crop_gddwin,IPSL-CM6A-LR,-3.5,precip,ALL,7,-0.0106673451289653,0.0362592751624781,-0.0451975579447897,0.0639062895641879,-0.00299847126989485
crop_gddwin,IPSL-CM6A-LR,-3.5,precip2,ALL,7,0.00222823706050252,0.027569730665331,-0.0552984480514877,0.0283513520505421,0.00340523596306626
crop_gddwin,IPSL-CM6A-LR,-3.5,frost,Durum wheat,7,-0.000286848021335652,0.000755335153757878,-0.00163099016225118,0.000516644371237549,-0.000233922985532932
crop_gddwin,IPSL-CM6A-LR,-3.5,gdd,Durum wheat,7,0.00126481190167403,0.000826308067481607,-0.000311540168637762,0.00215250140309135,0.00146884275169131
crop_gddwin,IPSL-CM6A-LR,-3.5,heat,Durum wheat,7,-0.000144528866062157,8.33442661864643e-05,-0.000236750104137767,-9.48965096950259e-06,-0.000132722641294079
crop_gddwin,IPSL-CM6A-LR,-3.5,precip,Durum wheat,7,0.0306944877574339,0.0452934187930564,-0.0159698356551824,0.114832097875192,0.0323052293443618
crop_gddwin,IPSL-CM6A-LR,-3.5,precip2,Durum wheat,7,-0.0291066761329095,0.0332804901203834,-0.0920547313293553,0.0029811501653275,-0.0217915353717929
crop_gddwin,IPSL-CM6A-LR,-3.5,frost,Soft wheat,7,0.000200080021657214,0.00157888208008688,-0.00181314403778987,0.00310431379637365,0.000525399195804347
crop_gddwin,IPSL-CM6A-LR,-3.5,gdd,Soft wheat,7,0.000397938740856601,0.000401121184913097,-0.000357512767467801,0.000824457712186771,0.000518281522736468
crop_gddwin,IPSL-CM6A-LR,-3.5,heat,Soft wheat,7,-0.0321728361968754,0.016304826130013,-0.0544336727531188,-0.00481586769640685,-0.028623239719148
crop_gddwin,IPSL-CM6A-LR,-3.5,precip,Soft wheat,7,-0.0168855594026448,0.0376306899986273,-0.0513929338937799,0.0565748176218172,-0.00969418037524228
crop_gddwin,IPSL-CM6A-LR,-3.5,precip2,Soft wheat,7,0.00700908790663057,0.0290485453261576,-0.0517476684303058,0.0339489621747311,0.00779297899890229
crop_gddwin,IPSL-CM6A-LR,-3.5,frost,Spring barley,7,0.000406674713824456,0.00115974829095546,-0.000535581468891395,0.00274599561912793,0.000979891133337638
crop_gddwin,IPSL-CM6A-LR,-3.5,gdd,Spring barley,7,-0.000433634861760063,0.000426960993043216,-0.000918073942764204,0.000415748085510752,-0.000622392301049313
crop_gddwin,IPSL-CM6A-LR,-3.5,heat,Spring barley,7,-0.0381120785585942,0.0280071564790438,-0.0857265419418013,0.00514043166165179,-0.0323479152601088
crop_gddwin,IPSL-CM6A-LR,-3.5,precip,Spring barley,7,-0.0054070063737397,0.0381951508427628,-0.0641713822063265,0.0631070492254347,0.00580279362344726
crop_gddwin,IPSL-CM6A-LR,-3.5,precip2,Spring barley,7,-0.00146200675536103,0.0257038650537149,-0.0485686696154119,0.0383091379250402,-0.00150873342783349
crop_gddwin,IPSL-CM6A-LR,-3.5,frost,Winter barley,7,-0.000671393511797463,0.00123575010864742,-0.00225162244919645,0.00149528217760693,-0.000366728272181694
crop_gddwin,IPSL-CM6A-LR,-3.5,gdd,Winter barley,7,6.29912619201446e-05,8.74384955813942e-05,-9.95967186675479e-05,0.00016520026269373,8.77932155188836e-05
crop_gddwin,IPSL-CM6A-LR,-3.5,heat,Winter barley,7,-0.000902775581533172,0.000574985554948818,-0.00176956119352086,5.07525223321438e-05,-0.000783426981947215
crop_gddwin,IPSL-CM6A-LR,-3.5,precip,Winter barley,7,-0.0227002961849085,0.0417998074359346,-0.0652118672104985,0.0581846720908184,-0.0137143392967572
crop_gddwin,IPSL-CM6A-LR,-3.5,precip2,Winter barley,7,0.0106316824777777,0.0314453003180819,-0.0527981386891993,0.0392025723626639,0.0107083187834224
crop_gddwin,IPSL-CM6A-LR,-2.5,frost,ALL,6,-7.63292314734369e-05,0.00138228738755936,-0.00245557529626809,0.0012424373362502,-5.57650064675871e-05
crop_gddwin,IPSL-CM6A-LR,-2.5,gdd,ALL,6,0.000130805755135713,0.000155126952820157,-6.13234140765622e-05,0.000381552339854655,0.000177779031531314
crop_gddwin,IPSL-CM6A-LR,-2.5,heat,ALL,6,-0.015992156020384,0.0053468391916934,-0.0233335849342853,-0.00763718580253625,-0.0136709953815661
crop_gddwin,IPSL-CM6A-LR,-2.5,precip,ALL,6,0.00918136164587172,0.0183379238342308,-0.0144595932083192,0.0283962609108068,0.013240701642812
crop_gddwin,IPSL-CM6A-LR,-2.5,precip2,ALL,6,-0.0150189352042955,0.0132485498967322,-0.0296816399562914,0.00655254361219487,-0.00918460937371326
crop_gddwin,IPSL-CM6A-LR,-2.5,frost,Durum wheat,6,1.44692733851984e-05,0.000546453936436821,-0.000392870024801785,0.00105682050776595,9.2274218187508e-05
crop_gddwin,IPSL-CM6A-LR,-2.5,gdd,Durum wheat,6,0.000661261133657371,0.000762713326857967,-0.00023995361498496,0.0017748300344226,0.000893036724299744
crop_gddwin,IPSL-CM6A-LR,-2.5,heat,Durum wheat,6,-9.54755141435887e-05,6.59483664299701e-05,-0.000176207731332235,-3.49443393879649e-05,-8.4629003552518e-05
crop_gddwin,IPSL-CM6A-LR,-2.5,precip,Durum wheat,6,0.0192408876684773,0.0584094597018746,-0.067890471327422,0.0882987818174109,0.0215739056129716
crop_gddwin,IPSL-CM6A-LR,-2.5,precip2,Durum wheat,6,-0.0208579330663273,0.0360631576256815,-0.0682774972885109,0.0301824041729667,-0.0121285917614784
crop_gddwin,IPSL-CM6A-LR,-2.5,frost,Soft wheat,6,-0.000220592860964991,0.00175258059319312,-0.00314099728273108,0.00157254348561244,-0.000184619890939329
crop_gddwin,IPSL-CM6A-LR,-2.5,gdd,Soft wheat,6,0.000153857454367543,0.000246598950713455,-0.000250117556237466,0.000499049361892685,0.000256354485981756
crop_gddwin,IPSL-CM6A-LR,-2.5,heat,Soft wheat,6,-0.0198402949789684,0.00749341577435908,-0.028417879755452,-0.00736126540378341,-0.0174935782113134
crop_gddwin,IPSL-CM6A-LR,-2.5,precip,Soft wheat,6,0.000640102440538347,0.0132019862072629,-0.0143463983496113,0.0161202767352975,0.00445317940240716
crop_gddwin,IPSL-CM6A-LR,-2.5,precip2,Soft wheat,6,-0.00776966418543735,0.0114862770375796,-0.024591066238134,0.00773948046089069,-0.00345785074487928
crop_gddwin,IPSL-CM6A-LR,-2.5,frost,Spring barley,6,0.00082370152479575,0.00156253733994241,-0.00183706287078293,0.00277569243908408,0.000655795551496284
crop_gddwin,IPSL-CM6A-LR,-2.5,gdd,Spring barley,6,-0.000125917428093563,0.000239916657215747,-0.000458383155273923,0.000164284043267073,-0.000311882715578261
crop_gddwin,IPSL-CM6A-LR,-2.5,heat,Spring barley,6,-0.0238309190611279,0.00715346234130635,-0.036225622290009,-0.0175311795731613,-0.0188379283219706
crop_gddwin,IPSL-CM6A-LR,-2.5,precip,Spring barley,6,0.029651258928839,0.028593951890129,-0.0232503058168704,0.063510116328842,0.0356317187199232
crop_gddwin,IPSL-CM6A-LR,-2.5,precip2,Spring barley,6,-0.0334412378477211,0.0241570370336553,-0.0579350837122455,0.00966665018154159,-0.0246304981354172
crop_gddwin,IPSL-CM6A-LR,-2.5,frost,Winter barley,6,-0.000837150940601117,0.00140920357634039,-0.00307331524216461,0.000504409117437312,-0.000651750342627595
crop_gddwin,IPSL-CM6A-LR,-2.5,gdd,Winter barley,6,1.65371849512198e-05,5.08879199577387e-05,-6.93284445731139e-05,8.35797588742015e-05,3.3207595195199e-05
crop_gddwin,IPSL-CM6A-LR,-2.5,heat,Winter barley,6,-0.000447266345124911,0.000217546743446989,-0.000731455550523515,-0.000133209180906839,-0.000377387824890362
crop_gddwin,IPSL-CM6A-LR,-2.5,precip,Winter barley,6,0.00778438836925989,0.0256290802979533,-0.0190818616738728,0.0475531492669179,0.0113663767829185
crop_gddwin,IPSL-CM6A-LR,-2.5,precip2,Winter barley,6,-0.014299050144149,0.0222024570621701,-0.0532191973417432,0.00902920199959071,-0.00855360331873184
energy Electricity,EC-Earth3,-4.5,cdd_jja,ALL,8,0.0440306220814533,0.00979334459466365,0.0274256004483196,0.0553248948510509,0.0432321897681299
energy Electricity,EC-Earth3,-4.5,hdd_calendar,ALL,8,-0.0722899304990003,0.0143582388480199,-0.0951872494624066,-0.0498504531147573,-0.0731119716393488
energy Electricity,EC-Earth3,-3.5,cdd_jja,ALL,8,0.0533831343301941,0.0164672665255184,0.0350016899853548,0.0795652749394764,0.0520040997034746
energy Electricity,EC-Earth3,-3.5,hdd_calendar,ALL,8,-0.0769303425061768,0.011140637814754,-0.0919436011162267,-0.0612296782128673,-0.0781691746237643
energy Electricity,EC-Earth3,-2.5,cdd_jja,ALL,11,0.0389823088188943,0.00656227089504627,0.0288656164838849,0.0489669669236912,0.0380284222146859
energy Electricity,EC-Earth3,-2.5,hdd_calendar,ALL,11,-0.0612775425211595,0.0102257479162275,-0.0755141326382603,-0.0366381136593244,-0.0621931555924603
energy Electricity,IPSL-CM6A-LR,-5.5,cdd_jja,ALL,4,0.0395677515856091,0.0128670013361567,0.0252739849651008,0.0521596706751129,0.0388373498215093
energy Electricity,IPSL-CM6A-LR,-5.5,hdd_calendar,ALL,4,-0.0728581606233171,0.00759185548299593,-0.0815362961447691,-0.0650968223492832,-0.0735902193589779
energy Electricity,IPSL-CM6A-LR,-4.5,cdd_jja,ALL,12,0.0383810685467222,0.00826387184437768,0.0258551983889131,0.0492350427076389,0.037291833519872
energy Electricity,IPSL-CM6A-LR,-4.5,hdd_calendar,ALL,12,-0.0628170692322013,0.0168718347746115,-0.0851964026368915,-0.023390920778825,-0.0641568517698383
energy Electricity,IPSL-CM6A-LR,-3.5,cdd_jja,ALL,7,0.0413652817720634,0.0120869196514044,0.0299922252105137,0.0669165548521207,0.039997702217969
energy Electricity,IPSL-CM6A-LR,-3.5,hdd_calendar,ALL,7,-0.063299785364367,0.00914255428030825,-0.0694999779414452,-0.0439176787976376,-0.0641056246094196
energy Electricity,IPSL-CM6A-LR,-2.5,cdd_jja,ALL,6,0.0304486760753207,0.00887633828591583,0.0203848679351468,0.0469273100938556,0.0295698375761641
energy Electricity,IPSL-CM6A-LR,-2.5,hdd_calendar,ALL,6,-0.0561229515275425,0.0148053037284508,-0.0781317470359038,-0.0332985308787385,-0.0570929186897337
energy Natural gas,EC-Earth3,-4.5,hdd_octmar,ALL,8,-0.107355496489444,0.0281083903593614,-0.153114591044153,-0.0584148243571523,-0.107957426499651
energy Natural gas,EC-Earth3,-3.5,hdd_octmar,ALL,8,-0.114411597051962,0.0217801037625663,-0.137290027151054,-0.0764035048984703,-0.115199573895138
energy Natural gas,EC-Earth3,-2.5,hdd_octmar,ALL,11,-0.0886904287062928,0.022204946144412,-0.115554710401683,-0.0361950843475422,-0.0893419897506293
energy Natural gas,IPSL-CM6A-LR,-5.5,hdd_octmar,ALL,4,-0.109618423421614,0.0134626809902759,-0.125022387565073,-0.0944364727736039,-0.11042288987606
energy Natural gas,IPSL-CM6A-LR,-4.5,hdd_octmar,ALL,12,-0.0935803926608773,0.0304943432849483,-0.128783974801661,-0.0174457417900085,-0.0946691136795273
energy Natural gas,IPSL-CM6A-LR,-3.5,hdd_octmar,ALL,7,-0.0925391818640172,0.0166778309129096,-0.104780430330383,-0.0569354110065062,-0.0929857367380772
energy Natural gas,IPSL-CM6A-LR,-2.5,hdd_octmar,ALL,6,-0.0832937759092094,0.0256546554705365,-0.122233173664117,-0.0453965337408991,-0.0839474577083994
