model,cntr,crop,component,dln
ec-earth3,CZ,Soft wheat,gdd_mj,-0.177399707934593
ipsl-cm6a-lr,CZ,Soft wheat,gdd_mj,-0.169808357813641
ec-earth3,DE,Soft wheat,gdd_mj,-0.167357622234799
ipsl-cm6a-lr,DE,Soft wheat,gdd_mj,-0.15999079839839
ec-earth3,DK,Soft wheat,gdd_mj,-0.158613009815455
ipsl-cm6a-lr,DK,Soft wheat,gdd_mj,-0.139050521913728
ec-earth3,EE,Soft wheat,gdd_mj,-0.162205737702435
ipsl-cm6a-lr,EE,Soft wheat,gdd_mj,-0.174521177700749
ec-earth3,EL,Soft wheat,gdd_mj,-0.218601213905104
ipsl-cm6a-lr,EL,Soft wheat,gdd_mj,-0.16748834725376
ec-earth3,ES,Soft wheat,gdd_mj,-0.229302018224601
ipsl-cm6a-lr,ES,Soft wheat,gdd_mj,-0.166275607509485
ec-earth3,FI,Soft wheat,gdd_mj,-0.169545998738959
ipsl-cm6a-lr,FI,Soft wheat,gdd_mj,-0.169584538910829
ec-earth3,FR,Soft wheat,gdd_mj,-0.179103342911247
ipsl-cm6a-lr,FR,Soft wheat,gdd_mj,-0.152971045926748
ec-earth3,HU,Soft wheat,gdd_mj,-0.206303497859025
ipsl-cm6a-lr,HU,Soft wheat,gdd_mj,-0.179267434218573
ec-earth3,IT,Soft wheat,gdd_mj,-0.211160015018676
ipsl-cm6a-lr,IT,Soft wheat,gdd_mj,-0.167382400249522
ec-earth3,LT,Soft wheat,gdd_mj,-0.153521275827059
ipsl-cm6a-lr,LT,Soft wheat,gdd_mj,-0.17755756227211
ec-earth3,LV,Soft wheat,gdd_mj,-0.157235819886484
ipsl-cm6a-lr,LV,Soft wheat,gdd_mj,-0.177282105244806
ec-earth3,RO,Soft wheat,gdd_mj,-0.199784906374215
ipsl-cm6a-lr,RO,Soft wheat,gdd_mj,-0.180706882253568
ec-earth3,SE,Soft wheat,gdd_mj,-0.16519672644393
ipsl-cm6a-lr,SE,Soft wheat,gdd_mj,-0.159166659389947
ec-earth3,SK,Soft wheat,gdd_mj,-0.199386299735439
ipsl-cm6a-lr,SK,Soft wheat,gdd_mj,-0.178962734062469
ec-earth3,EL,Durum wheat,gdd_mj,-0.256152103136794
ipsl-cm6a-lr,EL,Durum wheat,gdd_mj,-0.199898919916598
ec-earth3,ES,Durum wheat,gdd_mj,-0.252392559942185
ipsl-cm6a-lr,ES,Durum wheat,gdd_mj,-0.186391760945596
ec-earth3,FR,Durum wheat,gdd_mj,-0.242687272874229
ipsl-cm6a-lr,FR,Durum wheat,gdd_mj,-0.19195934042277
ec-earth3,HU,Durum wheat,gdd_mj,-0.251106353683894
ipsl-cm6a-lr,HU,Durum wheat,gdd_mj,-0.21754152976696
ec-earth3,IT,Durum wheat,gdd_mj,-0.247938343248635
ipsl-cm6a-lr,IT,Durum wheat,gdd_mj,-0.186886053777352
ec-earth3,RO,Durum wheat,gdd_mj,-0.243487245621166
ipsl-cm6a-lr,RO,Durum wheat,gdd_mj,-0.221332807118682
ec-earth3,SK,Durum wheat,gdd_mj,-0.246014296275003
ipsl-cm6a-lr,SK,Durum wheat,gdd_mj,-0.217737478162986
ec-earth3,CZ,Spring barley,gdd_mj,-0.345154540608628
ipsl-cm6a-lr,CZ,Spring barley,gdd_mj,-0.330255646302625
ec-earth3,DE,Spring barley,gdd_mj,-0.329790121684209
ipsl-cm6a-lr,DE,Spring barley,gdd_mj,-0.311164057768656
ec-earth3,DK,Spring barley,gdd_mj,-0.304899216317903
ipsl-cm6a-lr,DK,Spring barley,gdd_mj,-0.267713444465735
ec-earth3,EE,Spring barley,gdd_mj,-0.315652019404681
ipsl-cm6a-lr,EE,Spring barley,gdd_mj,-0.337606490109269
ec-earth3,ES,Spring barley,gdd_mj,-0.451347508440421
ipsl-cm6a-lr,ES,Spring barley,gdd_mj,-0.328311481600145
ec-earth3,FI,Spring barley,gdd_mj,-0.329967304202558
ipsl-cm6a-lr,FI,Spring barley,gdd_mj,-0.323450915236251
ec-earth3,FR,Spring barley,gdd_mj,-0.349359528624405
ipsl-cm6a-lr,FR,Spring barley,gdd_mj,-0.305141036494266
ec-earth3,HU,Spring barley,gdd_mj,-0.401215159986895
ipsl-cm6a-lr,HU,Spring barley,gdd_mj,-0.349442605516646
ec-earth3,LT,Spring barley,gdd_mj,-0.298185121651159
ipsl-cm6a-lr,LT,Spring barley,gdd_mj,-0.343634938358488
ec-earth3,LV,Spring barley,gdd_mj,-0.305290243075624
ipsl-cm6a-lr,LV,Spring barley,gdd_mj,-0.343697333262221
ec-earth3,SE,Spring barley,gdd_mj,-0.32451805636376
ipsl-cm6a-lr,SE,Spring barley,gdd_mj,-0.305157164223525
ec-earth3,SK,Spring barley,gdd_mj,-0.387714437315856
ipsl-cm6a-lr,SK,Spring barley,gdd_mj,-0.346974438238374
ec-earth3,CZ,Winter barley,gdd_mj,-0.367283051349963
ipsl-cm6a-lr,CZ,Winter barley,gdd_mj,-0.351244300856164
ec-earth3,DE,Winter barley,gdd_mj,-0.348941404140592
ipsl-cm6a-lr,DE,Winter barley,gdd_mj,-0.333489844640252
ec-earth3,DK,Winter barley,gdd_mj,-0.325072018586537
ipsl-cm6a-lr,DK,Winter barley,gdd_mj,-0.286708474355819
ec-earth3,EE,Winter barley,gdd_mj,-0.339520196293545
ipsl-cm6a-lr,EE,Winter barley,gdd_mj,-0.361360672882913
ec-earth3,EL,Winter barley,gdd_mj,-0.436836067977772
ipsl-cm6a-lr,EL,Winter barley,gdd_mj,-0.342013585621738
ec-earth3,ES,Winter barley,gdd_mj,-0.478923408979986
ipsl-cm6a-lr,ES,Winter barley,gdd_mj,-0.347212000314969
ec-earth3,FR,Winter barley,gdd_mj,-0.378019517438888
ipsl-cm6a-lr,FR,Winter barley,gdd_mj,-0.323273575826984
ec-earth3,HU,Winter barley,gdd_mj,-0.430451995777513
ipsl-cm6a-lr,HU,Winter barley,gdd_mj,-0.373011692065771
ec-earth3,IT,Winter barley,gdd_mj,-0.438369293079972
ipsl-cm6a-lr,IT,Winter barley,gdd_mj,-0.33829588026544
ec-earth3,LT,Winter barley,gdd_mj,-0.31956943255285
ipsl-cm6a-lr,LT,Winter barley,gdd_mj,-0.36976955942431
ec-earth3,LV,Winter barley,gdd_mj,-0.329279164898357
ipsl-cm6a-lr,LV,Winter barley,gdd_mj,-0.367688084869753
ec-earth3,SE,Winter barley,gdd_mj,-0.349341160669879
ipsl-cm6a-lr,SE,Winter barley,gdd_mj,-0.325803709258905
ec-earth3,SK,Winter barley,gdd_mj,-0.415715218256454
ipsl-cm6a-lr,SK,Winter barley,gdd_mj,-0.373209286993224
ec-earth3,CZ,Soft wheat,heat_mj,-0.0760894475657008
ipsl-cm6a-lr,CZ,Soft wheat,heat_mj,-0.0773312655811642
ec-earth3,DE,Soft wheat,heat_mj,-0.0554794757677579
ipsl-cm6a-lr,DE,Soft wheat,heat_mj,-0.058023675121968
ec-earth3,DK,Soft wheat,heat_mj,-0.0102308551664997
ipsl-cm6a-lr,DK,Soft wheat,heat_mj,-0.0110532032899624
ec-earth3,EE,Soft wheat,heat_mj,-0.021528798160765
ipsl-cm6a-lr,EE,Soft wheat,heat_mj,-0.0438215462354363
ec-earth3,EL,Soft wheat,heat_mj,-0.233423700454636
ipsl-cm6a-lr,EL,Soft wheat,heat_mj,-0.1650792311179
ec-earth3,ES,Soft wheat,heat_mj,-0.234333665854352
ipsl-cm6a-lr,ES,Soft wheat,heat_mj,-0.146938189415336
ec-earth3,FI,Soft wheat,heat_mj,-0.0182403665112286
ipsl-cm6a-lr,FI,Soft wheat,heat_mj,-0.0336656469772776
ec-earth3,FR,Soft wheat,heat_mj,-0.0855454413969556
ipsl-cm6a-lr,FR,Soft wheat,heat_mj,-0.0661835301188799
ec-earth3,HU,Soft wheat,heat_mj,-0.198871028994201
ipsl-cm6a-lr,HU,Soft wheat,heat_mj,-0.150000983545888
ec-earth3,IT,Soft wheat,heat_mj,-0.230937805405289
ipsl-cm6a-lr,IT,Soft wheat,heat_mj,-0.144690611680644
ec-earth3,LT,Soft wheat,heat_mj,-0.0313315433494562
ipsl-cm6a-lr,LT,Soft wheat,heat_mj,-0.0618380905771916
ec-earth3,LV,Soft wheat,heat_mj,-0.0250329653249133
ipsl-cm6a-lr,LV,Soft wheat,heat_mj,-0.0520829801891238
ec-earth3,RO,Soft wheat,heat_mj,-0.196840643240193
ipsl-cm6a-lr,RO,Soft wheat,heat_mj,-0.173023869458419
ec-earth3,SE,Soft wheat,heat_mj,-0.0171422031483436
ipsl-cm6a-lr,SE,Soft wheat,heat_mj,-0.0275121958820971
ec-earth3,SK,Soft wheat,heat_mj,-0.14000635724586
ipsl-cm6a-lr,SK,Soft wheat,heat_mj,-0.111869776064327
ec-earth3,EL,Durum wheat,heat_mj,0.0922852551376426
ipsl-cm6a-lr,EL,Durum wheat,heat_mj,0.0675868965221283
ec-earth3,ES,Durum wheat,heat_mj,0.108360859053203
ipsl-cm6a-lr,ES,Durum wheat,heat_mj,0.0712094138540924
ec-earth3,FR,Durum wheat,heat_mj,0.057301587360035
ipsl-cm6a-lr,FR,Durum wheat,heat_mj,0.0375152164733868
ec-earth3,HU,Durum wheat,heat_mj,0.0782153363666793
ipsl-cm6a-lr,HU,Durum wheat,heat_mj,0.0585974442262278
ec-earth3,IT,Durum wheat,heat_mj,0.0801326709918662
ipsl-cm6a-lr,IT,Durum wheat,heat_mj,0.0515869480159617
ec-earth3,RO,Durum wheat,heat_mj,0.0701478966886427
ipsl-cm6a-lr,RO,Durum wheat,heat_mj,0.0613118815756086
ec-earth3,SK,Durum wheat,heat_mj,0.0601799098149447
ipsl-cm6a-lr,SK,Durum wheat,heat_mj,0.046784470540546
ec-earth3,CZ,Spring barley,heat_mj,-0.0836714164889736
ipsl-cm6a-lr,CZ,Spring barley,heat_mj,-0.0844998850122979
ec-earth3,DE,Spring barley,heat_mj,-0.0652828555978886
ipsl-cm6a-lr,DE,Spring barley,heat_mj,-0.0651343017630118
ec-earth3,DK,Spring barley,heat_mj,-0.011243117066232
ipsl-cm6a-lr,DK,Spring barley,heat_mj,-0.0121893259200905
ec-earth3,EE,Spring barley,heat_mj,-0.0232525516980462
ipsl-cm6a-lr,EE,Spring barley,heat_mj,-0.046658102716393
ec-earth3,ES,Spring barley,heat_mj,-0.270268328572483
ipsl-cm6a-lr,ES,Spring barley,heat_mj,-0.172099529514452
ec-earth3,FI,Spring barley,heat_mj,-0.0182972697468787
ipsl-cm6a-lr,FI,Spring barley,heat_mj,-0.0339203620978489
ec-earth3,FR,Spring barley,heat_mj,-0.0991626719892003
ipsl-cm6a-lr,FR,Spring barley,heat_mj,-0.0798050574808735
ec-earth3,HU,Spring barley,heat_mj,-0.206349736140519
ipsl-cm6a-lr,HU,Spring barley,heat_mj,-0.156627063866731
ec-earth3,LT,Spring barley,heat_mj,-0.0337041810734226
ipsl-cm6a-lr,LT,Spring barley,heat_mj,-0.0662836598035524
ec-earth3,LV,Spring barley,heat_mj,-0.026617334769055
ipsl-cm6a-lr,LV,Spring barley,heat_mj,-0.0562434700159281
ec-earth3,SE,Spring barley,heat_mj,-0.018353086822713
ipsl-cm6a-lr,SE,Spring barley,heat_mj,-0.0285038650738372
ec-earth3,SK,Spring barley,heat_mj,-0.159614898522935
ipsl-cm6a-lr,SK,Spring barley,heat_mj,-0.126366680458773
ec-earth3,CZ,Winter barley,heat_mj,0.0587908604124301
ipsl-cm6a-lr,CZ,Winter barley,heat_mj,0.0606190726735244
ec-earth3,DE,Winter barley,heat_mj,0.0457776257953717
ipsl-cm6a-lr,DE,Winter barley,heat_mj,0.0476366517986112
ec-earth3,DK,Winter barley,heat_mj,0.0085256096738637
ipsl-cm6a-lr,DK,Winter barley,heat_mj,0.00925088890530384
ec-earth3,EE,Winter barley,heat_mj,0.0169272949206023
ipsl-cm6a-lr,EE,Winter barley,heat_mj,0.0337680533422148
ec-earth3,EL,Winter barley,heat_mj,0.182086572903611
ipsl-cm6a-lr,EL,Winter barley,heat_mj,0.13406488120926
ec-earth3,ES,Winter barley,heat_mj,0.205304515176069
ipsl-cm6a-lr,ES,Winter barley,heat_mj,0.132264979809554
ec-earth3,FR,Winter barley,heat_mj,0.0734248403545092
ipsl-cm6a-lr,FR,Winter barley,heat_mj,0.0568042703230312
ec-earth3,HU,Winter barley,heat_mj,0.1655085851888
ipsl-cm6a-lr,HU,Winter barley,heat_mj,0.124067498523069
ec-earth3,IT,Winter barley,heat_mj,0.174531482252011
ipsl-cm6a-lr,IT,Winter barley,heat_mj,0.1109820207525
ec-earth3,LT,Winter barley,heat_mj,0.0253565591473811
ipsl-cm6a-lr,LT,Winter barley,heat_mj,0.0501949213556943
ec-earth3,LV,Winter barley,heat_mj,0.0201029120620906
ipsl-cm6a-lr,LV,Winter barley,heat_mj,0.0408068694864781
ec-earth3,SE,Winter barley,heat_mj,0.0142542212025824
ipsl-cm6a-lr,SE,Winter barley,heat_mj,0.0201566892476655
ec-earth3,SK,Winter barley,heat_mj,0.113960086134019
ipsl-cm6a-lr,SK,Winter barley,heat_mj,0.0909922793093243
ec-earth3,CZ,Soft wheat,frost_mj,0.067723334789298
ipsl-cm6a-lr,CZ,Soft wheat,frost_mj,0.0571153032330151
ec-earth3,DE,Soft wheat,frost_mj,0.0515284716267231
ipsl-cm6a-lr,DE,Soft wheat,frost_mj,0.0450756802951477
ec-earth3,DK,Soft wheat,frost_mj,0.0480681271505494
ipsl-cm6a-lr,DK,Soft wheat,frost_mj,0.0426867523694968
ec-earth3,EE,Soft wheat,frost_mj,0.10510008731189
ipsl-cm6a-lr,EE,Soft wheat,frost_mj,0.0955933156678073
ec-earth3,EL,Soft wheat,frost_mj,0.0267240222805192
ipsl-cm6a-lr,EL,Soft wheat,frost_mj,0.0217613140167224
ec-earth3,ES,Soft wheat,frost_mj,0.0324040225143198
ipsl-cm6a-lr,ES,Soft wheat,frost_mj,0.0281609568877203
ec-earth3,FI,Soft wheat,frost_mj,0.124790574819602
ipsl-cm6a-lr,FI,Soft wheat,frost_mj,0.11144671606302
ec-earth3,FR,Soft wheat,frost_mj,0.0269661280769801
ipsl-cm6a-lr,FR,Soft wheat,frost_mj,0.0239540070853619
ec-earth3,HU,Soft wheat,frost_mj,0.0372967516538625
ipsl-cm6a-lr,HU,Soft wheat,frost_mj,0.032644439429059
ec-earth3,IT,Soft wheat,frost_mj,0.01741934475963
ipsl-cm6a-lr,IT,Soft wheat,frost_mj,0.0161393131946217
ec-earth3,LT,Soft wheat,frost_mj,0.082729867393921
ipsl-cm6a-lr,LT,Soft wheat,frost_mj,0.0705577579642996
ec-earth3,LV,Soft wheat,frost_mj,0.091160759792092
ipsl-cm6a-lr,LV,Soft wheat,frost_mj,0.0796720432508701
ec-earth3,RO,Soft wheat,frost_mj,0.0409792679177668
ipsl-cm6a-lr,RO,Soft wheat,frost_mj,0.0329274987685169
ec-earth3,SE,Soft wheat,frost_mj,0.0929997328519098
ipsl-cm6a-lr,SE,Soft wheat,frost_mj,0.0814355447530301
ec-earth3,SK,Soft wheat,frost_mj,0.0593758299471739
ipsl-cm6a-lr,SK,Soft wheat,frost_mj,0.0514120522128332
ec-earth3,EL,Durum wheat,frost_mj,0.0408761545504916
ipsl-cm6a-lr,EL,Durum wheat,frost_mj,0.0341358292195059
ec-earth3,ES,Durum wheat,frost_mj,0.0150338190325084
ipsl-cm6a-lr,ES,Durum wheat,frost_mj,0.0134351120116412
ec-earth3,FR,Durum wheat,frost_mj,0.0445960881094545
ipsl-cm6a-lr,FR,Durum wheat,frost_mj,0.0393274210325747
ec-earth3,HU,Durum wheat,frost_mj,0.07595813643101
ipsl-cm6a-lr,HU,Durum wheat,frost_mj,0.0670320324911545
ec-earth3,IT,Durum wheat,frost_mj,0.0116029251833087
ipsl-cm6a-lr,IT,Durum wheat,frost_mj,0.0107899445276955
ec-earth3,RO,Durum wheat,frost_mj,0.0921104103927108
ipsl-cm6a-lr,RO,Durum wheat,frost_mj,0.0737535802340299
ec-earth3,SK,Durum wheat,frost_mj,0.110420161074842
ipsl-cm6a-lr,SK,Durum wheat,frost_mj,0.0970040512797485
ec-earth3,CZ,Spring barley,frost_mj,0.0412565902026707
ipsl-cm6a-lr,CZ,Spring barley,frost_mj,0.0348645009264387
ec-earth3,DE,Spring barley,frost_mj,0.0327074887878605
ipsl-cm6a-lr,DE,Spring barley,frost_mj,0.0281974319776881
ec-earth3,DK,Spring barley,frost_mj,0.0289188604426584
ipsl-cm6a-lr,DK,Spring barley,frost_mj,0.0256459359795406
ec-earth3,EE,Spring barley,frost_mj,0.0643949590579051
ipsl-cm6a-lr,EE,Spring barley,frost_mj,0.0585698624991218
ec-earth3,ES,Spring barley,frost_mj,0.0200695671425414
ipsl-cm6a-lr,ES,Spring barley,frost_mj,0.0174954766679527
ec-earth3,FI,Spring barley,frost_mj,0.0796102572035013
ipsl-cm6a-lr,FI,Spring barley,frost_mj,0.0705340232697888
ec-earth3,FR,Spring barley,frost_mj,0.0196183075872345
ipsl-cm6a-lr,FR,Spring barley,frost_mj,0.017444867753912
ec-earth3,HU,Spring barley,frost_mj,0.0237112934807554
ipsl-cm6a-lr,HU,Spring barley,frost_mj,0.020799348128873
ec-earth3,LT,Spring barley,frost_mj,0.0506792981277715
ipsl-cm6a-lr,LT,Spring barley,frost_mj,0.0432967141481584
ec-earth3,LV,Spring barley,frost_mj,0.056158509591335
ipsl-cm6a-lr,LV,Spring barley,frost_mj,0.0490280116263201
ec-earth3,SE,Spring barley,frost_mj,0.0611235787866192
ipsl-cm6a-lr,SE,Spring barley,frost_mj,0.0534337359638535
ec-earth3,SK,Spring barley,frost_mj,0.0350645865805076
ipsl-cm6a-lr,SK,Spring barley,frost_mj,0.0305108372387132
ec-earth3,CZ,Winter barley,frost_mj,0.0806956059801321
ipsl-cm6a-lr,CZ,Winter barley,frost_mj,0.0672809475336363
ec-earth3,DE,Winter barley,frost_mj,0.0600910746711969
ipsl-cm6a-lr,DE,Winter barley,frost_mj,0.0523989864054142
ec-earth3,DK,Winter barley,frost_mj,0.057051486831282
ipsl-cm6a-lr,DK,Winter barley,frost_mj,0.0504091014969433
ec-earth3,EE,Winter barley,frost_mj,0.122453641806554
ipsl-cm6a-lr,EE,Winter barley,frost_mj,0.111150268595012
ec-earth3,EL,Winter barley,frost_mj,0.02460221296903
ipsl-cm6a-lr,EL,Winter barley,frost_mj,0.0202524359646615
ec-earth3,ES,Winter barley,frost_mj,0.0283130751692878
ipsl-cm6a-lr,ES,Winter barley,frost_mj,0.0247614457542232
ec-earth3,FR,Winter barley,frost_mj,0.0331713212091626
ipsl-cm6a-lr,FR,Winter barley,frost_mj,0.0294785141751217
ec-earth3,HU,Winter barley,frost_mj,0.0414519097814249
ipsl-cm6a-lr,HU,Winter barley,frost_mj,0.0364703292670859
ec-earth3,IT,Winter barley,frost_mj,0.0154113719372586
ipsl-cm6a-lr,IT,Winter barley,frost_mj,0.0142105636271038
ec-earth3,LT,Winter barley,frost_mj,0.0957241923186707
ipsl-cm6a-lr,LT,Winter barley,frost_mj,0.0816837734947054
ec-earth3,LV,Winter barley,frost_mj,0.104237143803952
ipsl-cm6a-lr,LV,Winter barley,frost_mj,0.0912057563631578
ec-earth3,SE,Winter barley,frost_mj,0.100993240231181
ipsl-cm6a-lr,SE,Winter barley,frost_mj,0.0875155729583613
ec-earth3,SK,Winter barley,frost_mj,0.0685302581872922
ipsl-cm6a-lr,SK,Winter barley,frost_mj,0.0594497800368429
ec-earth3,CZ,Soft wheat,precip_mj,-0.0146604284493763
ipsl-cm6a-lr,CZ,Soft wheat,precip_mj,0.00544589619124283
ec-earth3,DE,Soft wheat,precip_mj,0.00867420954301743
ipsl-cm6a-lr,DE,Soft wheat,precip_mj,-0.000754092210390216
ec-earth3,DK,Soft wheat,precip_mj,0.034448091758837
ipsl-cm6a-lr,DK,Soft wheat,precip_mj,0.00552041483528351
ec-earth3,EE,Soft wheat,precip_mj,0.0910670185937366
ipsl-cm6a-lr,EE,Soft wheat,precip_mj,0.00469968020418479
ec-earth3,EL,Soft wheat,precip_mj,-0.0507214489811757
ipsl-cm6a-lr,EL,Soft wheat,precip_mj,-0.0174725335127814
ec-earth3,ES,Soft wheat,precip_mj,-0.0712296604090389
ipsl-cm6a-lr,ES,Soft wheat,precip_mj,-0.0354452005935994
ec-earth3,FI,Soft wheat,precip_mj,0.0778614098168127
ipsl-cm6a-lr,FI,Soft wheat,precip_mj,0.0093994698902141
ec-earth3,FR,Soft wheat,precip_mj,-0.0317459918377883
ipsl-cm6a-lr,FR,Soft wheat,precip_mj,-0.0364690019213056
ec-earth3,HU,Soft wheat,precip_mj,-0.065884532843197
ipsl-cm6a-lr,HU,Soft wheat,precip_mj,0.00361823852037301
ec-earth3,IT,Soft wheat,precip_mj,-0.0978211220179299
ipsl-cm6a-lr,IT,Soft wheat,precip_mj,-0.0356936949302193
ec-earth3,LT,Soft wheat,precip_mj,0.0728527556591168
ipsl-cm6a-lr,LT,Soft wheat,precip_mj,0.0013167347597347
ec-earth3,LV,Soft wheat,precip_mj,0.0873826216145342
ipsl-cm6a-lr,LV,Soft wheat,precip_mj,0.00634557061681574
ec-earth3,RO,Soft wheat,precip_mj,-0.050026754483087
ipsl-cm6a-lr,RO,Soft wheat,precip_mj,0.000710894636771489
ec-earth3,SE,Soft wheat,precip_mj,0.0797530523052546
ipsl-cm6a-lr,SE,Soft wheat,precip_mj,0.00179435421926417
ec-earth3,SK,Soft wheat,precip_mj,-0.0620701768321079
ipsl-cm6a-lr,SK,Soft wheat,precip_mj,0.0237824272881496
ec-earth3,EL,Durum wheat,precip_mj,-0.0557795752403282
ipsl-cm6a-lr,EL,Durum wheat,precip_mj,-0.0173953986249307
ec-earth3,ES,Durum wheat,precip_mj,-0.0909727601892462
ipsl-cm6a-lr,ES,Durum wheat,precip_mj,-0.0567363684397936
ec-earth3,FR,Durum wheat,precip_mj,-0.0830698750885579
ipsl-cm6a-lr,FR,Durum wheat,precip_mj,-0.064297897904977
ec-earth3,HU,Durum wheat,precip_mj,-0.087355072231818
ipsl-cm6a-lr,HU,Durum wheat,precip_mj,0.00076023741262623
ec-earth3,IT,Durum wheat,precip_mj,-0.0917589525994203
ipsl-cm6a-lr,IT,Durum wheat,precip_mj,-0.025445299165644
ec-earth3,RO,Durum wheat,precip_mj,-0.0686613215381166
ipsl-cm6a-lr,RO,Durum wheat,precip_mj,0.000573145309713388
ec-earth3,SK,Durum wheat,precip_mj,-0.0727119153720479
ipsl-cm6a-lr,SK,Durum wheat,precip_mj,0.0291592547202046
ec-earth3,CZ,Spring barley,precip_mj,-0.019163928657335
ipsl-cm6a-lr,CZ,Spring barley,precip_mj,0.00751761015991159
ec-earth3,DE,Spring barley,precip_mj,0.00112863354807796
ipsl-cm6a-lr,DE,Spring barley,precip_mj,-0.000663226604195344
ec-earth3,DK,Spring barley,precip_mj,0.0431420526945779
ipsl-cm6a-lr,DK,Spring barley,precip_mj,0.00671005561054112
ec-earth3,EE,Spring barley,precip_mj,0.113949878583308
ipsl-cm6a-lr,EE,Spring barley,precip_mj,0.00568713976370724
ec-earth3,ES,Spring barley,precip_mj,-0.0878897554157357
ipsl-cm6a-lr,ES,Spring barley,precip_mj,-0.0422853916289792
ec-earth3,FI,Spring barley,precip_mj,0.116235540904901
ipsl-cm6a-lr,FI,Spring barley,precip_mj,0.0206457729310929
ec-earth3,FR,Spring barley,precip_mj,-0.0363269685927517
ipsl-cm6a-lr,FR,Spring barley,precip_mj,-0.046775355550235
ec-earth3,HU,Spring barley,precip_mj,-0.080764262157185
ipsl-cm6a-lr,HU,Spring barley,precip_mj,0.0104763764707521
ec-earth3,LT,Spring barley,precip_mj,0.0937977152838513
ipsl-cm6a-lr,LT,Spring barley,precip_mj,0.0016666393140848
ec-earth3,LV,Spring barley,precip_mj,0.111445469394276
ipsl-cm6a-lr,LV,Spring barley,precip_mj,0.00805636373454346
ec-earth3,SE,Spring barley,precip_mj,0.107412597084433
ipsl-cm6a-lr,SE,Spring barley,precip_mj,0.00626418006927961
ec-earth3,SK,Spring barley,precip_mj,-0.0745532231609487
ipsl-cm6a-lr,SK,Spring barley,precip_mj,0.0293416200505361
ec-earth3,CZ,Winter barley,precip_mj,-0.0131277643165906
ipsl-cm6a-lr,CZ,Winter barley,precip_mj,0.00591964194590825
ec-earth3,DE,Winter barley,precip_mj,0.00771062716631967
ipsl-cm6a-lr,DE,Winter barley,precip_mj,-0.000768384256377863
ec-earth3,DK,Winter barley,precip_mj,0.0368190292297772
ipsl-cm6a-lr,DK,Winter barley,precip_mj,0.00510034114558153
ec-earth3,EE,Winter barley,precip_mj,0.0926495765403109
ipsl-cm6a-lr,EE,Winter barley,precip_mj,0.00460107246447351
ec-earth3,EL,Winter barley,precip_mj,-0.0432588988261625
ipsl-cm6a-lr,EL,Winter barley,precip_mj,-0.0169587939895929
ec-earth3,ES,Winter barley,precip_mj,-0.0733983479347522
ipsl-cm6a-lr,ES,Winter barley,precip_mj,-0.0370298599374026
ec-earth3,FR,Winter barley,precip_mj,-0.034249122731925
ipsl-cm6a-lr,FR,Winter barley,precip_mj,-0.0400368235274392
ec-earth3,HU,Winter barley,precip_mj,-0.0682431670452996
ipsl-cm6a-lr,HU,Winter barley,precip_mj,0.00164620188094326
ec-earth3,IT,Winter barley,precip_mj,-0.0923924206032254
ipsl-cm6a-lr,IT,Winter barley,precip_mj,-0.0298252957821302
ec-earth3,LT,Winter barley,precip_mj,0.0763336696247136
ipsl-cm6a-lr,LT,Winter barley,precip_mj,0.00113253903883271
ec-earth3,LV,Winter barley,precip_mj,0.0912757010940725
ipsl-cm6a-lr,LV,Winter barley,precip_mj,0.00700390647611585
ec-earth3,SE,Winter barley,precip_mj,0.0702297985681038
ipsl-cm6a-lr,SE,Winter barley,precip_mj,0.00211927540006683
ec-earth3,SK,Winter barley,precip_mj,-0.066249277122821
ipsl-cm6a-lr,SK,Winter barley,precip_mj,0.0252066243129218
ec-earth3,CZ,Soft wheat,precip_mj2,0.0143704651891164
ipsl-cm6a-lr,CZ,Soft wheat,precip_mj2,-0.00572313698047321
ec-earth3,DE,Soft wheat,precip_mj2,-0.00819962413554964
ipsl-cm6a-lr,DE,Soft wheat,precip_mj2,-0.000685729740987638
ec-earth3,DK,Soft wheat,precip_mj2,-0.0284929674773781
ipsl-cm6a-lr,DK,Soft wheat,precip_mj2,-0.00403047888462195
ec-earth3,EE,Soft wheat,precip_mj2,-0.0843026925945215
ipsl-cm6a-lr,EE,Soft wheat,precip_mj2,-0.0032405997729134
ec-earth3,EL,Soft wheat,precip_mj2,0.0251197049161931
ipsl-cm6a-lr,EL,Soft wheat,precip_mj2,0.00992878888120915
ec-earth3,ES,Soft wheat,precip_mj2,0.0422553882511761
ipsl-cm6a-lr,ES,Soft wheat,precip_mj2,0.0225223857135341
ec-earth3,FI,Soft wheat,precip_mj2,-0.0667743523365442
ipsl-cm6a-lr,FI,Soft wheat,precip_mj2,-0.00708232326238725
ec-earth3,FR,Soft wheat,precip_mj2,0.0286883675186828
ipsl-cm6a-lr,FR,Soft wheat,precip_mj2,0.0333079955504141
ec-earth3,HU,Soft wheat,precip_mj2,0.0475850513290594
ipsl-cm6a-lr,HU,Soft wheat,precip_mj2,-0.00327133498511187
ec-earth3,IT,Soft wheat,precip_mj2,0.0863691379889972
ipsl-cm6a-lr,IT,Soft wheat,precip_mj2,0.0338454978694056
ec-earth3,LT,Soft wheat,precip_mj2,-0.0667565668698984
ipsl-cm6a-lr,LT,Soft wheat,precip_mj2,-0.000764236640922131
ec-earth3,LV,Soft wheat,precip_mj2,-0.0809019832692292
ipsl-cm6a-lr,LV,Soft wheat,precip_mj2,-0.00492268190234067
ec-earth3,RO,Soft wheat,precip_mj2,0.0392541678579682
ipsl-cm6a-lr,RO,Soft wheat,precip_mj2,-0.00108640558403971
ec-earth3,SE,Soft wheat,precip_mj2,-0.0767894009566305
ipsl-cm6a-lr,SE,Soft wheat,precip_mj2,-0.00180030079135226
ec-earth3,SK,Soft wheat,precip_mj2,0.0566932792313609
ipsl-cm6a-lr,SK,Soft wheat,precip_mj2,-0.0245540480975334
ec-earth3,EL,Durum wheat,precip_mj2,0.0244662789880391
ipsl-cm6a-lr,EL,Durum wheat,precip_mj2,0.0085953543854446
ec-earth3,ES,Durum wheat,precip_mj2,0.0415826975450502
ipsl-cm6a-lr,ES,Durum wheat,precip_mj2,0.0272555709723453
ec-earth3,FR,Durum wheat,precip_mj2,0.0700777398040052
ipsl-cm6a-lr,FR,Durum wheat,precip_mj2,0.0562359446647979
ec-earth3,HU,Durum wheat,precip_mj2,0.062847606962062
ipsl-cm6a-lr,HU,Durum wheat,precip_mj2,-0.000814318432759712
ec-earth3,IT,Durum wheat,precip_mj2,0.0622010202276971
ipsl-cm6a-lr,IT,Durum wheat,precip_mj2,0.0199137674859516
ec-earth3,RO,Durum wheat,precip_mj2,0.0556344408333745
ipsl-cm6a-lr,RO,Durum wheat,precip_mj2,-0.0012397163453879
ec-earth3,SK,Durum wheat,precip_mj2,0.0588180736764266
ipsl-cm6a-lr,SK,Durum wheat,precip_mj2,-0.0265967819434634
ec-earth3,CZ,Spring barley,precip_mj2,0.0182682790111901
ipsl-cm6a-lr,CZ,Spring barley,precip_mj2,-0.00767692136147565
ec-earth3,DE,Spring barley,precip_mj2,-0.00154113051880555
ipsl-cm6a-lr,DE,Spring barley,precip_mj2,-0.00121170888463301
ec-earth3,DK,Spring barley,precip_mj2,-0.0349906978668907
ipsl-cm6a-lr,DK,Spring barley,precip_mj2,-0.0048880119947329
ec-earth3,EE,Spring barley,precip_mj2,-0.101612020803575
ipsl-cm6a-lr,EE,Spring barley,precip_mj2,-0.00375589532865795
ec-earth3,ES,Spring barley,precip_mj2,0.048520352619431
ipsl-cm6a-lr,ES,Spring barley,precip_mj2,0.0254255089682985
ec-earth3,FI,Spring barley,precip_mj2,-0.101429939865713
ipsl-cm6a-lr,FI,Spring barley,precip_mj2,-0.0160332798397687
ec-earth3,FR,Spring barley,precip_mj2,0.0325487917620089
ipsl-cm6a-lr,FR,Spring barley,precip_mj2,0.0421757495300539
ec-earth3,HU,Spring barley,precip_mj2,0.0582337385858857
ipsl-cm6a-lr,HU,Spring barley,precip_mj2,-0.00911365402269514
ec-earth3,LT,Spring barley,precip_mj2,-0.0831736740614406
ipsl-cm6a-lr,LT,Spring barley,precip_mj2,-0.000922347186818718
ec-earth3,LV,Spring barley,precip_mj2,-0.100796641489528
ipsl-cm6a-lr,LV,Spring barley,precip_mj2,-0.00613797609981872
ec-earth3,SE,Spring barley,precip_mj2,-0.102585981537652
ipsl-cm6a-lr,SE,Spring barley,precip_mj2,-0.00589618914889425
ec-earth3,SK,Spring barley,precip_mj2,0.0640242319951472
ipsl-cm6a-lr,SK,Spring barley,precip_mj2,-0.0284208462863844
ec-earth3,CZ,Winter barley,precip_mj2,0.0126247039254041
ipsl-cm6a-lr,CZ,Winter barley,precip_mj2,-0.00604882586687891
ec-earth3,DE,Winter barley,precip_mj2,-0.00696040880740055
ipsl-cm6a-lr,DE,Winter barley,precip_mj2,-0.000583340983425748
ec-earth3,DK,Winter barley,precip_mj2,-0.0300234492591849
ipsl-cm6a-lr,DK,Winter barley,precip_mj2,-0.0037880677676544
ec-earth3,EE,Winter barley,precip_mj2,-0.0817191759411601
ipsl-cm6a-lr,EE,Winter barley,precip_mj2,-0.00298883645890283
ec-earth3,EL,Winter barley,precip_mj2,0.0189860688979931
ipsl-cm6a-lr,EL,Winter barley,precip_mj2,0.00812843901648656
ec-earth3,ES,Winter barley,precip_mj2,0.0402701418008803
ipsl-cm6a-lr,ES,Winter barley,precip_mj2,0.0222078785657205
ec-earth3,FR,Winter barley,precip_mj2,0.0309424178886202
ipsl-cm6a-lr,FR,Winter barley,precip_mj2,0.0367731245236247
ec-earth3,HU,Winter barley,precip_mj2,0.0472676543683681
ipsl-cm6a-lr,HU,Winter barley,precip_mj2,-0.00152085806735787
ec-earth3,IT,Winter barley,precip_mj2,0.074531250536644
ipsl-cm6a-lr,IT,Winter barley,precip_mj2,0.0257227566251191
ec-earth3,LT,Winter barley,precip_mj2,-0.067055074837025
ipsl-cm6a-lr,LT,Winter barley,precip_mj2,-0.000567186556802026
ec-earth3,LV,Winter barley,precip_mj2,-0.0808415157548147
ipsl-cm6a-lr,LV,Winter barley,precip_mj2,-0.00520892609492021
ec-earth3,SE,Winter barley,precip_mj2,-0.0652562147644859
ipsl-cm6a-lr,SE,Winter barley,precip_mj2,-0.00171943574958777
ec-earth3,SK,Winter barley,precip_mj2,0.0582197191622321
ipsl-cm6a-lr,SK,Winter barley,precip_mj2,-0.0251397822885453
