model,bin_id,delta_sv,n_years,cntr,crop,component,dln
EC-Earth3,-3.5,-3.2771,5,CZ,Soft wheat,gdd,-6.61337235106524e-05
EC-Earth3,-2.5,-2.5562,17,CZ,Soft wheat,gdd,0.000120893986595418
EC-Earth3,-1.5,-1.5166,7,CZ,Soft wheat,gdd,0.000150863534403432
IPSL-CM6A-LR,-4.5,-4.291,5,CZ,Soft wheat,gdd,7.78883662353349e-05
IPSL-CM6A-LR,-3.5,-3.4498,14,CZ,Soft wheat,gdd,-2.94362156835927e-06
IPSL-CM6A-LR,-2.5,-2.5023,10,CZ,Soft wheat,gdd,0.000140089674202947
EC-Earth3,-3.5,-3.2771,5,DE,Soft wheat,gdd,-0.000150168216459503
EC-Earth3,-2.5,-2.5562,17,DE,Soft wheat,gdd,0.000137332716242151
EC-Earth3,-1.5,-1.5166,7,DE,Soft wheat,gdd,-1.19947289814992e-05
IPSL-CM6A-LR,-4.5,-4.291,5,DE,Soft wheat,gdd,-2.73319676684086e-05
IPSL-CM6A-LR,-3.5,-3.4498,14,DE,Soft wheat,gdd,-4.05644000429107e-05
IPSL-CM6A-LR,-2.5,-2.5023,10,DE,Soft wheat,gdd,-0.000101918575376066
EC-Earth3,-3.5,-3.2771,5,DK,Soft wheat,gdd,-0.000160870121864073
EC-Earth3,-2.5,-2.5562,17,DK,Soft wheat,gdd,2.43397705104487e-05
EC-Earth3,-1.5,-1.5166,7,DK,Soft wheat,gdd,-7.74703148264394e-05
IPSL-CM6A-LR,-4.5,-4.291,5,DK,Soft wheat,gdd,4.77370670206739e-05
IPSL-CM6A-LR,-3.5,-3.4498,14,DK,Soft wheat,gdd,0.000111191603233735
IPSL-CM6A-LR,-2.5,-2.5023,10,DK,Soft wheat,gdd,-0.000142314282658533
EC-Earth3,-3.5,-3.2771,5,EE,Soft wheat,gdd,0.000140638006778617
EC-Earth3,-2.5,-2.5562,17,EE,Soft wheat,gdd,0.000267288707122068
EC-Earth3,-1.5,-1.5166,7,EE,Soft wheat,gdd,0.000103556742830258
IPSL-CM6A-LR,-4.5,-4.291,5,EE,Soft wheat,gdd,0.000447666252850151
IPSL-CM6A-LR,-3.5,-3.4498,14,EE,Soft wheat,gdd,0.000211444967996039
IPSL-CM6A-LR,-2.5,-2.5023,10,EE,Soft wheat,gdd,0.000231556227583005
EC-Earth3,-3.5,-3.2771,5,EL,Soft wheat,gdd,0.000106465200071208
EC-Earth3,-2.5,-2.5562,17,EL,Soft wheat,gdd,0.000206096033688321
EC-Earth3,-1.5,-1.5166,7,EL,Soft wheat,gdd,0.000141566462328172
IPSL-CM6A-LR,-4.5,-4.291,5,EL,Soft wheat,gdd,0.000473993586087777
IPSL-CM6A-LR,-3.5,-3.4498,14,EL,Soft wheat,gdd,6.92748035302648e-05
IPSL-CM6A-LR,-2.5,-2.5023,10,EL,Soft wheat,gdd,0.000125699039276967
EC-Earth3,-3.5,-3.2771,5,ES,Soft wheat,gdd,0.000240556636608674
EC-Earth3,-2.5,-2.5562,17,ES,Soft wheat,gdd,0.000121510584327653
EC-Earth3,-1.5,-1.5166,7,ES,Soft wheat,gdd,0.000213770913991899
IPSL-CM6A-LR,-4.5,-4.291,5,ES,Soft wheat,gdd,0.000138458910812151
IPSL-CM6A-LR,-3.5,-3.4498,14,ES,Soft wheat,gdd,7.04414742678384e-05
IPSL-CM6A-LR,-2.5,-2.5023,10,ES,Soft wheat,gdd,4.63482865102398e-05
EC-Earth3,-3.5,-3.2771,5,FI,Soft wheat,gdd,0.000377327676679828
EC-Earth3,-2.5,-2.5562,17,FI,Soft wheat,gdd,0.000640194416219874
EC-Earth3,-1.5,-1.5166,7,FI,Soft wheat,gdd,0.000145749060484365
IPSL-CM6A-LR,-4.5,-4.291,5,FI,Soft wheat,gdd,0.000606832104765046
IPSL-CM6A-LR,-3.5,-3.4498,14,FI,Soft wheat,gdd,0.000389161252016775
IPSL-CM6A-LR,-2.5,-2.5023,10,FI,Soft wheat,gdd,0.000539252718042197
EC-Earth3,-3.5,-3.2771,5,FR,Soft wheat,gdd,0.000117203498960574
EC-Earth3,-2.5,-2.5562,17,FR,Soft wheat,gdd,0.000115222868102426
EC-Earth3,-1.5,-1.5166,7,FR,Soft wheat,gdd,-5.05256614648979e-05
IPSL-CM6A-LR,-4.5,-4.291,5,FR,Soft wheat,gdd,5.41065871238404e-05
IPSL-CM6A-LR,-3.5,-3.4498,14,FR,Soft wheat,gdd,5.24573665417413e-05
IPSL-CM6A-LR,-2.5,-2.5023,10,FR,Soft wheat,gdd,-0.000197549113637571
EC-Earth3,-3.5,-3.2771,5,HU,Soft wheat,gdd,5.68245956630016e-05
EC-Earth3,-2.5,-2.5562,17,HU,Soft wheat,gdd,0.000374573122443699
EC-Earth3,-1.5,-1.5166,7,HU,Soft wheat,gdd,0.00028380091569196
IPSL-CM6A-LR,-4.5,-4.291,5,HU,Soft wheat,gdd,0.000226915185966406
IPSL-CM6A-LR,-3.5,-3.4498,14,HU,Soft wheat,gdd,0.000351305296438913
IPSL-CM6A-LR,-2.5,-2.5023,10,HU,Soft wheat,gdd,0.000383350532869366
EC-Earth3,-3.5,-3.2771,5,IT,Soft wheat,gdd,0.000136919597261009
EC-Earth3,-2.5,-2.5562,17,IT,Soft wheat,gdd,0.000366884451477483
EC-Earth3,-1.5,-1.5166,7,IT,Soft wheat,gdd,0.000119308288129746
IPSL-CM6A-LR,-4.5,-4.291,5,IT,Soft wheat,gdd,0.000315976014158914
IPSL-CM6A-LR,-3.5,-3.4498,14,IT,Soft wheat,gdd,0.000203077023419831
IPSL-CM6A-LR,-2.5,-2.5023,10,IT,Soft wheat,gdd,0.000179501988596472
EC-Earth3,-3.5,-3.2771,5,LT,Soft wheat,gdd,-7.30785186727929e-05
EC-Earth3,-2.5,-2.5562,17,LT,Soft wheat,gdd,5.20848569975664e-05
EC-Earth3,-1.5,-1.5166,7,LT,Soft wheat,gdd,-0.000135833623888896
IPSL-CM6A-LR,-4.5,-4.291,5,LT,Soft wheat,gdd,-0.00018452552162957
IPSL-CM6A-LR,-3.5,-3.4498,14,LT,Soft wheat,gdd,-2.52017739225654e-05
IPSL-CM6A-LR,-2.5,-2.5023,10,LT,Soft wheat,gdd,0.000195101795806552
EC-Earth3,-3.5,-3.2771,5,LV,Soft wheat,gdd,0.000242423635258563
EC-Earth3,-2.5,-2.5562,17,LV,Soft wheat,gdd,0.000101422519269192
EC-Earth3,-1.5,-1.5166,7,LV,Soft wheat,gdd,-0.000282590868228907
IPSL-CM6A-LR,-4.5,-4.291,5,LV,Soft wheat,gdd,5.27446712612277e-05
IPSL-CM6A-LR,-3.5,-3.4498,14,LV,Soft wheat,gdd,0.000120067518937171
IPSL-CM6A-LR,-2.5,-2.5023,10,LV,Soft wheat,gdd,0.000208898645832268
EC-Earth3,-3.5,-3.2771,5,RO,Soft wheat,gdd,0.00011027408594079
EC-Earth3,-2.5,-2.5562,17,RO,Soft wheat,gdd,0.00018419806230912
EC-Earth3,-1.5,-1.5166,7,RO,Soft wheat,gdd,0.000321019689806383
IPSL-CM6A-LR,-4.5,-4.291,5,RO,Soft wheat,gdd,0.000399832776691908
IPSL-CM6A-LR,-3.5,-3.4498,14,RO,Soft wheat,gdd,8.6472797584801e-05
IPSL-CM6A-LR,-2.5,-2.5023,10,RO,Soft wheat,gdd,0.000308239550238329
EC-Earth3,-3.5,-3.2771,5,SE,Soft wheat,gdd,-0.000300227283115909
EC-Earth3,-2.5,-2.5562,17,SE,Soft wheat,gdd,0.000242401454521621
EC-Earth3,-1.5,-1.5166,7,SE,Soft wheat,gdd,-9.77445674797393e-05
IPSL-CM6A-LR,-4.5,-4.291,5,SE,Soft wheat,gdd,5.71634610066266e-05
IPSL-CM6A-LR,-3.5,-3.4498,14,SE,Soft wheat,gdd,7.7571830073009e-05
IPSL-CM6A-LR,-2.5,-2.5023,10,SE,Soft wheat,gdd,-7.74034235814539e-05
EC-Earth3,-3.5,-3.2771,5,SK,Soft wheat,gdd,0.000212494807177365
EC-Earth3,-2.5,-2.5562,17,SK,Soft wheat,gdd,0.000437587246761683
EC-Earth3,-1.5,-1.5166,7,SK,Soft wheat,gdd,6.11143262098373e-05
IPSL-CM6A-LR,-4.5,-4.291,5,SK,Soft wheat,gdd,0.000382402016683829
IPSL-CM6A-LR,-3.5,-3.4498,14,SK,Soft wheat,gdd,0.000192700984436938
IPSL-CM6A-LR,-2.5,-2.5023,10,SK,Soft wheat,gdd,0.000425311986484207
EC-Earth3,-3.5,-3.2771,5,EL,Durum wheat,gdd,0.000508101060421746
EC-Earth3,-2.5,-2.5562,17,EL,Durum wheat,gdd,0.000796443766616534
EC-Earth3,-1.5,-1.5166,7,EL,Durum wheat,gdd,0.000805084858584907
IPSL-CM6A-LR,-4.5,-4.291,5,EL,Durum wheat,gdd,0.00106758042148397
IPSL-CM6A-LR,-3.5,-3.4498,14,EL,Durum wheat,gdd,0.000230510087641814
IPSL-CM6A-LR,-2.5,-2.5023,10,EL,Durum wheat,gdd,0.000281170416373037
EC-Earth3,-3.5,-3.2771,5,ES,Durum wheat,gdd,-0.000187019680135645
EC-Earth3,-2.5,-2.5562,17,ES,Durum wheat,gdd,-0.000413202708742702
EC-Earth3,-1.5,-1.5166,7,ES,Durum wheat,gdd,0.000943335966010901
IPSL-CM6A-LR,-4.5,-4.291,5,ES,Durum wheat,gdd,0.000639371682878507
IPSL-CM6A-LR,-3.5,-3.4498,14,ES,Durum wheat,gdd,-0.000159682433126692
IPSL-CM6A-LR,-2.5,-2.5023,10,ES,Durum wheat,gdd,0.000404394088763201
EC-Earth3,-3.5,-3.2771,5,FR,Durum wheat,gdd,0.000338669002038327
EC-Earth3,-2.5,-2.5562,17,FR,Durum wheat,gdd,0.000665342518726106
EC-Earth3,-1.5,-1.5166,7,FR,Durum wheat,gdd,0.000444555325696588
IPSL-CM6A-LR,-4.5,-4.291,5,FR,Durum wheat,gdd,0.000162498044371244
IPSL-CM6A-LR,-3.5,-3.4498,14,FR,Durum wheat,gdd,0.000401489870423358
IPSL-CM6A-LR,-2.5,-2.5023,10,FR,Durum wheat,gdd,-0.000269405463757179
EC-Earth3,-3.5,-3.2771,5,HU,Durum wheat,gdd,0.000112639579818864
EC-Earth3,-2.5,-2.5562,17,HU,Durum wheat,gdd,0.0011093579569629
EC-Earth3,-1.5,-1.5166,7,HU,Durum wheat,gdd,0.00079695085258356
IPSL-CM6A-LR,-4.5,-4.291,5,HU,Durum wheat,gdd,0.000587310971769884
IPSL-CM6A-LR,-3.5,-3.4498,14,HU,Durum wheat,gdd,0.00125892892665648
IPSL-CM6A-LR,-2.5,-2.5023,10,HU,Durum wheat,gdd,0.00146338525208322
EC-Earth3,-3.5,-3.2771,5,IT,Durum wheat,gdd,0.000663215250936363
EC-Earth3,-2.5,-2.5562,17,IT,Durum wheat,gdd,0.000427215382916492
EC-Earth3,-1.5,-1.5166,7,IT,Durum wheat,gdd,0.000488657550071244
IPSL-CM6A-LR,-4.5,-4.291,5,IT,Durum wheat,gdd,0.000527310973433062
IPSL-CM6A-LR,-3.5,-3.4498,14,IT,Durum wheat,gdd,0.000725753852567031
IPSL-CM6A-LR,-2.5,-2.5023,10,IT,Durum wheat,gdd,0.000112383321189781
EC-Earth3,-3.5,-3.2771,5,RO,Durum wheat,gdd,0.00030986537044714
EC-Earth3,-2.5,-2.5562,17,RO,Durum wheat,gdd,0.000501301737759343
EC-Earth3,-1.5,-1.5166,7,RO,Durum wheat,gdd,0.000942753233885576
IPSL-CM6A-LR,-4.5,-4.291,5,RO,Durum wheat,gdd,0.00104008660278851
IPSL-CM6A-LR,-3.5,-3.4498,14,RO,Durum wheat,gdd,-1.68787509341343e-05
IPSL-CM6A-LR,-2.5,-2.5023,10,RO,Durum wheat,gdd,0.00097848068935061
EC-Earth3,-3.5,-3.2771,5,SK,Durum wheat,gdd,0.000622892337557981
EC-Earth3,-2.5,-2.5562,17,SK,Durum wheat,gdd,0.00149198469037771
EC-Earth3,-1.5,-1.5166,7,SK,Durum wheat,gdd,0.000877711832706246
IPSL-CM6A-LR,-4.5,-4.291,5,SK,Durum wheat,gdd,0.00117377111980127
IPSL-CM6A-LR,-3.5,-3.4498,14,SK,Durum wheat,gdd,0.000990540803732233
IPSL-CM6A-LR,-2.5,-2.5023,10,SK,Durum wheat,gdd,0.00135642888553021
EC-Earth3,-3.5,-3.2771,5,CZ,Spring barley,gdd,0.0001075654873942
EC-Earth3,-2.5,-2.5562,17,CZ,Spring barley,gdd,-0.000166747442890239
EC-Earth3,-1.5,-1.5166,7,CZ,Spring barley,gdd,-0.000170924140293438
IPSL-CM6A-LR,-4.5,-4.291,5,CZ,Spring barley,gdd,-0.000106587992618849
IPSL-CM6A-LR,-3.5,-3.4498,14,CZ,Spring barley,gdd,-1.42046217176512e-05
IPSL-CM6A-LR,-2.5,-2.5023,10,CZ,Spring barley,gdd,-0.000230796859734272
EC-Earth3,-3.5,-3.2771,5,DE,Spring barley,gdd,6.89410978719992e-05
EC-Earth3,-2.5,-2.5562,17,DE,Spring barley,gdd,-0.000172915899438204
EC-Earth3,-1.5,-1.5166,7,DE,Spring barley,gdd,-1.72089932619025e-05
IPSL-CM6A-LR,-4.5,-4.291,5,DE,Spring barley,gdd,3.39600910103493e-05
IPSL-CM6A-LR,-3.5,-3.4498,14,DE,Spring barley,gdd,3.28828678366901e-05
IPSL-CM6A-LR,-2.5,-2.5023,10,DE,Spring barley,gdd,0.000129641409199891
EC-Earth3,-3.5,-3.2771,5,DK,Spring barley,gdd,0.000204705829559534
EC-Earth3,-2.5,-2.5562,17,DK,Spring barley,gdd,-2.74301703842549e-05
EC-Earth3,-1.5,-1.5166,7,DK,Spring barley,gdd,0.000121474029557285
IPSL-CM6A-LR,-4.5,-4.291,5,DK,Spring barley,gdd,-3.55659867409131e-05
IPSL-CM6A-LR,-3.5,-3.4498,14,DK,Spring barley,gdd,-8.83433386916977e-05
IPSL-CM6A-LR,-2.5,-2.5023,10,DK,Spring barley,gdd,0.00025637773755544
EC-Earth3,-3.5,-3.2771,5,EE,Spring barley,gdd,-0.000165136190528651
EC-Earth3,-2.5,-2.5562,17,EE,Spring barley,gdd,-0.000341116792152623
EC-Earth3,-1.5,-1.5166,7,EE,Spring barley,gdd,-0.000109668242519212
IPSL-CM6A-LR,-4.5,-4.291,5,EE,Spring barley,gdd,-0.000518023518948052
IPSL-CM6A-LR,-3.5,-3.4498,14,EE,Spring barley,gdd,-0.000249513815696821
IPSL-CM6A-LR,-2.5,-2.5023,10,EE,Spring barley,gdd,-0.000236474872317559
EC-Earth3,-3.5,-3.2771,5,ES,Spring barley,gdd,-0.000285468209506148
EC-Earth3,-2.5,-2.5562,17,ES,Spring barley,gdd,-0.000136323183820176
EC-Earth3,-1.5,-1.5166,7,ES,Spring barley,gdd,-0.000253113773389625
IPSL-CM6A-LR,-4.5,-4.291,5,ES,Spring barley,gdd,-9.74214835311029e-05
IPSL-CM6A-LR,-3.5,-3.4498,14,ES,Spring barley,gdd,-0.000178443665620771
IPSL-CM6A-LR,-2.5,-2.5023,10,ES,Spring barley,gdd,-4.07537364928438e-05
EC-Earth3,-3.5,-3.2771,5,FI,Spring barley,gdd,-0.000409934056709257
EC-Earth3,-2.5,-2.5562,17,FI,Spring barley,gdd,-0.000514883957764396
EC-Earth3,-1.5,-1.5166,7,FI,Spring barley,gdd,-0.000138753940780309
IPSL-CM6A-LR,-4.5,-4.291,5,FI,Spring barley,gdd,-0.000615269170917169
IPSL-CM6A-LR,-3.5,-3.4498,14,FI,Spring barley,gdd,-0.00044326371680437
IPSL-CM6A-LR,-2.5,-2.5023,10,FI,Spring barley,gdd,-0.000533990343588383
EC-Earth3,-3.5,-3.2771,5,FR,Spring barley,gdd,-8.43655044943404e-05
EC-Earth3,-2.5,-2.5562,17,FR,Spring barley,gdd,-0.000100193931738888
EC-Earth3,-1.5,-1.5166,7,FR,Spring barley,gdd,0.00011832710135969
IPSL-CM6A-LR,-4.5,-4.291,5,FR,Spring barley,gdd,3.66905989594789e-05
IPSL-CM6A-LR,-3.5,-3.4498,14,FR,Spring barley,gdd,-4.06190549028421e-06
IPSL-CM6A-LR,-2.5,-2.5023,10,FR,Spring barley,gdd,0.000353139108542935
EC-Earth3,-3.5,-3.2771,5,HU,Spring barley,gdd,5.71914769806996e-05
EC-Earth3,-2.5,-2.5562,17,HU,Spring barley,gdd,-0.000558865419876663
EC-Earth3,-1.5,-1.5166,7,HU,Spring barley,gdd,-0.000343510286324402
IPSL-CM6A-LR,-4.5,-4.291,5,HU,Spring barley,gdd,-0.000230730977302308
IPSL-CM6A-LR,-3.5,-3.4498,14,HU,Spring barley,gdd,-0.000438541323504481
IPSL-CM6A-LR,-2.5,-2.5023,10,HU,Spring barley,gdd,-0.000556638801841705
EC-Earth3,-3.5,-3.2771,5,LT,Spring barley,gdd,6.60537730043412e-05
EC-Earth3,-2.5,-2.5562,17,LT,Spring barley,gdd,-7.75438493455609e-05
EC-Earth3,-1.5,-1.5166,7,LT,Spring barley,gdd,0.000143554352819435
IPSL-CM6A-LR,-4.5,-4.291,5,LT,Spring barley,gdd,0.00021199552245449
IPSL-CM6A-LR,-3.5,-3.4498,14,LT,Spring barley,gdd,-5.51255594366123e-05
IPSL-CM6A-LR,-2.5,-2.5023,10,LT,Spring barley,gdd,-0.000309792814001146
EC-Earth3,-3.5,-3.2771,5,LV,Spring barley,gdd,-0.000283936120221308
EC-Earth3,-2.5,-2.5562,17,LV,Spring barley,gdd,-8.30999119780604e-05
EC-Earth3,-1.5,-1.5166,7,LV,Spring barley,gdd,0.000292726719679797
IPSL-CM6A-LR,-4.5,-4.291,5,LV,Spring barley,gdd,-0.000131574412920212
IPSL-CM6A-LR,-3.5,-3.4498,14,LV,Spring barley,gdd,-0.000136701104979494
IPSL-CM6A-LR,-2.5,-2.5023,10,LV,Spring barley,gdd,-0.000282685262279782
EC-Earth3,-3.5,-3.2771,5,SE,Spring barley,gdd,0.00029712287486599
EC-Earth3,-2.5,-2.5562,17,SE,Spring barley,gdd,-0.000311896294554069
EC-Earth3,-1.5,-1.5166,7,SE,Spring barley,gdd,2.81547164044297e-05
IPSL-CM6A-LR,-4.5,-4.291,5,SE,Spring barley,gdd,-0.000107429041436711
IPSL-CM6A-LR,-3.5,-3.4498,14,SE,Spring barley,gdd,-0.000118714942805987
IPSL-CM6A-LR,-2.5,-2.5023,10,SE,Spring barley,gdd,0.000118165025249497
EC-Earth3,-3.5,-3.2771,5,SK,Spring barley,gdd,-0.000276909920670754
EC-Earth3,-2.5,-2.5562,17,SK,Spring barley,gdd,-0.000608949770460399
EC-Earth3,-1.5,-1.5166,7,SK,Spring barley,gdd,-0.000164642600743769
IPSL-CM6A-LR,-4.5,-4.291,5,SK,Spring barley,gdd,-0.000516003428401562
IPSL-CM6A-LR,-3.5,-3.4498,14,SK,Spring barley,gdd,-0.000345122702695113
IPSL-CM6A-LR,-2.5,-2.5023,10,SK,Spring barley,gdd,-0.000574459377723961
EC-Earth3,-3.5,-3.2771,5,CZ,Winter barley,gdd,-6.49939825491603e-06
EC-Earth3,-2.5,-2.5562,17,CZ,Winter barley,gdd,2.01914076792067e-05
EC-Earth3,-1.5,-1.5166,7,CZ,Winter barley,gdd,2.77695865216192e-05
IPSL-CM6A-LR,-4.5,-4.291,5,CZ,Winter barley,gdd,4.24645598248464e-06
IPSL-CM6A-LR,-3.5,-3.4498,14,CZ,Winter barley,gdd,-9.45879184941204e-06
IPSL-CM6A-LR,-2.5,-2.5023,10,CZ,Winter barley,gdd,2.97233528610606e-05
EC-Earth3,-3.5,-3.2771,5,DE,Winter barley,gdd,-2.78289716659478e-05
EC-Earth3,-2.5,-2.5562,17,DE,Winter barley,gdd,2.28752721780951e-05
EC-Earth3,-1.5,-1.5166,7,DE,Winter barley,gdd,-4.61474828646809e-06
IPSL-CM6A-LR,-4.5,-4.291,5,DE,Winter barley,gdd,-1.23569167533924e-06
IPSL-CM6A-LR,-3.5,-3.4498,14,DE,Winter barley,gdd,-7.57212846262032e-06
IPSL-CM6A-LR,-2.5,-2.5023,10,DE,Winter barley,gdd,-1.9055610396167e-05
EC-Earth3,-3.5,-3.2771,5,DK,Winter barley,gdd,-1.80584484277724e-05
EC-Earth3,-2.5,-2.5562,17,DK,Winter barley,gdd,2.28800112649549e-05
EC-Earth3,-1.5,-1.5166,7,DK,Winter barley,gdd,5.84521282517563e-06
IPSL-CM6A-LR,-4.5,-4.291,5,DK,Winter barley,gdd,1.15347859942101e-05
IPSL-CM6A-LR,-3.5,-3.4498,14,DK,Winter barley,gdd,3.55795367120981e-05
IPSL-CM6A-LR,-2.5,-2.5023,10,DK,Winter barley,gdd,-1.60793996929386e-05
EC-Earth3,-3.5,-3.2771,5,EE,Winter barley,gdd,1.83117546028848e-05
EC-Earth3,-2.5,-2.5562,17,EE,Winter barley,gdd,4.6987755581509e-05
EC-Earth3,-1.5,-1.5166,7,EE,Winter barley,gdd,1.71843086959462e-05
IPSL-CM6A-LR,-4.5,-4.291,5,EE,Winter barley,gdd,6.7166801883328e-05
IPSL-CM6A-LR,-3.5,-3.4498,14,EE,Winter barley,gdd,3.27326366180032e-05
IPSL-CM6A-LR,-2.5,-2.5023,10,EE,Winter barley,gdd,3.04039487393063e-05
EC-Earth3,-3.5,-3.2771,5,EL,Winter barley,gdd,2.52579970281329e-05
EC-Earth3,-2.5,-2.5562,17,EL,Winter barley,gdd,2.41575750178968e-05
EC-Earth3,-1.5,-1.5166,7,EL,Winter barley,gdd,1.98179554334901e-05
IPSL-CM6A-LR,-4.5,-4.291,5,EL,Winter barley,gdd,4.85502870849592e-05
IPSL-CM6A-LR,-3.5,-3.4498,14,EL,Winter barley,gdd,2.27728094174073e-05
IPSL-CM6A-LR,-2.5,-2.5023,10,EL,Winter barley,gdd,1.50839841625559e-05
EC-Earth3,-3.5,-3.2771,5,ES,Winter barley,gdd,2.06579032521887e-05
EC-Earth3,-2.5,-2.5562,17,ES,Winter barley,gdd,1.16923467612351e-05
EC-Earth3,-1.5,-1.5166,7,ES,Winter barley,gdd,5.03918844957446e-05
IPSL-CM6A-LR,-4.5,-4.291,5,ES,Winter barley,gdd,1.87780028491557e-05
IPSL-CM6A-LR,-3.5,-3.4498,14,ES,Winter barley,gdd,6.44668840294806e-06
IPSL-CM6A-LR,-2.5,-2.5023,10,ES,Winter barley,gdd,6.63495699593522e-06
EC-Earth3,-3.5,-3.2771,5,FR,Winter barley,gdd,1.53524006899976e-05
EC-Earth3,-2.5,-2.5562,17,FR,Winter barley,gdd,2.11801477305565e-05
EC-Earth3,-1.5,-1.5166,7,FR,Winter barley,gdd,-1.14211821267789e-05
IPSL-CM6A-LR,-4.5,-4.291,5,FR,Winter barley,gdd,3.03658937997059e-06
IPSL-CM6A-LR,-3.5,-3.4498,14,FR,Winter barley,gdd,8.86279493790676e-06
IPSL-CM6A-LR,-2.5,-2.5023,10,FR,Winter barley,gdd,-3.61380945049765e-05
EC-Earth3,-3.5,-3.2771,5,HU,Winter barley,gdd,1.9404680518562e-05
EC-Earth3,-2.5,-2.5562,17,HU,Winter barley,gdd,7.05897607071671e-05
EC-Earth3,-1.5,-1.5166,7,HU,Winter barley,gdd,5.18835285219262e-05
IPSL-CM6A-LR,-4.5,-4.291,5,HU,Winter barley,gdd,3.89717070579495e-05
IPSL-CM6A-LR,-3.5,-3.4498,14,HU,Winter barley,gdd,7.09431916589659e-05
IPSL-CM6A-LR,-2.5,-2.5023,10,HU,Winter barley,gdd,7.31217586148613e-05
EC-Earth3,-3.5,-3.2771,5,IT,Winter barley,gdd,3.10948064475814e-05
EC-Earth3,-2.5,-2.5562,17,IT,Winter barley,gdd,3.84738188082508e-05
EC-Earth3,-1.5,-1.5166,7,IT,Winter barley,gdd,2.32971493470988e-05
IPSL-CM6A-LR,-4.5,-4.291,5,IT,Winter barley,gdd,4.33703275794631e-05
IPSL-CM6A-LR,-3.5,-3.4498,14,IT,Winter barley,gdd,2.37458801825768e-05
IPSL-CM6A-LR,-2.5,-2.5023,10,IT,Winter barley,gdd,2.08909898604617e-05
EC-Earth3,-3.5,-3.2771,5,LT,Winter barley,gdd,-3.05652430441268e-06
EC-Earth3,-2.5,-2.5562,17,LT,Winter barley,gdd,7.2839191183785e-06
EC-Earth3,-1.5,-1.5166,7,LT,Winter barley,gdd,-1.95613045835425e-05
IPSL-CM6A-LR,-4.5,-4.291,5,LT,Winter barley,gdd,-2.96537336362825e-05
IPSL-CM6A-LR,-3.5,-3.4498,14,LT,Winter barley,gdd,7.62499188689587e-07
IPSL-CM6A-LR,-2.5,-2.5023,10,LT,Winter barley,gdd,4.4369919126372e-05
EC-Earth3,-3.5,-3.2771,5,LV,Winter barley,gdd,3.52097289174452e-05
EC-Earth3,-2.5,-2.5562,17,LV,Winter barley,gdd,1.56329834120016e-05
EC-Earth3,-1.5,-1.5166,7,LV,Winter barley,gdd,-5.44524935811023e-05
IPSL-CM6A-LR,-4.5,-4.291,5,LV,Winter barley,gdd,1.21617327544914e-05
IPSL-CM6A-LR,-3.5,-3.4498,14,LV,Winter barley,gdd,1.30688352639183e-05
IPSL-CM6A-LR,-2.5,-2.5023,10,LV,Winter barley,gdd,3.9589448517246e-05
EC-Earth3,-3.5,-3.2771,5,SE,Winter barley,gdd,-3.76368443962484e-05
EC-Earth3,-2.5,-2.5562,17,SE,Winter barley,gdd,5.62281004291293e-05
EC-Earth3,-1.5,-1.5166,7,SE,Winter barley,gdd,-1.17529091211104e-06
IPSL-CM6A-LR,-4.5,-4.291,5,SE,Winter barley,gdd,2.48076113470533e-05
IPSL-CM6A-LR,-3.5,-3.4498,14,SE,Winter barley,gdd,2.87682047394655e-05
IPSL-CM6A-LR,-2.5,-2.5023,10,SE,Winter barley,gdd,-2.82297492375061e-07
EC-Earth3,-3.5,-3.2771,5,SK,Winter barley,gdd,3.61764360696527e-05
EC-Earth3,-2.5,-2.5562,17,SK,Winter barley,gdd,7.81798332339031e-05
EC-Earth3,-1.5,-1.5166,7,SK,Winter barley,gdd,5.83715524150604e-06
IPSL-CM6A-LR,-4.5,-4.291,5,SK,Winter barley,gdd,7.21713276428926e-05
IPSL-CM6A-LR,-3.5,-3.4498,14,SK,Winter barley,gdd,3.6141916872223e-05
IPSL-CM6A-LR,-2.5,-2.5023,10,SK,Winter barley,gdd,7.38428448412189e-05
EC-Earth3,-3.5,-3.2771,5,CZ,Soft wheat,heat,0.00336931895983493
EC-Earth3,-2.5,-2.5562,17,CZ,Soft wheat,heat,-0.00700142743120552
EC-Earth3,-1.5,-1.5166,7,CZ,Soft wheat,heat,-0.00892687876326917
IPSL-CM6A-LR,-4.5,-4.291,5,CZ,Soft wheat,heat,-0.0119724276620807
IPSL-CM6A-LR,-3.5,-3.4498,14,CZ,Soft wheat,heat,-0.00957109240049203
IPSL-CM6A-LR,-2.5,-2.5023,10,CZ,Soft wheat,heat,-0.009747839018763
EC-Earth3,-3.5,-3.2771,5,DE,Soft wheat,heat,0.00155243079758772
EC-Earth3,-2.5,-2.5562,17,DE,Soft wheat,heat,-0.0083927239657144
EC-Earth3,-1.5,-1.5166,7,DE,Soft wheat,heat,-0.00644448312988914
IPSL-CM6A-LR,-4.5,-4.291,5,DE,Soft wheat,heat,-0.0114444461222852
IPSL-CM6A-LR,-3.5,-3.4498,14,DE,Soft wheat,heat,-0.00651338120977508
IPSL-CM6A-LR,-2.5,-2.5023,10,DE,Soft wheat,heat,-0.00458514071527414
EC-Earth3,-3.5,-3.2771,5,DK,Soft wheat,heat,-3.28622355257537e-06
EC-Earth3,-2.5,-2.5562,17,DK,Soft wheat,heat,-0.00125561206476182
EC-Earth3,-1.5,-1.5166,7,DK,Soft wheat,heat,-0.000744782385200087
IPSL-CM6A-LR,-4.5,-4.291,5,DK,Soft wheat,heat,-0.000986229345059608
IPSL-CM6A-LR,-3.5,-3.4498,14,DK,Soft wheat,heat,-0.000755730013501166
IPSL-CM6A-LR,-2.5,-2.5023,10,DK,Soft wheat,heat,-0.000163340620984363
EC-Earth3,-3.5,-3.2771,5,EE,Soft wheat,heat,-0.00342925924824838
EC-Earth3,-2.5,-2.5562,17,EE,Soft wheat,heat,-0.00313026783418543
EC-Earth3,-1.5,-1.5166,7,EE,Soft wheat,heat,-0.00343919110231319
IPSL-CM6A-LR,-4.5,-4.291,5,EE,Soft wheat,heat,-0.00365695416192264
IPSL-CM6A-LR,-3.5,-3.4498,14,EE,Soft wheat,heat,-0.00381865789646409
IPSL-CM6A-LR,-2.5,-2.5023,10,EE,Soft wheat,heat,-0.00541684277078956
EC-Earth3,-3.5,-3.2771,5,EL,Soft wheat,heat,-0.0234148589948795
EC-Earth3,-2.5,-2.5562,17,EL,Soft wheat,heat,-0.0201777767332779
EC-Earth3,-1.5,-1.5166,7,EL,Soft wheat,heat,-0.0224343862287831
IPSL-CM6A-LR,-4.5,-4.291,5,EL,Soft wheat,heat,-0.0236250845138407
IPSL-CM6A-LR,-3.5,-3.4498,14,EL,Soft wheat,heat,-0.0192381126518871
IPSL-CM6A-LR,-2.5,-2.5023,10,EL,Soft wheat,heat,-0.0272659948902989
EC-Earth3,-3.5,-3.2771,5,ES,Soft wheat,heat,-0.0208684121559242
EC-Earth3,-2.5,-2.5562,17,ES,Soft wheat,heat,-0.0203200293653343
EC-Earth3,-1.5,-1.5166,7,ES,Soft wheat,heat,-0.022927931545256
IPSL-CM6A-LR,-4.5,-4.291,5,ES,Soft wheat,heat,-0.0122110316015965
IPSL-CM6A-LR,-3.5,-3.4498,14,ES,Soft wheat,heat,-0.0183312498275724
IPSL-CM6A-LR,-2.5,-2.5023,10,ES,Soft wheat,heat,-0.0137602573691486
EC-Earth3,-3.5,-3.2771,5,FI,Soft wheat,heat,-0.0023240753599891
EC-Earth3,-2.5,-2.5562,17,FI,Soft wheat,heat,-0.00242903546023054
EC-Earth3,-1.5,-1.5166,7,FI,Soft wheat,heat,-0.00295515970774815
IPSL-CM6A-LR,-4.5,-4.291,5,FI,Soft wheat,heat,-0.00262962679901249
IPSL-CM6A-LR,-3.5,-3.4498,14,FI,Soft wheat,heat,-0.0027014710324425
IPSL-CM6A-LR,-2.5,-2.5023,10,FI,Soft wheat,heat,-0.00308778208594144
EC-Earth3,-3.5,-3.2771,5,FR,Soft wheat,heat,-0.00186200021669748
EC-Earth3,-2.5,-2.5562,17,FR,Soft wheat,heat,-0.00853937090961977
EC-Earth3,-1.5,-1.5166,7,FR,Soft wheat,heat,-0.0081106506130641
IPSL-CM6A-LR,-4.5,-4.291,5,FR,Soft wheat,heat,-0.0136902160293086
IPSL-CM6A-LR,-3.5,-3.4498,14,FR,Soft wheat,heat,-0.00461308130885064
IPSL-CM6A-LR,-2.5,-2.5023,10,FR,Soft wheat,heat,-0.00172835818766812
EC-Earth3,-3.5,-3.2771,5,HU,Soft wheat,heat,-0.00287319223121835
EC-Earth3,-2.5,-2.5562,17,HU,Soft wheat,heat,-0.0174878356952691
EC-Earth3,-1.5,-1.5166,7,HU,Soft wheat,heat,-0.0337773067270473
IPSL-CM6A-LR,-4.5,-4.291,5,HU,Soft wheat,heat,-0.0248782663838618
IPSL-CM6A-LR,-3.5,-3.4498,14,HU,Soft wheat,heat,-0.0249187754939643
IPSL-CM6A-LR,-2.5,-2.5023,10,HU,Soft wheat,heat,-0.0312000520407808
EC-Earth3,-3.5,-3.2771,5,IT,Soft wheat,heat,-0.0109644486411272
EC-Earth3,-2.5,-2.5562,17,IT,Soft wheat,heat,-0.022115018325647
EC-Earth3,-1.5,-1.5166,7,IT,Soft wheat,heat,-0.0301263729213374
IPSL-CM6A-LR,-4.5,-4.291,5,IT,Soft wheat,heat,-0.0238800576065296
IPSL-CM6A-LR,-3.5,-3.4498,14,IT,Soft wheat,heat,-0.0205605308583507
IPSL-CM6A-LR,-2.5,-2.5023,10,IT,Soft wheat,heat,-0.0175401457337066
EC-Earth3,-3.5,-3.2771,5,LT,Soft wheat,heat,-0.00160852682299523
EC-Earth3,-2.5,-2.5562,17,LT,Soft wheat,heat,-0.00373766826671434
EC-Earth3,-1.5,-1.5166,7,LT,Soft wheat,heat,-0.00367461770406268
IPSL-CM6A-LR,-4.5,-4.291,5,LT,Soft wheat,heat,-0.0061007127060425
IPSL-CM6A-LR,-3.5,-3.4498,14,LT,Soft wheat,heat,-0.0063815138977432
IPSL-CM6A-LR,-2.5,-2.5023,10,LT,Soft wheat,heat,-0.00868702589180601
EC-Earth3,-3.5,-3.2771,5,LV,Soft wheat,heat,-0.00317725475222838
EC-Earth3,-2.5,-2.5562,17,LV,Soft wheat,heat,-0.0033820773131459
EC-Earth3,-1.5,-1.5166,7,LV,Soft wheat,heat,-0.00337680961983604
IPSL-CM6A-LR,-4.5,-4.291,5,LV,Soft wheat,heat,-0.00481694544758292
IPSL-CM6A-LR,-3.5,-3.4498,14,LV,Soft wheat,heat,-0.00541262549749698
IPSL-CM6A-LR,-2.5,-2.5023,10,LV,Soft wheat,heat,-0.00717243546348406
EC-Earth3,-3.5,-3.2771,5,RO,Soft wheat,heat,-0.0141547843297275
EC-Earth3,-2.5,-2.5562,17,RO,Soft wheat,heat,-0.0122922532662409
EC-Earth3,-1.5,-1.5166,7,RO,Soft wheat,heat,-0.0285716637948153
IPSL-CM6A-LR,-4.5,-4.291,5,RO,Soft wheat,heat,-0.0230276589031935
IPSL-CM6A-LR,-3.5,-3.4498,14,RO,Soft wheat,heat,-0.0232799823824366
IPSL-CM6A-LR,-2.5,-2.5023,10,RO,Soft wheat,heat,-0.0366340976460227
EC-Earth3,-3.5,-3.2771,5,SE,Soft wheat,heat,-0.000442641033137354
EC-Earth3,-2.5,-2.5562,17,SE,Soft wheat,heat,-0.00239822338867941
EC-Earth3,-1.5,-1.5166,7,SE,Soft wheat,heat,-0.0026408271881048
IPSL-CM6A-LR,-4.5,-4.291,5,SE,Soft wheat,heat,-0.00390134618716368
IPSL-CM6A-LR,-3.5,-3.4498,14,SE,Soft wheat,heat,-0.00231800056473548
IPSL-CM6A-LR,-2.5,-2.5023,10,SE,Soft wheat,heat,-0.00216216369266197
EC-Earth3,-3.5,-3.2771,5,SK,Soft wheat,heat,0.00264940203861961
EC-Earth3,-2.5,-2.5562,17,SK,Soft wheat,heat,-0.00983817522970289
EC-Earth3,-1.5,-1.5166,7,SK,Soft wheat,heat,-0.0220678995481217
IPSL-CM6A-LR,-4.5,-4.291,5,SK,Soft wheat,heat,-0.0161820695669556
IPSL-CM6A-LR,-3.5,-3.4498,14,SK,Soft wheat,heat,-0.0151975795313675
IPSL-CM6A-LR,-2.5,-2.5023,10,SK,Soft wheat,heat,-0.0196512067744755
EC-Earth3,-3.5,-3.2771,5,EL,Durum wheat,heat,-0.000100480318355835
EC-Earth3,-2.5,-2.5562,17,EL,Durum wheat,heat,-8.06375011905662e-05
EC-Earth3,-1.5,-1.5166,7,EL,Durum wheat,heat,-8.80590807958534e-05
IPSL-CM6A-LR,-4.5,-4.291,5,EL,Durum wheat,heat,-9.00593929796632e-05
IPSL-CM6A-LR,-3.5,-3.4498,14,EL,Durum wheat,heat,-7.64285576410106e-05
IPSL-CM6A-LR,-2.5,-2.5023,10,EL,Durum wheat,heat,-0.000108498903955216
EC-Earth3,-3.5,-3.2771,5,ES,Durum wheat,heat,-0.00010657177091908
EC-Earth3,-2.5,-2.5562,17,ES,Durum wheat,heat,-0.000101359789711921
EC-Earth3,-1.5,-1.5166,7,ES,Durum wheat,heat,-0.00011855742204491
IPSL-CM6A-LR,-4.5,-4.291,5,ES,Durum wheat,heat,-5.00182749732179e-05
IPSL-CM6A-LR,-3.5,-3.4498,14,ES,Durum wheat,heat,-8.08055115988732e-05
IPSL-CM6A-LR,-2.5,-2.5023,10,ES,Durum wheat,heat,-6.92369066133939e-05
EC-Earth3,-3.5,-3.2771,5,FR,Durum wheat,heat,-2.16440466572405e-05
EC-Earth3,-2.5,-2.5562,17,FR,Durum wheat,heat,-4.69839727091482e-05
EC-Earth3,-1.5,-1.5166,7,FR,Durum wheat,heat,-5.42868245698106e-05
IPSL-CM6A-LR,-4.5,-4.291,5,FR,Durum wheat,heat,-5.91819288582855e-05
IPSL-CM6A-LR,-3.5,-3.4498,14,FR,Durum wheat,heat,-3.44275231774176e-05
IPSL-CM6A-LR,-2.5,-2.5023,10,FR,Durum wheat,heat,-1.73742294188099e-05
EC-Earth3,-3.5,-3.2771,5,HU,Durum wheat,heat,-1.0793515921355e-05
EC-Earth3,-2.5,-2.5562,17,HU,Durum wheat,heat,-6.73025304539498e-05
EC-Earth3,-1.5,-1.5166,7,HU,Durum wheat,heat,-0.000130659024896909
IPSL-CM6A-LR,-4.5,-4.291,5,HU,Durum wheat,heat,-9.45451955860155e-05
IPSL-CM6A-LR,-3.5,-3.4498,14,HU,Durum wheat,heat,-9.49770724908803e-05
IPSL-CM6A-LR,-2.5,-2.5023,10,HU,Durum wheat,heat,-0.000116860637702559
EC-Earth3,-3.5,-3.2771,5,IT,Durum wheat,heat,-5.02365561188545e-05
EC-Earth3,-2.5,-2.5562,17,IT,Durum wheat,heat,-6.18618705023559e-05
EC-Earth3,-1.5,-1.5166,7,IT,Durum wheat,heat,-7.50568503527201e-05
IPSL-CM6A-LR,-4.5,-4.291,5,IT,Durum wheat,heat,-6.69778275269519e-05
IPSL-CM6A-LR,-3.5,-3.4498,14,IT,Durum wheat,heat,-5.21736944586412e-05
IPSL-CM6A-LR,-2.5,-2.5023,10,IT,Durum wheat,heat,-5.64958033825526e-05
EC-Earth3,-3.5,-3.2771,5,RO,Durum wheat,heat,-4.54534210726461e-05
EC-Earth3,-2.5,-2.5562,17,RO,Durum wheat,heat,-4.36545927803669e-05
EC-Earth3,-1.5,-1.5166,7,RO,Durum wheat,heat,-0.000100462806036494
IPSL-CM6A-LR,-4.5,-4.291,5,RO,Durum wheat,heat,-7.87723472541985e-05
IPSL-CM6A-LR,-3.5,-3.4498,14,RO,Durum wheat,heat,-8.2093153903624e-05
IPSL-CM6A-LR,-2.5,-2.5023,10,RO,Durum wheat,heat,-0.000128648487216578
EC-Earth3,-3.5,-3.2771,5,SK,Durum wheat,heat,1.28926437735939e-05
EC-Earth3,-2.5,-2.5562,17,SK,Durum wheat,heat,-4.09477822315934e-05
EC-Earth3,-1.5,-1.5166,7,SK,Durum wheat,heat,-9.42935889633711e-05
IPSL-CM6A-LR,-4.5,-4.291,5,SK,Durum wheat,heat,-6.46228321731333e-05
IPSL-CM6A-LR,-3.5,-3.4498,14,SK,Durum wheat,heat,-6.06291971390652e-05
IPSL-CM6A-LR,-2.5,-2.5023,10,SK,Durum wheat,heat,-7.43584147586358e-05
EC-Earth3,-3.5,-3.2771,5,CZ,Spring barley,heat,0.00550364943910293
EC-Earth3,-2.5,-2.5562,17,CZ,Spring barley,heat,-0.0111639010145044
EC-Earth3,-1.5,-1.5166,7,CZ,Spring barley,heat,-0.0146571073674566
IPSL-CM6A-LR,-4.5,-4.291,5,CZ,Spring barley,heat,-0.0191438849902843
IPSL-CM6A-LR,-3.5,-3.4498,14,CZ,Spring barley,heat,-0.015399065645238
IPSL-CM6A-LR,-2.5,-2.5023,10,CZ,Spring barley,heat,-0.0159158212680769
EC-Earth3,-3.5,-3.2771,5,DE,Spring barley,heat,0.00226389059346337
EC-Earth3,-2.5,-2.5562,17,DE,Spring barley,heat,-0.0141800805570135
EC-Earth3,-1.5,-1.5166,7,DE,Spring barley,heat,-0.0109391331208017
IPSL-CM6A-LR,-4.5,-4.291,5,DE,Spring barley,heat,-0.0212310459722949
IPSL-CM6A-LR,-3.5,-3.4498,14,DE,Spring barley,heat,-0.0118270480667399
IPSL-CM6A-LR,-2.5,-2.5023,10,DE,Spring barley,heat,-0.00801029201933863
EC-Earth3,-3.5,-3.2771,5,DK,Spring barley,heat,2.64064989295319e-05
EC-Earth3,-2.5,-2.5562,17,DK,Spring barley,heat,-0.00212688573299488
EC-Earth3,-1.5,-1.5166,7,DK,Spring barley,heat,-0.00126614863124611
IPSL-CM6A-LR,-4.5,-4.291,5,DK,Spring barley,heat,-0.00169777242591642
IPSL-CM6A-LR,-3.5,-3.4498,14,DK,Spring barley,heat,-0.00125983759077985
IPSL-CM6A-LR,-2.5,-2.5023,10,DK,Spring barley,heat,-0.000245392580826026
EC-Earth3,-3.5,-3.2771,5,EE,Spring barley,heat,-0.0055076923939487
EC-Earth3,-2.5,-2.5562,17,EE,Spring barley,heat,-0.00504890045267088
EC-Earth3,-1.5,-1.5166,7,EE,Spring barley,heat,-0.0055341248836318
IPSL-CM6A-LR,-4.5,-4.291,5,EE,Spring barley,heat,-0.00580028196920266
IPSL-CM6A-LR,-3.5,-3.4498,14,EE,Spring barley,heat,-0.00596906582146716
IPSL-CM6A-LR,-2.5,-2.5023,10,EE,Spring barley,heat,-0.00848691339689011
EC-Earth3,-3.5,-3.2771,5,ES,Spring barley,heat,-0.0347687170761756
EC-Earth3,-2.5,-2.5562,17,ES,Spring barley,heat,-0.034263051313717
EC-Earth3,-1.5,-1.5166,7,ES,Spring barley,heat,-0.0371851997195103
IPSL-CM6A-LR,-4.5,-4.291,5,ES,Spring barley,heat,-0.0203157446771539
IPSL-CM6A-LR,-3.5,-3.4498,14,ES,Spring barley,heat,-0.0327660382232379
IPSL-CM6A-LR,-2.5,-2.5023,10,ES,Spring barley,heat,-0.0245336824376274
EC-Earth3,-3.5,-3.2771,5,FI,Spring barley,heat,-0.00381462367059096
EC-Earth3,-2.5,-2.5562,17,FI,Spring barley,heat,-0.00357657341544933
EC-Earth3,-1.5,-1.5166,7,FI,Spring barley,heat,-0.00449926373154197
IPSL-CM6A-LR,-4.5,-4.291,5,FI,Spring barley,heat,-0.0040035248768676
IPSL-CM6A-LR,-3.5,-3.4498,14,FI,Spring barley,heat,-0.00430389559044008
IPSL-CM6A-LR,-2.5,-2.5023,10,FI,Spring barley,heat,-0.00444226969054159
EC-Earth3,-3.5,-3.2771,5,FR,Spring barley,heat,-0.00293645423355881
EC-Earth3,-2.5,-2.5562,17,FR,Spring barley,heat,-0.0159016635422062
EC-Earth3,-1.5,-1.5166,7,FR,Spring barley,heat,-0.0138985237653787
IPSL-CM6A-LR,-4.5,-4.291,5,FR,Spring barley,heat,-0.0246974201846074
IPSL-CM6A-LR,-3.5,-3.4498,14,FR,Spring barley,heat,-0.00864142974117744
IPSL-CM6A-LR,-2.5,-2.5023,10,FR,Spring barley,heat,-0.00321040708922316
EC-Earth3,-3.5,-3.2771,5,HU,Spring barley,heat,-0.00313483356817191
EC-Earth3,-2.5,-2.5562,17,HU,Spring barley,heat,-0.0265769745185802
EC-Earth3,-1.5,-1.5166,7,HU,Spring barley,heat,-0.0518686490046062
IPSL-CM6A-LR,-4.5,-4.291,5,HU,Spring barley,heat,-0.0386906012558274
IPSL-CM6A-LR,-3.5,-3.4498,14,HU,Spring barley,heat,-0.0384461870007084
IPSL-CM6A-LR,-2.5,-2.5023,10,HU,Spring barley,heat,-0.0470481937762313
EC-Earth3,-3.5,-3.2771,5,LT,Spring barley,heat,-0.0027243822958297
EC-Earth3,-2.5,-2.5562,17,LT,Spring barley,heat,-0.00606927408842365
EC-Earth3,-1.5,-1.5166,7,LT,Spring barley,heat,-0.00588922471103336
IPSL-CM6A-LR,-4.5,-4.291,5,LT,Spring barley,heat,-0.00969047386658381
IPSL-CM6A-LR,-3.5,-3.4498,14,LT,Spring barley,heat,-0.0101192053495355
IPSL-CM6A-LR,-2.5,-2.5023,10,LT,Spring barley,heat,-0.0137148937546975
EC-Earth3,-3.5,-3.2771,5,LV,Spring barley,heat,-0.00523333989152727
EC-Earth3,-2.5,-2.5562,17,LV,Spring barley,heat,-0.00530760639592053
EC-Earth3,-1.5,-1.5166,7,LV,Spring barley,heat,-0.00534993492371319
IPSL-CM6A-LR,-4.5,-4.291,5,LV,Spring barley,heat,-0.00771125295521544
IPSL-CM6A-LR,-3.5,-3.4498,14,LV,Spring barley,heat,-0.00870650672576876
IPSL-CM6A-LR,-2.5,-2.5023,10,LV,Spring barley,heat,-0.0115987778398574
EC-Earth3,-3.5,-3.2771,5,SE,Spring barley,heat,-0.000945578037519382
EC-Earth3,-2.5,-2.5562,17,SE,Spring barley,heat,-0.00381209192395736
EC-Earth3,-1.5,-1.5166,7,SE,Spring barley,heat,-0.00443389311750136
IPSL-CM6A-LR,-4.5,-4.291,5,SE,Spring barley,heat,-0.00604521538255821
IPSL-CM6A-LR,-3.5,-3.4498,14,SE,Spring barley,heat,-0.00360377162241435
IPSL-CM6A-LR,-2.5,-2.5023,10,SE,Spring barley,heat,-0.00325983953742558
EC-Earth3,-3.5,-3.2771,5,SK,Spring barley,heat,0.00471995875906199
EC-Earth3,-2.5,-2.5562,17,SK,Spring barley,heat,-0.0167982505271066
EC-Earth3,-1.5,-1.5166,7,SK,Spring barley,heat,-0.0379606549629518
IPSL-CM6A-LR,-4.5,-4.291,5,SK,Spring barley,heat,-0.0269879313992578
IPSL-CM6A-LR,-3.5,-3.4498,14,SK,Spring barley,heat,-0.0254707734014184
IPSL-CM6A-LR,-2.5,-2.5023,10,SK,Spring barley,heat,-0.0323157139107298
EC-Earth3,-3.5,-3.2771,5,CZ,Winter barley,heat,9.3678889756163e-05
EC-Earth3,-2.5,-2.5562,17,CZ,Winter barley,heat,-0.00020205540401287
EC-Earth3,-1.5,-1.5166,7,CZ,Winter barley,heat,-0.000244473242039839
IPSL-CM6A-LR,-4.5,-4.291,5,CZ,Winter barley,heat,-0.000354874206827806
IPSL-CM6A-LR,-3.5,-3.4498,14,CZ,Winter barley,heat,-0.000278361197073474
IPSL-CM6A-LR,-2.5,-2.5023,10,CZ,Winter barley,heat,-0.000273529563854954
EC-Earth3,-3.5,-3.2771,5,DE,Winter barley,heat,4.69158620093759e-05
EC-Earth3,-2.5,-2.5562,17,DE,Winter barley,heat,-0.000254223701373177
EC-Earth3,-1.5,-1.5166,7,DE,Winter barley,heat,-0.000198921226493527
IPSL-CM6A-LR,-4.5,-4.291,5,DE,Winter barley,heat,-0.000350068732036448
IPSL-CM6A-LR,-3.5,-3.4498,14,DE,Winter barley,heat,-0.00019912062346939
IPSL-CM6A-LR,-2.5,-2.5023,10,DE,Winter barley,heat,-0.000142362867148661
EC-Earth3,-3.5,-3.2771,5,DK,Winter barley,heat,6.60658327126737e-07
EC-Earth3,-2.5,-2.5562,17,DK,Winter barley,heat,-3.90858197534851e-05
EC-Earth3,-1.5,-1.5166,7,DK,Winter barley,heat,-2.25607818126991e-05
IPSL-CM6A-LR,-4.5,-4.291,5,DK,Winter barley,heat,-3.09560589070056e-05
IPSL-CM6A-LR,-3.5,-3.4498,14,DK,Winter barley,heat,-2.31911167893659e-05
IPSL-CM6A-LR,-2.5,-2.5023,10,DK,Winter barley,heat,-3.7068943341171e-06
EC-Earth3,-3.5,-3.2771,5,EE,Winter barley,heat,-9.74251327760588e-05
EC-Earth3,-2.5,-2.5562,17,EE,Winter barley,heat,-8.94547444747561e-05
EC-Earth3,-1.5,-1.5166,7,EE,Winter barley,heat,-9.83615865238461e-05
IPSL-CM6A-LR,-4.5,-4.291,5,EE,Winter barley,heat,-0.000102544600059052
IPSL-CM6A-LR,-3.5,-3.4498,14,EE,Winter barley,heat,-0.000104086813123069
IPSL-CM6A-LR,-2.5,-2.5023,10,EE,Winter barley,heat,-0.000148215754446291
EC-Earth3,-3.5,-3.2771,5,EL,Winter barley,heat,-0.000763329757364118
EC-Earth3,-2.5,-2.5562,17,EL,Winter barley,heat,-0.000610870516389494
EC-Earth3,-1.5,-1.5166,7,EL,Winter barley,heat,-0.000663467458137977
IPSL-CM6A-LR,-4.5,-4.291,5,EL,Winter barley,heat,-0.000693748595557411
IPSL-CM6A-LR,-3.5,-3.4498,14,EL,Winter barley,heat,-0.00059159706921326
IPSL-CM6A-LR,-2.5,-2.5023,10,EL,Winter barley,heat,-0.000824403675401307
EC-Earth3,-3.5,-3.2771,5,ES,Winter barley,heat,-0.000635772604764095
EC-Earth3,-2.5,-2.5562,17,ES,Winter barley,heat,-0.000629241304558403
EC-Earth3,-1.5,-1.5166,7,ES,Winter barley,heat,-0.000646557136449368
IPSL-CM6A-LR,-4.5,-4.291,5,ES,Winter barley,heat,-0.000333245840847319
IPSL-CM6A-LR,-3.5,-3.4498,14,ES,Winter barley,heat,-0.00057727293471325
IPSL-CM6A-LR,-2.5,-2.5023,10,ES,Winter barley,heat,-0.000451681225914407
EC-Earth3,-3.5,-3.2771,5,FR,Winter barley,heat,-5.85210635111187e-05
EC-Earth3,-2.5,-2.5562,17,FR,Winter barley,heat,-0.000275552989722887
EC-Earth3,-1.5,-1.5166,7,FR,Winter barley,heat,-0.000261464254653581
IPSL-CM6A-LR,-4.5,-4.291,5,FR,Winter barley,heat,-0.000428505111119062
IPSL-CM6A-LR,-3.5,-3.4498,14,FR,Winter barley,heat,-0.000163448457869789
IPSL-CM6A-LR,-2.5,-2.5023,10,FR,Winter barley,heat,-7.11850520546871e-05
EC-Earth3,-3.5,-3.2771,5,HU,Winter barley,heat,-8.98468187983469e-05
EC-Earth3,-2.5,-2.5562,17,HU,Winter barley,heat,-0.000534379122315778
EC-Earth3,-1.5,-1.5166,7,HU,Winter barley,heat,-0.00103079318307164
IPSL-CM6A-LR,-4.5,-4.291,5,HU,Winter barley,heat,-0.000751157266037001
IPSL-CM6A-LR,-3.5,-3.4498,14,HU,Winter barley,heat,-0.000755168008322945
IPSL-CM6A-LR,-2.5,-2.5023,10,HU,Winter barley,heat,-0.000929034138767273
EC-Earth3,-3.5,-3.2771,5,IT,Winter barley,heat,-0.000329782662662008
EC-Earth3,-2.5,-2.5562,17,IT,Winter barley,heat,-0.000553122829619383
EC-Earth3,-1.5,-1.5166,7,IT,Winter barley,heat,-0.000698246156786018
IPSL-CM6A-LR,-4.5,-4.291,5,IT,Winter barley,heat,-0.000607105721230948
IPSL-CM6A-LR,-3.5,-3.4498,14,IT,Winter barley,heat,-0.000500915859634467
IPSL-CM6A-LR,-2.5,-2.5023,10,IT,Winter barley,heat,-0.000461662940625085
EC-Earth3,-3.5,-3.2771,5,LT,Winter barley,heat,-4.64137004857386e-05
EC-Earth3,-2.5,-2.5562,17,LT,Winter barley,heat,-0.000110245025678084
EC-Earth3,-1.5,-1.5166,7,LT,Winter barley,heat,-0.000108059520131654
IPSL-CM6A-LR,-4.5,-4.291,5,LT,Winter barley,heat,-0.000180231215963678
IPSL-CM6A-LR,-3.5,-3.4498,14,LT,Winter barley,heat,-0.000188919152549901
IPSL-CM6A-LR,-2.5,-2.5023,10,LT,Winter barley,heat,-0.000256119704799771
EC-Earth3,-3.5,-3.2771,5,LV,Winter barley,heat,-9.43451020005694e-05
EC-Earth3,-2.5,-2.5562,17,LV,Winter barley,heat,-0.00010177209669938
EC-Earth3,-1.5,-1.5166,7,LV,Winter barley,heat,-0.000101388084028731
IPSL-CM6A-LR,-4.5,-4.291,5,LV,Winter barley,heat,-0.000138462451112376
IPSL-CM6A-LR,-3.5,-3.4498,14,LV,Winter barley,heat,-0.00015456443636155
IPSL-CM6A-LR,-2.5,-2.5023,10,LV,Winter barley,heat,-0.000203394056666919
EC-Earth3,-3.5,-3.2771,5,SE,Winter barley,heat,-1.52263481373039e-05
EC-Earth3,-2.5,-2.5562,17,SE,Winter barley,heat,-7.71944288145182e-05
EC-Earth3,-1.5,-1.5166,7,SE,Winter barley,heat,-7.51128433824138e-05
IPSL-CM6A-LR,-4.5,-4.291,5,SE,Winter barley,heat,-0.000109606824445536
IPSL-CM6A-LR,-3.5,-3.4498,14,SE,Winter barley,heat,-6.44064568104215e-05
IPSL-CM6A-LR,-2.5,-2.5023,10,SE,Winter barley,heat,-6.00523450553669e-05
EC-Earth3,-3.5,-3.2771,5,SK,Winter barley,heat,7.8875248351493e-05
EC-Earth3,-2.5,-2.5562,17,SK,Winter barley,heat,-0.000292453205737117
EC-Earth3,-1.5,-1.5166,7,SK,Winter barley,heat,-0.000655099596304343
IPSL-CM6A-LR,-4.5,-4.291,5,SK,Winter barley,heat,-0.000482548747942109
IPSL-CM6A-LR,-3.5,-3.4498,14,SK,Winter barley,heat,-0.000452717179191336
IPSL-CM6A-LR,-2.5,-2.5023,10,SK,Winter barley,heat,-0.00058692165430481
EC-Earth3,-3.5,-3.2771,5,CZ,Soft wheat,frost,-0.00555372799527027
EC-Earth3,-2.5,-2.5562,17,CZ,Soft wheat,frost,-0.000646001343411934
EC-Earth3,-1.5,-1.5166,7,CZ,Soft wheat,frost,-0.00342760184713861
IPSL-CM6A-LR,-4.5,-4.291,5,CZ,Soft wheat,frost,0.000404592051249558
IPSL-CM6A-LR,-3.5,-3.4498,14,CZ,Soft wheat,frost,0.00279280880737484
IPSL-CM6A-LR,-2.5,-2.5023,10,CZ,Soft wheat,frost,5.54394668044633e-05
EC-Earth3,-3.5,-3.2771,5,DE,Soft wheat,frost,-0.00490323802679589
EC-Earth3,-2.5,-2.5562,17,DE,Soft wheat,frost,-0.000502487626010235
EC-Earth3,-1.5,-1.5166,7,DE,Soft wheat,frost,-0.00307276852197313
IPSL-CM6A-LR,-4.5,-4.291,5,DE,Soft wheat,frost,0.00111878181905622
IPSL-CM6A-LR,-3.5,-3.4498,14,DE,Soft wheat,frost,0.00251068924528373
IPSL-CM6A-LR,-2.5,-2.5023,10,DE,Soft wheat,frost,0.000463480233137214
EC-Earth3,-3.5,-3.2771,5,DK,Soft wheat,frost,-0.00236362613447602
EC-Earth3,-2.5,-2.5562,17,DK,Soft wheat,frost,0.00180256230116279
EC-Earth3,-1.5,-1.5166,7,DK,Soft wheat,frost,0.000351934249365163
IPSL-CM6A-LR,-4.5,-4.291,5,DK,Soft wheat,frost,0.00246630747539874
IPSL-CM6A-LR,-3.5,-3.4498,14,DK,Soft wheat,frost,0.00352349686946088
IPSL-CM6A-LR,-2.5,-2.5023,10,DK,Soft wheat,frost,0.00227678650428916
EC-Earth3,-3.5,-3.2771,5,EE,Soft wheat,frost,-0.0016561188442291
EC-Earth3,-2.5,-2.5562,17,EE,Soft wheat,frost,-0.00113220709498651
EC-Earth3,-1.5,-1.5166,7,EE,Soft wheat,frost,-0.00191745690673924
IPSL-CM6A-LR,-4.5,-4.291,5,EE,Soft wheat,frost,0.0102704744353777
IPSL-CM6A-LR,-3.5,-3.4498,14,EE,Soft wheat,frost,0.00903178137814224
IPSL-CM6A-LR,-2.5,-2.5023,10,EE,Soft wheat,frost,0.00827246458963451
EC-Earth3,-3.5,-3.2771,5,EL,Soft wheat,frost,0.000495477380157994
EC-Earth3,-2.5,-2.5562,17,EL,Soft wheat,frost,0.000480742073779427
EC-Earth3,-1.5,-1.5166,7,EL,Soft wheat,frost,0.00144059016148633
IPSL-CM6A-LR,-4.5,-4.291,5,EL,Soft wheat,frost,0.000587525410373261
IPSL-CM6A-LR,-3.5,-3.4498,14,EL,Soft wheat,frost,0.00178367604134959
IPSL-CM6A-LR,-2.5,-2.5023,10,EL,Soft wheat,frost,0.000633976642368485
EC-Earth3,-3.5,-3.2771,5,ES,Soft wheat,frost,-0.00108373489356244
EC-Earth3,-2.5,-2.5562,17,ES,Soft wheat,frost,-0.00143846697490701
EC-Earth3,-1.5,-1.5166,7,ES,Soft wheat,frost,-0.00154120042373372
IPSL-CM6A-LR,-4.5,-4.291,5,ES,Soft wheat,frost,0.000270516373879574
IPSL-CM6A-LR,-3.5,-3.4498,14,ES,Soft wheat,frost,0.000697307339737117
IPSL-CM6A-LR,-2.5,-2.5023,10,ES,Soft wheat,frost,0.000722227106059625
EC-Earth3,-3.5,-3.2771,5,FI,Soft wheat,frost,0.00458930493198208
EC-Earth3,-2.5,-2.5562,17,FI,Soft wheat,frost,0.00628105419590273
EC-Earth3,-1.5,-1.5166,7,FI,Soft wheat,frost,0.0037387569515137
IPSL-CM6A-LR,-4.5,-4.291,5,FI,Soft wheat,frost,0.0160654870725828
IPSL-CM6A-LR,-3.5,-3.4498,14,FI,Soft wheat,frost,0.011584802365883
IPSL-CM6A-LR,-2.5,-2.5023,10,FI,Soft wheat,frost,0.0119449956765685
EC-Earth3,-3.5,-3.2771,5,FR,Soft wheat,frost,-0.00179776394883286
EC-Earth3,-2.5,-2.5562,17,FR,Soft wheat,frost,-0.000659024986183831
EC-Earth3,-1.5,-1.5166,7,FR,Soft wheat,frost,-0.00109539504299261
IPSL-CM6A-LR,-4.5,-4.291,5,FR,Soft wheat,frost,0.000499834052066198
IPSL-CM6A-LR,-3.5,-3.4498,14,FR,Soft wheat,frost,0.000498599213970549
IPSL-CM6A-LR,-2.5,-2.5023,10,FR,Soft wheat,frost,7.00331669046865e-05
EC-Earth3,-3.5,-3.2771,5,HU,Soft wheat,frost,-0.00151300488495316
EC-Earth3,-2.5,-2.5562,17,HU,Soft wheat,frost,0.000548987584755455
EC-Earth3,-1.5,-1.5166,7,HU,Soft wheat,frost,-7.296428071336e-06
IPSL-CM6A-LR,-4.5,-4.291,5,HU,Soft wheat,frost,0.00262364576084583
IPSL-CM6A-LR,-3.5,-3.4498,14,HU,Soft wheat,frost,0.00363655475820351
IPSL-CM6A-LR,-2.5,-2.5023,10,HU,Soft wheat,frost,0.000607802123716532
EC-Earth3,-3.5,-3.2771,5,IT,Soft wheat,frost,0.00049287610366579
EC-Earth3,-2.5,-2.5562,17,IT,Soft wheat,frost,0.000195901577776053
EC-Earth3,-1.5,-1.5166,7,IT,Soft wheat,frost,0.000535482937056216
IPSL-CM6A-LR,-4.5,-4.291,5,IT,Soft wheat,frost,0.00116985228531935
IPSL-CM6A-LR,-3.5,-3.4498,14,IT,Soft wheat,frost,0.00139007009775096
IPSL-CM6A-LR,-2.5,-2.5023,10,IT,Soft wheat,frost,0.00029871440214462
EC-Earth3,-3.5,-3.2771,5,LT,Soft wheat,frost,-0.003880741477271
EC-Earth3,-2.5,-2.5562,17,LT,Soft wheat,frost,-0.000952984174287895
EC-Earth3,-1.5,-1.5166,7,LT,Soft wheat,frost,-0.00294109853832882
IPSL-CM6A-LR,-4.5,-4.291,5,LT,Soft wheat,frost,0.00671704433860355
IPSL-CM6A-LR,-3.5,-3.4498,14,LT,Soft wheat,frost,0.00592594528860884
IPSL-CM6A-LR,-2.5,-2.5023,10,LT,Soft wheat,frost,0.00508763693078617
EC-Earth3,-3.5,-3.2771,5,LV,Soft wheat,frost,-0.00318624882438459
EC-Earth3,-2.5,-2.5562,17,LV,Soft wheat,frost,-0.000695510383587496
EC-Earth3,-1.5,-1.5166,7,LV,Soft wheat,frost,-0.0023802008027173
IPSL-CM6A-LR,-4.5,-4.291,5,LV,Soft wheat,frost,0.00886466187115155
IPSL-CM6A-LR,-3.5,-3.4498,14,LV,Soft wheat,frost,0.00709158114547971
IPSL-CM6A-LR,-2.5,-2.5023,10,LV,Soft wheat,frost,0.00701385397645193
EC-Earth3,-3.5,-3.2771,5,RO,Soft wheat,frost,-0.00198292192852471
EC-Earth3,-2.5,-2.5562,17,RO,Soft wheat,frost,0.000319837354319822
EC-Earth3,-1.5,-1.5166,7,RO,Soft wheat,frost,0.000249609967387945
IPSL-CM6A-LR,-4.5,-4.291,5,RO,Soft wheat,frost,0.00144820998909542
IPSL-CM6A-LR,-3.5,-3.4498,14,RO,Soft wheat,frost,0.00316184988171846
IPSL-CM6A-LR,-2.5,-2.5023,10,RO,Soft wheat,frost,0.000759913166290292
EC-Earth3,-3.5,-3.2771,5,SE,Soft wheat,frost,-0.00376803987178572
EC-Earth3,-2.5,-2.5562,17,SE,Soft wheat,frost,0.000783995247992373
EC-Earth3,-1.5,-1.5166,7,SE,Soft wheat,frost,-0.0017497571169628
IPSL-CM6A-LR,-4.5,-4.291,5,SE,Soft wheat,frost,0.00529294616572687
IPSL-CM6A-LR,-3.5,-3.4498,14,SE,Soft wheat,frost,0.00515375601579819
IPSL-CM6A-LR,-2.5,-2.5023,10,SE,Soft wheat,frost,0.00484088719507947
EC-Earth3,-3.5,-3.2771,5,SK,Soft wheat,frost,-0.00298297418894436
EC-Earth3,-2.5,-2.5562,17,SK,Soft wheat,frost,0.00168261901570602
EC-Earth3,-1.5,-1.5166,7,SK,Soft wheat,frost,2.75669026377168e-05
IPSL-CM6A-LR,-4.5,-4.291,5,SK,Soft wheat,frost,0.00201617050575352
IPSL-CM6A-LR,-3.5,-3.4498,14,SK,Soft wheat,frost,0.00336413232293863
IPSL-CM6A-LR,-2.5,-2.5023,10,SK,Soft wheat,frost,-0.000256617751778528
EC-Earth3,-3.5,-3.2771,5,EL,Durum wheat,frost,-0.000459659353801218
EC-Earth3,-2.5,-2.5562,17,EL,Durum wheat,frost,-0.000255008075400673
EC-Earth3,-1.5,-1.5166,7,EL,Durum wheat,frost,-0.00088564406426736
IPSL-CM6A-LR,-4.5,-4.291,5,EL,Durum wheat,frost,-0.000414648357032417
IPSL-CM6A-LR,-3.5,-3.4498,14,EL,Durum wheat,frost,-0.00120182049848734
IPSL-CM6A-LR,-2.5,-2.5023,10,EL,Durum wheat,frost,-0.000362422360669176
EC-Earth3,-3.5,-3.2771,5,ES,Durum wheat,frost,0.000230165890328845
EC-Earth3,-2.5,-2.5562,17,ES,Durum wheat,frost,0.00036848352759657
EC-Earth3,-1.5,-1.5166,7,ES,Durum wheat,frost,0.000368334300864426
IPSL-CM6A-LR,-4.5,-4.291,5,ES,Durum wheat,frost,8.11327465633746e-05
IPSL-CM6A-LR,-3.5,-3.4498,14,ES,Durum wheat,frost,-7.49928204389602e-05
IPSL-CM6A-LR,-2.5,-2.5023,10,ES,Durum wheat,frost,-4.45310706503447e-05
EC-Earth3,-3.5,-3.2771,5,FR,Durum wheat,frost,0.000665856764375223
EC-Earth3,-2.5,-2.5562,17,FR,Durum wheat,frost,0.000373626664518835
EC-Earth3,-1.5,-1.5166,7,FR,Durum wheat,frost,0.000556165882132768
IPSL-CM6A-LR,-4.5,-4.291,5,FR,Durum wheat,frost,-0.000712173710803347
IPSL-CM6A-LR,-3.5,-3.4498,14,FR,Durum wheat,frost,-0.000483776032701292
IPSL-CM6A-LR,-2.5,-2.5023,10,FR,Durum wheat,frost,-0.000293385638421348
EC-Earth3,-3.5,-3.2771,5,HU,Durum wheat,frost,0.00115195468918838
EC-Earth3,-2.5,-2.5562,17,HU,Durum wheat,frost,-0.000499556316573413
EC-Earth3,-1.5,-1.5166,7,HU,Durum wheat,frost,-0.000104715981109585
IPSL-CM6A-LR,-4.5,-4.291,5,HU,Durum wheat,frost,-0.00238881115260687
IPSL-CM6A-LR,-3.5,-3.4498,14,HU,Durum wheat,frost,-0.00330585987343041
IPSL-CM6A-LR,-2.5,-2.5023,10,HU,Durum wheat,frost,-0.00061321591580952
EC-Earth3,-3.5,-3.2771,5,IT,Durum wheat,frost,-8.82127294156656e-05
EC-Earth3,-2.5,-2.5562,17,IT,Durum wheat,frost,2.93969694461349e-05
EC-Earth3,-1.5,-1.5166,7,IT,Durum wheat,frost,-6.74903151540432e-05
IPSL-CM6A-LR,-4.5,-4.291,5,IT,Durum wheat,frost,-0.000120798575239104
IPSL-CM6A-LR,-3.5,-3.4498,14,IT,Durum wheat,frost,-0.000267588905296261
IPSL-CM6A-LR,-2.5,-2.5023,10,IT,Durum wheat,frost,4.36914066830131e-05
EC-Earth3,-3.5,-3.2771,5,RO,Durum wheat,frost,0.00192647502802167
EC-Earth3,-2.5,-2.5562,17,RO,Durum wheat,frost,-0.000353267672080965
EC-Earth3,-1.5,-1.5166,7,RO,Durum wheat,frost,-9.40728693801221e-05
IPSL-CM6A-LR,-4.5,-4.291,5,RO,Durum wheat,frost,-0.00143261276682584
IPSL-CM6A-LR,-3.5,-3.4498,14,RO,Durum wheat,frost,-0.00287711556631155
IPSL-CM6A-LR,-2.5,-2.5023,10,RO,Durum wheat,frost,-0.000848791884558196
EC-Earth3,-3.5,-3.2771,5,SK,Durum wheat,frost,0.00212688274583041
EC-Earth3,-2.5,-2.5562,17,SK,Durum wheat,frost,-0.00145104537518512
EC-Earth3,-1.5,-1.5166,7,SK,Durum wheat,frost,-0.000199709052547668
IPSL-CM6A-LR,-4.5,-4.291,5,SK,Durum wheat,frost,-0.00169655002803667
IPSL-CM6A-LR,-3.5,-3.4498,14,SK,Durum wheat,frost,-0.00310768339035051
IPSL-CM6A-LR,-2.5,-2.5023,10,SK,Durum wheat,frost,0.000194405865983609
EC-Earth3,-3.5,-3.2771,5,CZ,Spring barley,frost,-0.00411733023450697
EC-Earth3,-2.5,-2.5562,17,CZ,Spring barley,frost,-0.000466178796734168
EC-Earth3,-1.5,-1.5166,7,CZ,Spring barley,frost,-0.00251317552023305
IPSL-CM6A-LR,-4.5,-4.291,5,CZ,Spring barley,frost,0.00023829240708186
IPSL-CM6A-LR,-3.5,-3.4498,14,CZ,Spring barley,frost,0.00208303227140591
IPSL-CM6A-LR,-2.5,-2.5023,10,CZ,Spring barley,frost,-4.40987614376992e-05
EC-Earth3,-3.5,-3.2771,5,DE,Spring barley,frost,-0.00375474242147201
EC-Earth3,-2.5,-2.5562,17,DE,Spring barley,frost,-0.000533730724725262
EC-Earth3,-1.5,-1.5166,7,DE,Spring barley,frost,-0.00252829505023213
IPSL-CM6A-LR,-4.5,-4.291,5,DE,Spring barley,frost,0.000920933334029581
IPSL-CM6A-LR,-3.5,-3.4498,14,DE,Spring barley,frost,0.0020127617155067
IPSL-CM6A-LR,-2.5,-2.5023,10,DE,Spring barley,frost,0.000521097023432075
EC-Earth3,-3.5,-3.2771,5,DK,Spring barley,frost,-0.00175058454038674
EC-Earth3,-2.5,-2.5562,17,DK,Spring barley,frost,0.00142788777667319
EC-Earth3,-1.5,-1.5166,7,DK,Spring barley,frost,0.000288939831442961
IPSL-CM6A-LR,-4.5,-4.291,5,DK,Spring barley,frost,0.00188819644357931
IPSL-CM6A-LR,-3.5,-3.4498,14,DK,Spring barley,frost,0.00268066483949924
IPSL-CM6A-LR,-2.5,-2.5023,10,DK,Spring barley,frost,0.00174261965718126
EC-Earth3,-3.5,-3.2771,5,EE,Spring barley,frost,-0.00131548883493242
EC-Earth3,-2.5,-2.5562,17,EE,Spring barley,frost,-0.000903141305552978
EC-Earth3,-1.5,-1.5166,7,EE,Spring barley,frost,-0.00144756254988801
IPSL-CM6A-LR,-4.5,-4.291,5,EE,Spring barley,frost,0.00766845342055194
IPSL-CM6A-LR,-3.5,-3.4498,14,EE,Spring barley,frost,0.00694291913439448
IPSL-CM6A-LR,-2.5,-2.5023,10,EE,Spring barley,frost,0.006245319750603
EC-Earth3,-3.5,-3.2771,5,ES,Spring barley,frost,-0.000769904397592927
EC-Earth3,-2.5,-2.5562,17,ES,Spring barley,frost,-0.00108597437403993
EC-Earth3,-1.5,-1.5166,7,ES,Spring barley,frost,-0.00113416230176448
IPSL-CM6A-LR,-4.5,-4.291,5,ES,Spring barley,frost,0.000170396205732204
IPSL-CM6A-LR,-3.5,-3.4498,14,ES,Spring barley,frost,0.000536153299411123
IPSL-CM6A-LR,-2.5,-2.5023,10,ES,Spring barley,frost,0.000595613510195139
EC-Earth3,-3.5,-3.2771,5,FI,Spring barley,frost,0.00667402721337593
EC-Earth3,-2.5,-2.5562,17,FI,Spring barley,frost,0.00550410750288957
EC-Earth3,-1.5,-1.5166,7,FI,Spring barley,frost,0.00418497991317651
IPSL-CM6A-LR,-4.5,-4.291,5,FI,Spring barley,frost,0.0152102765590298
IPSL-CM6A-LR,-3.5,-3.4498,14,FI,Spring barley,frost,0.00850218481925544
IPSL-CM6A-LR,-2.5,-2.5023,10,FI,Spring barley,frost,0.00860761207119253
EC-Earth3,-3.5,-3.2771,5,FR,Spring barley,frost,-0.00161017722401001
EC-Earth3,-2.5,-2.5562,17,FR,Spring barley,frost,-0.000512508645926537
EC-Earth3,-1.5,-1.5166,7,FR,Spring barley,frost,-0.000982300263693816
IPSL-CM6A-LR,-4.5,-4.291,5,FR,Spring barley,frost,0.000568617638913719
IPSL-CM6A-LR,-3.5,-3.4498,14,FR,Spring barley,frost,0.000694242207463021
IPSL-CM6A-LR,-2.5,-2.5023,10,FR,Spring barley,frost,0.000146688250043618
EC-Earth3,-3.5,-3.2771,5,HU,Spring barley,frost,-0.00120937462862992
EC-Earth3,-2.5,-2.5562,17,HU,Spring barley,frost,0.00037615159598556
EC-Earth3,-1.5,-1.5166,7,HU,Spring barley,frost,-0.000137608115219355
IPSL-CM6A-LR,-4.5,-4.291,5,HU,Spring barley,frost,0.00183410195663085
IPSL-CM6A-LR,-3.5,-3.4498,14,HU,Spring barley,frost,0.00261508218349557
IPSL-CM6A-LR,-2.5,-2.5023,10,HU,Spring barley,frost,0.000303878629624877
EC-Earth3,-3.5,-3.2771,5,LT,Spring barley,frost,-0.00291166970500538
EC-Earth3,-2.5,-2.5562,17,LT,Spring barley,frost,-0.000737037694316711
EC-Earth3,-1.5,-1.5166,7,LT,Spring barley,frost,-0.0021862709177301
IPSL-CM6A-LR,-4.5,-4.291,5,LT,Spring barley,frost,0.00515472782650478
IPSL-CM6A-LR,-3.5,-3.4498,14,LT,Spring barley,frost,0.0046007273569122
IPSL-CM6A-LR,-2.5,-2.5023,10,LT,Spring barley,frost,0.00396778011191054
EC-Earth3,-3.5,-3.2771,5,LV,Spring barley,frost,-0.00218038697080403
EC-Earth3,-2.5,-2.5562,17,LV,Spring barley,frost,-0.000477282459899011
EC-Earth3,-1.5,-1.5166,7,LV,Spring barley,frost,-0.00184970944742866
IPSL-CM6A-LR,-4.5,-4.291,5,LV,Spring barley,frost,0.00692704462845595
IPSL-CM6A-LR,-3.5,-3.4498,14,LV,Spring barley,frost,0.00531336529427825
IPSL-CM6A-LR,-2.5,-2.5023,10,LV,Spring barley,frost,0.00525330519132812
EC-Earth3,-3.5,-3.2771,5,SE,Spring barley,frost,-0.00174083170328461
EC-Earth3,-2.5,-2.5562,17,SE,Spring barley,frost,0.0010157030799255
EC-Earth3,-1.5,-1.5166,7,SE,Spring barley,frost,-0.000642812008941753
IPSL-CM6A-LR,-4.5,-4.291,5,SE,Spring barley,frost,0.00561766174157792
IPSL-CM6A-LR,-3.5,-3.4498,14,SE,Spring barley,frost,0.00462131522539437
IPSL-CM6A-LR,-2.5,-2.5023,10,SE,Spring barley,frost,0.00466992055975609
EC-Earth3,-3.5,-3.2771,5,SK,Spring barley,frost,-0.00220956909722145
EC-Earth3,-2.5,-2.5562,17,SK,Spring barley,frost,0.00121338564231733
EC-Earth3,-1.5,-1.5166,7,SK,Spring barley,frost,-3.85279269748054e-06
IPSL-CM6A-LR,-4.5,-4.291,5,SK,Spring barley,frost,0.00147945457986587
IPSL-CM6A-LR,-3.5,-3.4498,14,SK,Spring barley,frost,0.00257788162449975
IPSL-CM6A-LR,-2.5,-2.5023,10,SK,Spring barley,frost,-0.000246997148669434
EC-Earth3,-3.5,-3.2771,5,CZ,Winter barley,frost,-0.00506353323568673
EC-Earth3,-2.5,-2.5562,17,CZ,Winter barley,frost,-0.00067229624613241
EC-Earth3,-1.5,-1.5166,7,CZ,Winter barley,frost,-0.00331960412552827
IPSL-CM6A-LR,-4.5,-4.291,5,CZ,Winter barley,frost,0.000337982724099643
IPSL-CM6A-LR,-3.5,-3.4498,14,CZ,Winter barley,frost,0.00257353151205185
IPSL-CM6A-LR,-2.5,-2.5023,10,CZ,Winter barley,frost,0.000242829502324287
EC-Earth3,-3.5,-3.2771,5,DE,Winter barley,frost,-0.00438235743628854
EC-Earth3,-2.5,-2.5562,17,DE,Winter barley,frost,-0.000442249209102463
EC-Earth3,-1.5,-1.5166,7,DE,Winter barley,frost,-0.00278149136554684
IPSL-CM6A-LR,-4.5,-4.291,5,DE,Winter barley,frost,0.0009646842290035
IPSL-CM6A-LR,-3.5,-3.4498,14,DE,Winter barley,frost,0.00221702678358868
IPSL-CM6A-LR,-2.5,-2.5023,10,DE,Winter barley,frost,0.000411239255387709
EC-Earth3,-3.5,-3.2771,5,DK,Winter barley,frost,-0.0021358621059448
EC-Earth3,-2.5,-2.5562,17,DK,Winter barley,frost,0.00166311621614661
EC-Earth3,-1.5,-1.5166,7,DK,Winter barley,frost,0.00029137213159175
IPSL-CM6A-LR,-4.5,-4.291,5,DK,Winter barley,frost,0.00226347881212546
IPSL-CM6A-LR,-3.5,-3.4498,14,DK,Winter barley,frost,0.00321449879158262
IPSL-CM6A-LR,-2.5,-2.5023,10,DK,Winter barley,frost,0.00216444323234819
EC-Earth3,-3.5,-3.2771,5,EE,Winter barley,frost,-0.00157143910864999
EC-Earth3,-2.5,-2.5562,17,EE,Winter barley,frost,-0.0010595453766404
EC-Earth3,-1.5,-1.5166,7,EE,Winter barley,frost,-0.00171459665298562
IPSL-CM6A-LR,-4.5,-4.291,5,EE,Winter barley,frost,0.00902705631978971
IPSL-CM6A-LR,-3.5,-3.4498,14,EE,Winter barley,frost,0.00820507768692761
IPSL-CM6A-LR,-2.5,-2.5023,10,EE,Winter barley,frost,0.00730197256888157
EC-Earth3,-3.5,-3.2771,5,EL,Winter barley,frost,0.000434151752774543
EC-Earth3,-2.5,-2.5562,17,EL,Winter barley,frost,0.000284596335718427
EC-Earth3,-1.5,-1.5166,7,EL,Winter barley,frost,0.000965607546160013
IPSL-CM6A-LR,-4.5,-4.291,5,EL,Winter barley,frost,0.000380215638664483
IPSL-CM6A-LR,-3.5,-3.4498,14,EL,Winter barley,frost,0.00124486003385899
IPSL-CM6A-LR,-2.5,-2.5023,10,EL,Winter barley,frost,0.000432720139881424
EC-Earth3,-3.5,-3.2771,5,ES,Winter barley,frost,-0.000697660594253787
EC-Earth3,-2.5,-2.5562,17,ES,Winter barley,frost,-0.00105724664738047
EC-Earth3,-1.5,-1.5166,7,ES,Winter barley,frost,-0.00105015076169436
IPSL-CM6A-LR,-4.5,-4.291,5,ES,Winter barley,frost,0.000117741950020746
IPSL-CM6A-LR,-3.5,-3.4498,14,ES,Winter barley,frost,0.000363255063853911
IPSL-CM6A-LR,-2.5,-2.5023,10,ES,Winter barley,frost,0.000478403673928694
EC-Earth3,-3.5,-3.2771,5,FR,Winter barley,frost,-0.00153654628204178
EC-Earth3,-2.5,-2.5562,17,FR,Winter barley,frost,-0.000571977200912755
EC-Earth3,-1.5,-1.5166,7,FR,Winter barley,frost,-0.00100189757442981
IPSL-CM6A-LR,-4.5,-4.291,5,FR,Winter barley,frost,0.000602474666675366
IPSL-CM6A-LR,-3.5,-3.4498,14,FR,Winter barley,frost,0.000645777043349473
IPSL-CM6A-LR,-2.5,-2.5023,10,FR,Winter barley,frost,0.000208586811164508
EC-Earth3,-3.5,-3.2771,5,HU,Winter barley,frost,-0.00121308429263813
EC-Earth3,-2.5,-2.5562,17,HU,Winter barley,frost,0.000465318002498779
EC-Earth3,-1.5,-1.5166,7,HU,Winter barley,frost,-7.18916831553826e-06
IPSL-CM6A-LR,-4.5,-4.291,5,HU,Winter barley,frost,0.00230867339016803
IPSL-CM6A-LR,-3.5,-3.4498,14,HU,Winter barley,frost,0.00324490012319676
IPSL-CM6A-LR,-2.5,-2.5023,10,HU,Winter barley,frost,0.000633049220652781
EC-Earth3,-3.5,-3.2771,5,IT,Winter barley,frost,0.000332697526088946
EC-Earth3,-2.5,-2.5562,17,IT,Winter barley,frost,0.000123443622263704
EC-Earth3,-1.5,-1.5166,7,IT,Winter barley,frost,0.000347889203961309
IPSL-CM6A-LR,-4.5,-4.291,5,IT,Winter barley,frost,0.000656543143669292
IPSL-CM6A-LR,-3.5,-3.4498,14,IT,Winter barley,frost,0.000874574869189182
IPSL-CM6A-LR,-2.5,-2.5023,10,IT,Winter barley,frost,0.000190839618054465
EC-Earth3,-3.5,-3.2771,5,LT,Winter barley,frost,-0.00336983781198797
EC-Earth3,-2.5,-2.5562,17,LT,Winter barley,frost,-0.000801610202275516
EC-Earth3,-1.5,-1.5166,7,LT,Winter barley,frost,-0.00253745631793152
IPSL-CM6A-LR,-4.5,-4.291,5,LT,Winter barley,frost,0.00610963382346352
IPSL-CM6A-LR,-3.5,-3.4498,14,LT,Winter barley,frost,0.00542082834358658
IPSL-CM6A-LR,-2.5,-2.5023,10,LT,Winter barley,frost,0.00454405880592066
EC-Earth3,-3.5,-3.2771,5,LV,Winter barley,frost,-0.00278048458240173
EC-Earth3,-2.5,-2.5562,17,LV,Winter barley,frost,-0.00057291998756921
EC-Earth3,-1.5,-1.5166,7,LV,Winter barley,frost,-0.00204867637734866
IPSL-CM6A-LR,-4.5,-4.291,5,LV,Winter barley,frost,0.00758923584972632
IPSL-CM6A-LR,-3.5,-3.4498,14,LV,Winter barley,frost,0.00644557668998468
IPSL-CM6A-LR,-2.5,-2.5023,10,LV,Winter barley,frost,0.00623979546635557
EC-Earth3,-3.5,-3.2771,5,SE,Winter barley,frost,-0.00338573897895809
EC-Earth3,-2.5,-2.5562,17,SE,Winter barley,frost,0.000608586425056969
EC-Earth3,-1.5,-1.5166,7,SE,Winter barley,frost,-0.00173159754968374
IPSL-CM6A-LR,-4.5,-4.291,5,SE,Winter barley,frost,0.00395065378136308
IPSL-CM6A-LR,-3.5,-3.4498,14,SE,Winter barley,frost,0.00459792908306307
IPSL-CM6A-LR,-2.5,-2.5023,10,SE,Winter barley,frost,0.00360802312398696
EC-Earth3,-3.5,-3.2771,5,SK,Winter barley,frost,-0.00252767328946266
EC-Earth3,-2.5,-2.5562,17,SK,Winter barley,frost,0.00155572694287918
EC-Earth3,-1.5,-1.5166,7,SK,Winter barley,frost,0.000166729979408013
IPSL-CM6A-LR,-4.5,-4.291,5,SK,Winter barley,frost,0.00181110166052127
IPSL-CM6A-LR,-3.5,-3.4498,14,SK,Winter barley,frost,0.00301128547580676
IPSL-CM6A-LR,-2.5,-2.5023,10,SK,Winter barley,frost,-0.000215527015169856
EC-Earth3,-3.5,-3.2771,5,CZ,Soft wheat,precip,0.0630990847844152
EC-Earth3,-2.5,-2.5562,17,CZ,Soft wheat,precip,0.0105067322103726
EC-Earth3,-1.5,-1.5166,7,CZ,Soft wheat,precip,-0.00694412128853317
IPSL-CM6A-LR,-4.5,-4.291,5,CZ,Soft wheat,precip,-0.0351748887773928
IPSL-CM6A-LR,-3.5,-3.4498,14,CZ,Soft wheat,precip,0.0133176122050582
IPSL-CM6A-LR,-2.5,-2.5023,10,CZ,Soft wheat,precip,0.0107983137937341
EC-Earth3,-3.5,-3.2771,5,DE,Soft wheat,precip,0.0206282487341995
EC-Earth3,-2.5,-2.5562,17,DE,Soft wheat,precip,0.0111304528700847
EC-Earth3,-1.5,-1.5166,7,DE,Soft wheat,precip,0.0124308416722063
IPSL-CM6A-LR,-4.5,-4.291,5,DE,Soft wheat,precip,-0.00488086343237826
IPSL-CM6A-LR,-3.5,-3.4498,14,DE,Soft wheat,precip,0.0397979414652284
IPSL-CM6A-LR,-2.5,-2.5023,10,DE,Soft wheat,precip,0.0542878432887031
EC-Earth3,-3.5,-3.2771,5,DK,Soft wheat,precip,0.0481284122883689
EC-Earth3,-2.5,-2.5562,17,DK,Soft wheat,precip,0.0357741755489258
EC-Earth3,-1.5,-1.5166,7,DK,Soft wheat,precip,0.0379899344232757
IPSL-CM6A-LR,-4.5,-4.291,5,DK,Soft wheat,precip,0.00474965009504497
IPSL-CM6A-LR,-3.5,-3.4498,14,DK,Soft wheat,precip,0.0691802234363685
IPSL-CM6A-LR,-2.5,-2.5023,10,DK,Soft wheat,precip,0.0962911961210682
EC-Earth3,-3.5,-3.2771,5,EE,Soft wheat,precip,0.0722585695089026
EC-Earth3,-2.5,-2.5562,17,EE,Soft wheat,precip,0.037423826408257
EC-Earth3,-1.5,-1.5166,7,EE,Soft wheat,precip,0.0454065947149689
IPSL-CM6A-LR,-4.5,-4.291,5,EE,Soft wheat,precip,0.0556553101366722
IPSL-CM6A-LR,-3.5,-3.4498,14,EE,Soft wheat,precip,0.0601676052059409
IPSL-CM6A-LR,-2.5,-2.5023,10,EE,Soft wheat,precip,0.0516992233525116
EC-Earth3,-3.5,-3.2771,5,EL,Soft wheat,precip,0.0313437663055083
EC-Earth3,-2.5,-2.5562,17,EL,Soft wheat,precip,0.0259914811554976
EC-Earth3,-1.5,-1.5166,7,EL,Soft wheat,precip,0.0402302630718325
IPSL-CM6A-LR,-4.5,-4.291,5,EL,Soft wheat,precip,0.0396937404610145
IPSL-CM6A-LR,-3.5,-3.4498,14,EL,Soft wheat,precip,0.0146563368187851
IPSL-CM6A-LR,-2.5,-2.5023,10,EL,Soft wheat,precip,-0.0146873526713329
EC-Earth3,-3.5,-3.2771,5,ES,Soft wheat,precip,-0.0191516934344078
EC-Earth3,-2.5,-2.5562,17,ES,Soft wheat,precip,0.0285687327876311
EC-Earth3,-1.5,-1.5166,7,ES,Soft wheat,precip,-0.0343483826660943
IPSL-CM6A-LR,-4.5,-4.291,5,ES,Soft wheat,precip,0.035912137845021
IPSL-CM6A-LR,-3.5,-3.4498,14,ES,Soft wheat,precip,-0.00486291702311498
IPSL-CM6A-LR,-2.5,-2.5023,10,ES,Soft wheat,precip,-0.0203617435099671
EC-Earth3,-3.5,-3.2771,5,FI,Soft wheat,precip,0.0899939633174871
EC-Earth3,-2.5,-2.5562,17,FI,Soft wheat,precip,0.0518985194800478
EC-Earth3,-1.5,-1.5166,7,FI,Soft wheat,precip,0.0359689062186836
IPSL-CM6A-LR,-4.5,-4.291,5,FI,Soft wheat,precip,0.108684898895691
IPSL-CM6A-LR,-3.5,-3.4498,14,FI,Soft wheat,precip,0.0546262820995615
IPSL-CM6A-LR,-2.5,-2.5023,10,FI,Soft wheat,precip,0.0626020108256586
EC-Earth3,-3.5,-3.2771,5,FR,Soft wheat,precip,0.0113000640673659
EC-Earth3,-2.5,-2.5562,17,FR,Soft wheat,precip,0.0360607147219341
EC-Earth3,-1.5,-1.5166,7,FR,Soft wheat,precip,0.00670951662744564
IPSL-CM6A-LR,-4.5,-4.291,5,FR,Soft wheat,precip,0.0187634326829057
IPSL-CM6A-LR,-3.5,-3.4498,14,FR,Soft wheat,precip,0.0562034068654323
IPSL-CM6A-LR,-2.5,-2.5023,10,FR,Soft wheat,precip,0.0390756347946436
EC-Earth3,-3.5,-3.2771,5,HU,Soft wheat,precip,0.0463706957379318
EC-Earth3,-2.5,-2.5562,17,HU,Soft wheat,precip,0.0322401374221624
EC-Earth3,-1.5,-1.5166,7,HU,Soft wheat,precip,-0.0263018234773013
IPSL-CM6A-LR,-4.5,-4.291,5,HU,Soft wheat,precip,-0.0271100384873996
IPSL-CM6A-LR,-3.5,-3.4498,14,HU,Soft wheat,precip,0.0010642674686552
IPSL-CM6A-LR,-2.5,-2.5023,10,HU,Soft wheat,precip,-0.0111882202989535
EC-Earth3,-3.5,-3.2771,5,IT,Soft wheat,precip,0.00696401324843467
EC-Earth3,-2.5,-2.5562,17,IT,Soft wheat,precip,0.0488881857119404
EC-Earth3,-1.5,-1.5166,7,IT,Soft wheat,precip,-0.0123203362826018
IPSL-CM6A-LR,-4.5,-4.291,5,IT,Soft wheat,precip,0.0612658070549244
IPSL-CM6A-LR,-3.5,-3.4498,14,IT,Soft wheat,precip,0.0102936888012688
IPSL-CM6A-LR,-2.5,-2.5023,10,IT,Soft wheat,precip,-0.0246046649293956
EC-Earth3,-3.5,-3.2771,5,LT,Soft wheat,precip,0.0339585433065537
EC-Earth3,-2.5,-2.5562,17,LT,Soft wheat,precip,0.0561453894593635
EC-Earth3,-1.5,-1.5166,7,LT,Soft wheat,precip,0.0556993848832258
IPSL-CM6A-LR,-4.5,-4.291,5,LT,Soft wheat,precip,0.0248849025503639
IPSL-CM6A-LR,-3.5,-3.4498,14,LT,Soft wheat,precip,0.0372308132350289
IPSL-CM6A-LR,-2.5,-2.5023,10,LT,Soft wheat,precip,0.050669014121327
EC-Earth3,-3.5,-3.2771,5,LV,Soft wheat,precip,0.0353940156803337
EC-Earth3,-2.5,-2.5562,17,LV,Soft wheat,precip,0.0526478186655206
EC-Earth3,-1.5,-1.5166,7,LV,Soft wheat,precip,0.062602555549712
IPSL-CM6A-LR,-4.5,-4.291,5,LV,Soft wheat,precip,0.0352468852893375
IPSL-CM6A-LR,-3.5,-3.4498,14,LV,Soft wheat,precip,0.0463658996471581
IPSL-CM6A-LR,-2.5,-2.5023,10,LV,Soft wheat,precip,0.0489160831659841
EC-Earth3,-3.5,-3.2771,5,RO,Soft wheat,precip,0.0390779863102993
EC-Earth3,-2.5,-2.5562,17,RO,Soft wheat,precip,0.0600474295249031
EC-Earth3,-1.5,-1.5166,7,RO,Soft wheat,precip,-0.00798752544206386
IPSL-CM6A-LR,-4.5,-4.291,5,RO,Soft wheat,precip,0.00973748627751215
IPSL-CM6A-LR,-3.5,-3.4498,14,RO,Soft wheat,precip,0.0232127989895849
IPSL-CM6A-LR,-2.5,-2.5023,10,RO,Soft wheat,precip,-0.00666539189779452
EC-Earth3,-3.5,-3.2771,5,SE,Soft wheat,precip,0.082693637368055
EC-Earth3,-2.5,-2.5562,17,SE,Soft wheat,precip,0.0700103470087364
EC-Earth3,-1.5,-1.5166,7,SE,Soft wheat,precip,0.042688457823634
IPSL-CM6A-LR,-4.5,-4.291,5,SE,Soft wheat,precip,0.0200348833390966
IPSL-CM6A-LR,-3.5,-3.4498,14,SE,Soft wheat,precip,0.0767319077178962
IPSL-CM6A-LR,-2.5,-2.5023,10,SE,Soft wheat,precip,0.0823271551580552
EC-Earth3,-3.5,-3.2771,5,SK,Soft wheat,precip,0.0800661078799624
EC-Earth3,-2.5,-2.5562,17,SK,Soft wheat,precip,0.049866846560465
EC-Earth3,-1.5,-1.5166,7,SK,Soft wheat,precip,-0.0152129347362921
IPSL-CM6A-LR,-4.5,-4.291,5,SK,Soft wheat,precip,-0.0165496529312199
IPSL-CM6A-LR,-3.5,-3.4498,14,SK,Soft wheat,precip,0.0256956630224058
IPSL-CM6A-LR,-2.5,-2.5023,10,SK,Soft wheat,precip,-9.71257237945346e-05
EC-Earth3,-3.5,-3.2771,5,EL,Durum wheat,precip,0.0322704037041528
EC-Earth3,-2.5,-2.5562,17,EL,Durum wheat,precip,0.0206997012615243
EC-Earth3,-1.5,-1.5166,7,EL,Durum wheat,precip,0.040117154981167
IPSL-CM6A-LR,-4.5,-4.291,5,EL,Durum wheat,precip,0.0357613734557555
IPSL-CM6A-LR,-3.5,-3.4498,14,EL,Durum wheat,precip,0.0150778110209754
IPSL-CM6A-LR,-2.5,-2.5023,10,EL,Durum wheat,precip,-0.0120511518774993
EC-Earth3,-3.5,-3.2771,5,ES,Durum wheat,precip,-0.0225849917270663
EC-Earth3,-2.5,-2.5562,17,ES,Durum wheat,precip,0.0379823793123897
EC-Earth3,-1.5,-1.5166,7,ES,Durum wheat,precip,-0.0398030278757172
IPSL-CM6A-LR,-4.5,-4.291,5,ES,Durum wheat,precip,0.0295307345283629
IPSL-CM6A-LR,-3.5,-3.4498,14,ES,Durum wheat,precip,-0.0181372986265266
IPSL-CM6A-LR,-2.5,-2.5023,10,ES,Durum wheat,precip,-0.0490904678734718
EC-Earth3,-3.5,-3.2771,5,FR,Durum wheat,precip,0.00561568270714615
EC-Earth3,-2.5,-2.5562,17,FR,Durum wheat,precip,0.0253732922070365
EC-Earth3,-1.5,-1.5166,7,FR,Durum wheat,precip,-0.0228389234865107
IPSL-CM6A-LR,-4.5,-4.291,5,FR,Durum wheat,precip,0.0369844582199592
IPSL-CM6A-LR,-3.5,-3.4498,14,FR,Durum wheat,precip,0.0308810041384699
IPSL-CM6A-LR,-2.5,-2.5023,10,FR,Durum wheat,precip,0.00150010312684259
EC-Earth3,-3.5,-3.2771,5,HU,Durum wheat,precip,0.0471654167324694
EC-Earth3,-2.5,-2.5562,17,HU,Durum wheat,precip,0.032664525261187
EC-Earth3,-1.5,-1.5166,7,HU,Durum wheat,precip,-0.0292358911335133
IPSL-CM6A-LR,-4.5,-4.291,5,HU,Durum wheat,precip,-0.0269836937095621
IPSL-CM6A-LR,-3.5,-3.4498,14,HU,Durum wheat,precip,0.000142337234099573
IPSL-CM6A-LR,-2.5,-2.5023,10,HU,Durum wheat,precip,-0.0122118713976134
EC-Earth3,-3.5,-3.2771,5,IT,Durum wheat,precip,-0.0020190355717874
EC-Earth3,-2.5,-2.5562,17,IT,Durum wheat,precip,0.0195104359813867
EC-Earth3,-1.5,-1.5166,7,IT,Durum wheat,precip,0.00409225129255099
IPSL-CM6A-LR,-4.5,-4.291,5,IT,Durum wheat,precip,0.0416857944107867
IPSL-CM6A-LR,-3.5,-3.4498,14,IT,Durum wheat,precip,0.0233673723304132
IPSL-CM6A-LR,-2.5,-2.5023,10,IT,Durum wheat,precip,-0.0228993055752856
EC-Earth3,-3.5,-3.2771,5,RO,Durum wheat,precip,0.0374467323564704
EC-Earth3,-2.5,-2.5562,17,RO,Durum wheat,precip,0.0593824464468128
EC-Earth3,-1.5,-1.5166,7,RO,Durum wheat,precip,-0.0174530687451436
IPSL-CM6A-LR,-4.5,-4.291,5,RO,Durum wheat,precip,0.000862079859571002
IPSL-CM6A-LR,-3.5,-3.4498,14,RO,Durum wheat,precip,0.0165563607477736
IPSL-CM6A-LR,-2.5,-2.5023,10,RO,Durum wheat,precip,-0.00891125162173429
EC-Earth3,-3.5,-3.2771,5,SK,Durum wheat,precip,0.0844336995738127
EC-Earth3,-2.5,-2.5562,17,SK,Durum wheat,precip,0.0518629313250369
EC-Earth3,-1.5,-1.5166,7,SK,Durum wheat,precip,-0.0150843687886945
IPSL-CM6A-LR,-4.5,-4.291,5,SK,Durum wheat,precip,-0.00409251512945797
IPSL-CM6A-LR,-3.5,-3.4498,14,SK,Durum wheat,precip,0.0296114220672531
IPSL-CM6A-LR,-2.5,-2.5023,10,SK,Durum wheat,precip,0.00655339857302804
EC-Earth3,-3.5,-3.2771,5,CZ,Spring barley,precip,0.0923483978036299
EC-Earth3,-2.5,-2.5562,17,CZ,Spring barley,precip,0.0171127233903475
EC-Earth3,-1.5,-1.5166,7,CZ,Spring barley,precip,-0.0128309929195572
IPSL-CM6A-LR,-4.5,-4.291,5,CZ,Spring barley,precip,-0.0472415823799855
IPSL-CM6A-LR,-3.5,-3.4498,14,CZ,Spring barley,precip,0.0185748115138721
IPSL-CM6A-LR,-2.5,-2.5023,10,CZ,Spring barley,precip,0.0113668057812461
EC-Earth3,-3.5,-3.2771,5,DE,Spring barley,precip,0.0265274465991592
EC-Earth3,-2.5,-2.5562,17,DE,Spring barley,precip,0.0197696380673404
EC-Earth3,-1.5,-1.5166,7,DE,Spring barley,precip,0.0206076527044511
IPSL-CM6A-LR,-4.5,-4.291,5,DE,Spring barley,precip,0.00376223952245834
IPSL-CM6A-LR,-3.5,-3.4498,14,DE,Spring barley,precip,0.0607138035321109
IPSL-CM6A-LR,-2.5,-2.5023,10,DE,Spring barley,precip,0.0782656918793237
EC-Earth3,-3.5,-3.2771,5,DK,Spring barley,precip,0.0651153551296542
EC-Earth3,-2.5,-2.5562,17,DK,Spring barley,precip,0.0528230511611491
EC-Earth3,-1.5,-1.5166,7,DK,Spring barley,precip,0.0540173282329304
IPSL-CM6A-LR,-4.5,-4.291,5,DK,Spring barley,precip,0.00809806858952572
IPSL-CM6A-LR,-3.5,-3.4498,14,DK,Spring barley,precip,0.0982695153232079
IPSL-CM6A-LR,-2.5,-2.5023,10,DK,Spring barley,precip,0.137456978301295
EC-Earth3,-3.5,-3.2771,5,EE,Spring barley,precip,0.100903555224405
EC-Earth3,-2.5,-2.5562,17,EE,Spring barley,precip,0.0499946948142055
EC-Earth3,-1.5,-1.5166,7,EE,Spring barley,precip,0.0617585755840494
IPSL-CM6A-LR,-4.5,-4.291,5,EE,Spring barley,precip,0.0778516180560436
IPSL-CM6A-LR,-3.5,-3.4498,14,EE,Spring barley,precip,0.0846298715147431
IPSL-CM6A-LR,-2.5,-2.5023,10,EE,Spring barley,precip,0.0726745119819211
EC-Earth3,-3.5,-3.2771,5,ES,Spring barley,precip,-0.0261755022633028
EC-Earth3,-2.5,-2.5562,17,ES,Spring barley,precip,0.0295852786810727
EC-Earth3,-1.5,-1.5166,7,ES,Spring barley,precip,-0.0455012598504452
IPSL-CM6A-LR,-4.5,-4.291,5,ES,Spring barley,precip,0.050615368144264
IPSL-CM6A-LR,-3.5,-3.4498,14,ES,Spring barley,precip,-0.00839209724669286
IPSL-CM6A-LR,-2.5,-2.5023,10,ES,Spring barley,precip,-0.0306073436863703
EC-Earth3,-3.5,-3.2771,5,FI,Spring barley,precip,0.131907355510828
EC-Earth3,-2.5,-2.5562,17,FI,Spring barley,precip,0.0757602857547755
EC-Earth3,-1.5,-1.5166,7,FI,Spring barley,precip,0.0518064080609987
IPSL-CM6A-LR,-4.5,-4.291,5,FI,Spring barley,precip,0.156157060651548
IPSL-CM6A-LR,-3.5,-3.4498,14,FI,Spring barley,precip,0.0573861659336243
IPSL-CM6A-LR,-2.5,-2.5023,10,FI,Spring barley,precip,0.0661074320082669
EC-Earth3,-3.5,-3.2771,5,FR,Spring barley,precip,0.0166414498394288
EC-Earth3,-2.5,-2.5562,17,FR,Spring barley,precip,0.0582990598326993
EC-Earth3,-1.5,-1.5166,7,FR,Spring barley,precip,0.0165276852090877
IPSL-CM6A-LR,-4.5,-4.291,5,FR,Spring barley,precip,0.0212767385851998
IPSL-CM6A-LR,-3.5,-3.4498,14,FR,Spring barley,precip,0.0792362679568625
IPSL-CM6A-LR,-2.5,-2.5023,10,FR,Spring barley,precip,0.0575249310051452
EC-Earth3,-3.5,-3.2771,5,HU,Spring barley,precip,0.0636505492266
EC-Earth3,-2.5,-2.5562,17,HU,Spring barley,precip,0.0478318522541541
EC-Earth3,-1.5,-1.5166,7,HU,Spring barley,precip,-0.037713811563738
IPSL-CM6A-LR,-4.5,-4.291,5,HU,Spring barley,precip,-0.0371984760034067
IPSL-CM6A-LR,-3.5,-3.4498,14,HU,Spring barley,precip,0.00422744051002892
IPSL-CM6A-LR,-2.5,-2.5023,10,HU,Spring barley,precip,-0.0163854825231477
EC-Earth3,-3.5,-3.2771,5,LT,Spring barley,precip,0.0474173645753286
EC-Earth3,-2.5,-2.5562,17,LT,Spring barley,precip,0.0776475189438769
EC-Earth3,-1.5,-1.5166,7,LT,Spring barley,precip,0.079250586673542
IPSL-CM6A-LR,-4.5,-4.291,5,LT,Spring barley,precip,0.0363444123454411
IPSL-CM6A-LR,-3.5,-3.4498,14,LT,Spring barley,precip,0.0538459047481284
IPSL-CM6A-LR,-2.5,-2.5023,10,LT,Spring barley,precip,0.0722819462402342
EC-Earth3,-3.5,-3.2771,5,LV,Spring barley,precip,0.0505189604272265
EC-Earth3,-2.5,-2.5562,17,LV,Spring barley,precip,0.0731429013741932
EC-Earth3,-1.5,-1.5166,7,LV,Spring barley,precip,0.0868072013999983
IPSL-CM6A-LR,-4.5,-4.291,5,LV,Spring barley,precip,0.051922440982898
IPSL-CM6A-LR,-3.5,-3.4498,14,LV,Spring barley,precip,0.064865445973485
IPSL-CM6A-LR,-2.5,-2.5023,10,LV,Spring barley,precip,0.0669493496403628
EC-Earth3,-3.5,-3.2771,5,SE,Spring barley,precip,0.119553893450518
EC-Earth3,-2.5,-2.5562,17,SE,Spring barley,precip,0.0965298534218065
EC-Earth3,-1.5,-1.5166,7,SE,Spring barley,precip,0.0566039548106972
IPSL-CM6A-LR,-4.5,-4.291,5,SE,Spring barley,precip,0.0384127806140263
IPSL-CM6A-LR,-3.5,-3.4498,14,SE,Spring barley,precip,0.106709692990749
IPSL-CM6A-LR,-2.5,-2.5023,10,SE,Spring barley,precip,0.11793732188597
EC-Earth3,-3.5,-3.2771,5,SK,Spring barley,precip,0.111181597697654
EC-Earth3,-2.5,-2.5562,17,SK,Spring barley,precip,0.0689219005808652
EC-Earth3,-1.5,-1.5166,7,SK,Spring barley,precip,-0.0204080823882902
IPSL-CM6A-LR,-4.5,-4.291,5,SK,Spring barley,precip,-0.0178018143851313
IPSL-CM6A-LR,-3.5,-3.4498,14,SK,Spring barley,precip,0.0369301950547751
IPSL-CM6A-LR,-2.5,-2.5023,10,SK,Spring barley,precip,0.00191719795190155
EC-Earth3,-3.5,-3.2771,5,CZ,Winter barley,precip,0.0630569732215091
EC-Earth3,-2.5,-2.5562,17,CZ,Winter barley,precip,0.0108701201934609
EC-Earth3,-1.5,-1.5166,7,CZ,Winter barley,precip,-0.00346446602899067
IPSL-CM6A-LR,-4.5,-4.291,5,CZ,Winter barley,precip,-0.0414260168674583
IPSL-CM6A-LR,-3.5,-3.4498,14,CZ,Winter barley,precip,0.014768702541869
IPSL-CM6A-LR,-2.5,-2.5023,10,CZ,Winter barley,precip,0.0155466209267891
EC-Earth3,-3.5,-3.2771,5,DE,Winter barley,precip,0.0224327710323914
EC-Earth3,-2.5,-2.5562,17,DE,Winter barley,precip,0.0126010581288835
EC-Earth3,-1.5,-1.5166,7,DE,Winter barley,precip,0.0134065124810522
IPSL-CM6A-LR,-4.5,-4.291,5,DE,Winter barley,precip,-0.00345134092949517
IPSL-CM6A-LR,-3.5,-3.4498,14,DE,Winter barley,precip,0.043088319835286
IPSL-CM6A-LR,-2.5,-2.5023,10,DE,Winter barley,precip,0.0595259316078513
EC-Earth3,-3.5,-3.2771,5,DK,Winter barley,precip,0.0534677792951868
EC-Earth3,-2.5,-2.5562,17,DK,Winter barley,precip,0.0439502160248358
EC-Earth3,-1.5,-1.5166,7,DK,Winter barley,precip,0.0434577242439715
IPSL-CM6A-LR,-4.5,-4.291,5,DK,Winter barley,precip,0.00624175110625888
IPSL-CM6A-LR,-3.5,-3.4498,14,DK,Winter barley,precip,0.0773603947110335
IPSL-CM6A-LR,-2.5,-2.5023,10,DK,Winter barley,precip,0.10929292784518
EC-Earth3,-3.5,-3.2771,5,EE,Winter barley,precip,0.0787276902323263
EC-Earth3,-2.5,-2.5562,17,EE,Winter barley,precip,0.0368940183355959
EC-Earth3,-1.5,-1.5166,7,EE,Winter barley,precip,0.0461261299053388
IPSL-CM6A-LR,-4.5,-4.291,5,EE,Winter barley,precip,0.061696522212189
IPSL-CM6A-LR,-3.5,-3.4498,14,EE,Winter barley,precip,0.0649172563711466
IPSL-CM6A-LR,-2.5,-2.5023,10,EE,Winter barley,precip,0.0548698469221101
EC-Earth3,-3.5,-3.2771,5,EL,Winter barley,precip,0.027866751152816
EC-Earth3,-2.5,-2.5562,17,EL,Winter barley,precip,0.0254363258485629
EC-Earth3,-1.5,-1.5166,7,EL,Winter barley,precip,0.0449570718562518
IPSL-CM6A-LR,-4.5,-4.291,5,EL,Winter barley,precip,0.0361011157396572
IPSL-CM6A-LR,-3.5,-3.4498,14,EL,Winter barley,precip,0.0159016289851409
IPSL-CM6A-LR,-2.5,-2.5023,10,EL,Winter barley,precip,-0.0114285522493572
EC-Earth3,-3.5,-3.2771,5,ES,Winter barley,precip,-0.0145444921319809
EC-Earth3,-2.5,-2.5562,17,ES,Winter barley,precip,0.0214988907806733
EC-Earth3,-1.5,-1.5166,7,ES,Winter barley,precip,-0.0347704365741718
IPSL-CM6A-LR,-4.5,-4.291,5,ES,Winter barley,precip,0.0393339866610223
IPSL-CM6A-LR,-3.5,-3.4498,14,ES,Winter barley,precip,-0.00492419430260882
IPSL-CM6A-LR,-2.5,-2.5023,10,ES,Winter barley,precip,-0.0242556198284292
EC-Earth3,-3.5,-3.2771,5,FR,Winter barley,precip,0.0142053203143146
EC-Earth3,-2.5,-2.5562,17,FR,Winter barley,precip,0.0432899982019269
EC-Earth3,-1.5,-1.5166,7,FR,Winter barley,precip,0.00782746699246734
IPSL-CM6A-LR,-4.5,-4.291,5,FR,Winter barley,precip,0.0201866380926281
IPSL-CM6A-LR,-3.5,-3.4498,14,FR,Winter barley,precip,0.0598713725177864
IPSL-CM6A-LR,-2.5,-2.5023,10,FR,Winter barley,precip,0.0399402880069022
EC-Earth3,-3.5,-3.2771,5,HU,Winter barley,precip,0.0465414959526464
EC-Earth3,-2.5,-2.5562,17,HU,Winter barley,precip,0.0331441776998172
EC-Earth3,-1.5,-1.5166,7,HU,Winter barley,precip,-0.0295313026984485
IPSL-CM6A-LR,-4.5,-4.291,5,HU,Winter barley,precip,-0.02858157608727
IPSL-CM6A-LR,-3.5,-3.4498,14,HU,Winter barley,precip,-0.00040768652729804
IPSL-CM6A-LR,-2.5,-2.5023,10,HU,Winter barley,precip,-0.0124284385342081
EC-Earth3,-3.5,-3.2771,5,IT,Winter barley,precip,0.00285038770906229
EC-Earth3,-2.5,-2.5562,17,IT,Winter barley,precip,0.0386266015343055
EC-Earth3,-1.5,-1.5166,7,IT,Winter barley,precip,-0.00599362967355018
IPSL-CM6A-LR,-4.5,-4.291,5,IT,Winter barley,precip,0.0608126687777833
IPSL-CM6A-LR,-3.5,-3.4498,14,IT,Winter barley,precip,0.0182433713950881
IPSL-CM6A-LR,-2.5,-2.5023,10,IT,Winter barley,precip,-0.0254686431369344
EC-Earth3,-3.5,-3.2771,5,LT,Winter barley,precip,0.0362653382029726
EC-Earth3,-2.5,-2.5562,17,LT,Winter barley,precip,0.0605642903339321
EC-Earth3,-1.5,-1.5166,7,LT,Winter barley,precip,0.0598017472623117
IPSL-CM6A-LR,-4.5,-4.291,5,LT,Winter barley,precip,0.0271700654193693
IPSL-CM6A-LR,-3.5,-3.4498,14,LT,Winter barley,precip,0.039770243514127
IPSL-CM6A-LR,-2.5,-2.5023,10,LT,Winter barley,precip,0.0545771447390298
EC-Earth3,-3.5,-3.2771,5,LV,Winter barley,precip,0.0387217751012088
EC-Earth3,-2.5,-2.5562,17,LV,Winter barley,precip,0.0574646170860636
EC-Earth3,-1.5,-1.5166,7,LV,Winter barley,precip,0.0671799116259189
IPSL-CM6A-LR,-4.5,-4.291,5,LV,Winter barley,precip,0.03867517862276
IPSL-CM6A-LR,-3.5,-3.4498,14,LV,Winter barley,precip,0.0530650070975047
IPSL-CM6A-LR,-2.5,-2.5023,10,LV,Winter barley,precip,0.0552992580160392
EC-Earth3,-3.5,-3.2771,5,SE,Winter barley,precip,0.0784089686456564
EC-Earth3,-2.5,-2.5562,17,SE,Winter barley,precip,0.0678419786825654
EC-Earth3,-1.5,-1.5166,7,SE,Winter barley,precip,0.0470008985865627
IPSL-CM6A-LR,-4.5,-4.291,5,SE,Winter barley,precip,0.0201745920012223
IPSL-CM6A-LR,-3.5,-3.4498,14,SE,Winter barley,precip,0.0865590326353532
IPSL-CM6A-LR,-2.5,-2.5023,10,SE,Winter barley,precip,0.0896321821985013
EC-Earth3,-3.5,-3.2771,5,SK,Winter barley,precip,0.0867978940629889
EC-Earth3,-2.5,-2.5562,17,SK,Winter barley,precip,0.0544196547930161
EC-Earth3,-1.5,-1.5166,7,SK,Winter barley,precip,-0.0157181239331272
IPSL-CM6A-LR,-4.5,-4.291,5,SK,Winter barley,precip,-0.0169187528458582
IPSL-CM6A-LR,-3.5,-3.4498,14,SK,Winter barley,precip,0.0288965426399038
IPSL-CM6A-LR,-2.5,-2.5023,10,SK,Winter barley,precip,0.000915660217040262
EC-Earth3,-3.5,-3.2771,5,CZ,Soft wheat,precip2,-0.056418477948117
EC-Earth3,-2.5,-2.5562,17,CZ,Soft wheat,precip2,-0.0085284974696463
EC-Earth3,-1.5,-1.5166,7,CZ,Soft wheat,precip2,0.00581641613619809
IPSL-CM6A-LR,-4.5,-4.291,5,CZ,Soft wheat,precip2,0.0267554832504742
IPSL-CM6A-LR,-3.5,-3.4498,14,CZ,Soft wheat,precip2,-0.00968873343527872
IPSL-CM6A-LR,-2.5,-2.5023,10,CZ,Soft wheat,precip2,-0.00811759044341537
EC-Earth3,-3.5,-3.2771,5,DE,Soft wheat,precip2,-0.0178876826637902
EC-Earth3,-2.5,-2.5562,17,DE,Soft wheat,precip2,-0.0115714792817246
EC-Earth3,-1.5,-1.5166,7,DE,Soft wheat,precip2,-0.0119601242179759
IPSL-CM6A-LR,-4.5,-4.291,5,DE,Soft wheat,precip2,0.00454850287945859
IPSL-CM6A-LR,-3.5,-3.4498,14,DE,Soft wheat,precip2,-0.0334861315795136
IPSL-CM6A-LR,-2.5,-2.5023,10,DE,Soft wheat,precip2,-0.0473273433958096
EC-Earth3,-3.5,-3.2771,5,DK,Soft wheat,precip2,-0.0331639487443714
EC-Earth3,-2.5,-2.5562,17,DK,Soft wheat,precip2,-0.0263150793322087
EC-Earth3,-1.5,-1.5166,7,DK,Soft wheat,precip2,-0.0245572090242399
IPSL-CM6A-LR,-4.5,-4.291,5,DK,Soft wheat,precip2,0.000417201583061093
IPSL-CM6A-LR,-3.5,-3.4498,14,DK,Soft wheat,precip2,-0.0504237476006645
IPSL-CM6A-LR,-2.5,-2.5023,10,DK,Soft wheat,precip2,-0.0753452344228288
EC-Earth3,-3.5,-3.2771,5,EE,Soft wheat,precip2,-0.049978883612125
EC-Earth3,-2.5,-2.5562,17,EE,Soft wheat,precip2,-0.0249372241253294
EC-Earth3,-1.5,-1.5166,7,EE,Soft wheat,precip2,-0.029471873997636
IPSL-CM6A-LR,-4.5,-4.291,5,EE,Soft wheat,precip2,-0.0338315973527943
IPSL-CM6A-LR,-3.5,-3.4498,14,EE,Soft wheat,precip2,-0.038823993551291
IPSL-CM6A-LR,-2.5,-2.5023,10,EE,Soft wheat,precip2,-0.032656882834403
EC-Earth3,-3.5,-3.2771,5,EL,Soft wheat,precip2,-0.0188329281363918
EC-Earth3,-2.5,-2.5562,17,EL,Soft wheat,precip2,-0.0148345408997573
EC-Earth3,-1.5,-1.5166,7,EL,Soft wheat,precip2,-0.0232496366584817
IPSL-CM6A-LR,-4.5,-4.291,5,EL,Soft wheat,precip2,-0.0222051649473401
IPSL-CM6A-LR,-3.5,-3.4498,14,EL,Soft wheat,precip2,-0.00716264648587461
IPSL-CM6A-LR,-2.5,-2.5023,10,EL,Soft wheat,precip2,0.00797673734416176
EC-Earth3,-3.5,-3.2771,5,ES,Soft wheat,precip2,0.00831836306694527
EC-Earth3,-2.5,-2.5562,17,ES,Soft wheat,precip2,-0.0208446966104295
EC-Earth3,-1.5,-1.5166,7,ES,Soft wheat,precip2,0.0182576925913329
IPSL-CM6A-LR,-4.5,-4.291,5,ES,Soft wheat,precip2,-0.0250807943239642
IPSL-CM6A-LR,-3.5,-3.4498,14,ES,Soft wheat,precip2,0.00105510301058347
IPSL-CM6A-LR,-2.5,-2.5023,10,ES,Soft wheat,precip2,0.00912238366623471
EC-Earth3,-3.5,-3.2771,5,FI,Soft wheat,precip2,-0.0559964078537475
EC-Earth3,-2.5,-2.5562,17,FI,Soft wheat,precip2,-0.030381610254481
EC-Earth3,-1.5,-1.5166,7,FI,Soft wheat,precip2,-0.0190826180628874
IPSL-CM6A-LR,-4.5,-4.291,5,FI,Soft wheat,precip2,-0.0689471801548459
IPSL-CM6A-LR,-3.5,-3.4498,14,FI,Soft wheat,precip2,-0.0318344254863232
IPSL-CM6A-LR,-2.5,-2.5023,10,FI,Soft wheat,precip2,-0.0372697739490694
EC-Earth3,-3.5,-3.2771,5,FR,Soft wheat,precip2,-0.00955204144713664
EC-Earth3,-2.5,-2.5562,17,FR,Soft wheat,precip2,-0.0340664164574353
EC-Earth3,-1.5,-1.5166,7,FR,Soft wheat,precip2,-0.00779263041000979
IPSL-CM6A-LR,-4.5,-4.291,5,FR,Soft wheat,precip2,-0.0153218581744461
IPSL-CM6A-LR,-3.5,-3.4498,14,FR,Soft wheat,precip2,-0.0501670081666897
IPSL-CM6A-LR,-2.5,-2.5023,10,FR,Soft wheat,precip2,-0.0331953718751351
EC-Earth3,-3.5,-3.2771,5,HU,Soft wheat,precip2,-0.0359159135388019
EC-Earth3,-2.5,-2.5562,17,HU,Soft wheat,precip2,-0.0246993168732145
EC-Earth3,-1.5,-1.5166,7,HU,Soft wheat,precip2,0.016629682814939
IPSL-CM6A-LR,-4.5,-4.291,5,HU,Soft wheat,precip2,0.0179699486138883
IPSL-CM6A-LR,-3.5,-3.4498,14,HU,Soft wheat,precip2,-0.000392744231727815
IPSL-CM6A-LR,-2.5,-2.5023,10,HU,Soft wheat,precip2,0.00732094115418287
EC-Earth3,-3.5,-3.2771,5,IT,Soft wheat,precip2,-0.00930107935237477
EC-Earth3,-2.5,-2.5562,17,IT,Soft wheat,precip2,-0.0509693133624374
EC-Earth3,-1.5,-1.5166,7,IT,Soft wheat,precip2,0.00734914319340507
IPSL-CM6A-LR,-4.5,-4.291,5,IT,Soft wheat,precip2,-0.062838056223823
IPSL-CM6A-LR,-3.5,-3.4498,14,IT,Soft wheat,precip2,-0.00921607257776263
IPSL-CM6A-LR,-2.5,-2.5023,10,IT,Soft wheat,precip2,0.0203872650270419
EC-Earth3,-3.5,-3.2771,5,LT,Soft wheat,precip2,-0.0238021529756896
EC-Earth3,-2.5,-2.5562,17,LT,Soft wheat,precip2,-0.041337613547468
EC-Earth3,-1.5,-1.5166,7,LT,Soft wheat,precip2,-0.0407073926247067
IPSL-CM6A-LR,-4.5,-4.291,5,LT,Soft wheat,precip2,-0.014823246838497
IPSL-CM6A-LR,-3.5,-3.4498,14,LT,Soft wheat,precip2,-0.0271591747195701
IPSL-CM6A-LR,-2.5,-2.5023,10,LT,Soft wheat,precip2,-0.0359752943538563
EC-Earth3,-3.5,-3.2771,5,LV,Soft wheat,precip2,-0.0245864343400718
EC-Earth3,-2.5,-2.5562,17,LV,Soft wheat,precip2,-0.0366667660223222
EC-Earth3,-1.5,-1.5166,7,LV,Soft wheat,precip2,-0.0449262288926337
IPSL-CM6A-LR,-4.5,-4.291,5,LV,Soft wheat,precip2,-0.0214150385066829
IPSL-CM6A-LR,-3.5,-3.4498,14,LV,Soft wheat,precip2,-0.0320635229827502
IPSL-CM6A-LR,-2.5,-2.5023,10,LV,Soft wheat,precip2,-0.032749125604061
EC-Earth3,-3.5,-3.2771,5,RO,Soft wheat,precip2,-0.0292083038287253
EC-Earth3,-2.5,-2.5562,17,RO,Soft wheat,precip2,-0.046696739229702
EC-Earth3,-1.5,-1.5166,7,RO,Soft wheat,precip2,0.00654222531366359
IPSL-CM6A-LR,-4.5,-4.291,5,RO,Soft wheat,precip2,-0.00661738118121196
IPSL-CM6A-LR,-3.5,-3.4498,14,RO,Soft wheat,precip2,-0.0168508102154447
IPSL-CM6A-LR,-2.5,-2.5023,10,RO,Soft wheat,precip2,0.0045140449163439
EC-Earth3,-3.5,-3.2771,5,SE,Soft wheat,precip2,-0.0626405613415182
EC-Earth3,-2.5,-2.5562,17,SE,Soft wheat,precip2,-0.052937591005622
EC-Earth3,-1.5,-1.5166,7,SE,Soft wheat,precip2,-0.0292863427202106
IPSL-CM6A-LR,-4.5,-4.291,5,SE,Soft wheat,precip2,-0.01119331757205
IPSL-CM6A-LR,-3.5,-3.4498,14,SE,Soft wheat,precip2,-0.0607422704125662
IPSL-CM6A-LR,-2.5,-2.5023,10,SE,Soft wheat,precip2,-0.0664102645019722
EC-Earth3,-3.5,-3.2771,5,SK,Soft wheat,precip2,-0.0748743185533827
EC-Earth3,-2.5,-2.5562,17,SK,Soft wheat,precip2,-0.0429878124305655
EC-Earth3,-1.5,-1.5166,7,SK,Soft wheat,precip2,0.0124645001295395
IPSL-CM6A-LR,-4.5,-4.291,5,SK,Soft wheat,precip2,0.0156196011581768
IPSL-CM6A-LR,-3.5,-3.4498,14,SK,Soft wheat,precip2,-0.0206412388283122
IPSL-CM6A-LR,-2.5,-2.5023,10,SK,Soft wheat,precip2,0.0020661904625691
EC-Earth3,-3.5,-3.2771,5,EL,Durum wheat,precip2,-0.0163308380946268
EC-Earth3,-2.5,-2.5562,17,EL,Durum wheat,precip2,-0.00938829437444744
EC-Earth3,-1.5,-1.5166,7,EL,Durum wheat,precip2,-0.018345238428844
IPSL-CM6A-LR,-4.5,-4.291,5,EL,Durum wheat,precip2,-0.0159235353215455
IPSL-CM6A-LR,-3.5,-3.4498,14,EL,Durum wheat,precip2,-0.00579207498958141
IPSL-CM6A-LR,-2.5,-2.5023,10,EL,Durum wheat,precip2,0.0056348932598543
EC-Earth3,-3.5,-3.2771,5,ES,Durum wheat,precip2,0.0084064492534883
EC-Earth3,-2.5,-2.5562,17,ES,Durum wheat,precip2,-0.0228972197306378
EC-Earth3,-1.5,-1.5166,7,ES,Durum wheat,precip2,0.015063709024055
IPSL-CM6A-LR,-4.5,-4.291,5,ES,Durum wheat,precip2,-0.0153661859012457
IPSL-CM6A-LR,-3.5,-3.4498,14,ES,Durum wheat,precip2,0.00689792209843287
IPSL-CM6A-LR,-2.5,-2.5023,10,ES,Durum wheat,precip2,0.0179817630246926
EC-Earth3,-3.5,-3.2771,5,FR,Durum wheat,precip2,-0.00366315938283258
EC-Earth3,-2.5,-2.5562,17,FR,Durum wheat,precip2,-0.0204331428153327
EC-Earth3,-1.5,-1.5166,7,FR,Durum wheat,precip2,0.0161304361388126
IPSL-CM6A-LR,-4.5,-4.291,5,FR,Durum wheat,precip2,-0.0292512458196536
IPSL-CM6A-LR,-3.5,-3.4498,14,FR,Durum wheat,precip2,-0.0237394177242031
IPSL-CM6A-LR,-2.5,-2.5023,10,FR,Durum wheat,precip2,-0.000505769050896914
EC-Earth3,-3.5,-3.2771,5,HU,Durum wheat,precip2,-0.0331704207340174
EC-Earth3,-2.5,-2.5562,17,HU,Durum wheat,precip2,-0.0227823778496836
EC-Earth3,-1.5,-1.5166,7,HU,Durum wheat,precip2,0.0167635206619671
IPSL-CM6A-LR,-4.5,-4.291,5,HU,Durum wheat,precip2,0.0164426290714503
IPSL-CM6A-LR,-3.5,-3.4498,14,HU,Durum wheat,precip2,0.00040885352106329
IPSL-CM6A-LR,-2.5,-2.5023,10,HU,Durum wheat,precip2,0.00734409049238445
EC-Earth3,-3.5,-3.2771,5,IT,Durum wheat,precip2,0.000263650008397735
EC-Earth3,-2.5,-2.5562,17,IT,Durum wheat,precip2,-0.013446544087673
EC-Earth3,-1.5,-1.5166,7,IT,Durum wheat,precip2,-0.00527564949494748
IPSL-CM6A-LR,-4.5,-4.291,5,IT,Durum wheat,precip2,-0.0316950470376575
IPSL-CM6A-LR,-3.5,-3.4498,14,IT,Durum wheat,precip2,-0.0150743846119296
IPSL-CM6A-LR,-2.5,-2.5023,10,IT,Durum wheat,precip2,0.0143136739458728
EC-Earth3,-3.5,-3.2771,5,RO,Durum wheat,precip2,-0.0261920426202205
EC-Earth3,-2.5,-2.5562,17,RO,Durum wheat,precip2,-0.0425931438276328
EC-Earth3,-1.5,-1.5166,7,RO,Durum wheat,precip2,0.0125835867454919
IPSL-CM6A-LR,-4.5,-4.291,5,RO,Durum wheat,precip2,1.61053185444897e-05
IPSL-CM6A-LR,-3.5,-3.4498,14,RO,Durum wheat,precip2,-0.0107521579729651
IPSL-CM6A-LR,-2.5,-2.5023,10,RO,Durum wheat,precip2,0.00609253886080149
EC-Earth3,-3.5,-3.2771,5,SK,Durum wheat,precip2,-0.0648107362167671
EC-Earth3,-2.5,-2.5562,17,SK,Durum wheat,precip2,-0.0367665908021851
EC-Earth3,-1.5,-1.5166,7,SK,Durum wheat,precip2,0.00923019036797904
IPSL-CM6A-LR,-4.5,-4.291,5,SK,Durum wheat,precip2,0.00352112998756543
IPSL-CM6A-LR,-3.5,-3.4498,14,SK,Durum wheat,precip2,-0.0196547814032852
IPSL-CM6A-LR,-2.5,-2.5023,10,SK,Durum wheat,precip2,-0.00385762168790086
EC-Earth3,-3.5,-3.2771,5,CZ,Spring barley,precip2,-0.0825456272461992
EC-Earth3,-2.5,-2.5562,17,CZ,Spring barley,precip2,-0.0137251807972898
EC-Earth3,-1.5,-1.5166,7,CZ,Spring barley,precip2,0.0108784186769212
IPSL-CM6A-LR,-4.5,-4.291,5,CZ,Spring barley,precip2,0.0361091017719087
IPSL-CM6A-LR,-3.5,-3.4498,14,CZ,Spring barley,precip2,-0.0132531726961776
IPSL-CM6A-LR,-2.5,-2.5023,10,CZ,Spring barley,precip2,-0.00802913209665321
EC-Earth3,-3.5,-3.2771,5,DE,Spring barley,precip2,-0.0253125494824591
EC-Earth3,-2.5,-2.5562,17,DE,Spring barley,precip2,-0.0215757302192699
EC-Earth3,-1.5,-1.5166,7,DE,Spring barley,precip2,-0.0222107692201297
IPSL-CM6A-LR,-4.5,-4.291,5,DE,Spring barley,precip2,-0.00267101879864342
IPSL-CM6A-LR,-3.5,-3.4498,14,DE,Spring barley,precip2,-0.0540640976185902
IPSL-CM6A-LR,-2.5,-2.5023,10,DE,Spring barley,precip2,-0.0724523933626448
EC-Earth3,-3.5,-3.2771,5,DK,Spring barley,precip2,-0.0453948784468288
EC-Earth3,-2.5,-2.5562,17,DK,Spring barley,precip2,-0.0400465450336087
EC-Earth3,-1.5,-1.5166,7,DK,Spring barley,precip2,-0.0354633687298623
IPSL-CM6A-LR,-4.5,-4.291,5,DK,Spring barley,precip2,9.00861042328148e-05
IPSL-CM6A-LR,-3.5,-3.4498,14,DK,Spring barley,precip2,-0.0733593541790362
IPSL-CM6A-LR,-2.5,-2.5023,10,DK,Spring barley,precip2,-0.110337627120536
EC-Earth3,-3.5,-3.2771,5,EE,Spring barley,precip2,-0.0695600071374656
EC-Earth3,-2.5,-2.5562,17,EE,Spring barley,precip2,-0.0330013079784275
EC-Earth3,-1.5,-1.5166,7,EE,Spring barley,precip2,-0.0396228194036921
IPSL-CM6A-LR,-4.5,-4.291,5,EE,Spring barley,precip2,-0.0471330041078467
IPSL-CM6A-LR,-3.5,-3.4498,14,EE,Spring barley,precip2,-0.0541597284820206
IPSL-CM6A-LR,-2.5,-2.5023,10,EE,Spring barley,precip2,-0.0456489030267166
EC-Earth3,-3.5,-3.2771,5,ES,Spring barley,precip2,0.0112145039591663
EC-Earth3,-2.5,-2.5562,17,ES,Spring barley,precip2,-0.0196016050423171
EC-Earth3,-1.5,-1.5166,7,ES,Spring barley,precip2,0.0233937877721759
IPSL-CM6A-LR,-4.5,-4.291,5,ES,Spring barley,precip2,-0.0340703869370433
IPSL-CM6A-LR,-3.5,-3.4498,14,ES,Spring barley,precip2,0.00328056713836193
IPSL-CM6A-LR,-2.5,-2.5023,10,ES,Spring barley,precip2,0.0150989538538292
EC-Earth3,-3.5,-3.2771,5,FI,Spring barley,precip2,-0.0851738030810675
EC-Earth3,-2.5,-2.5562,17,FI,Spring barley,precip2,-0.0462677292585847
EC-Earth3,-1.5,-1.5166,7,FI,Spring barley,precip2,-0.0296756195463605
IPSL-CM6A-LR,-4.5,-4.291,5,FI,Spring barley,precip2,-0.102910653607883
IPSL-CM6A-LR,-3.5,-3.4498,14,FI,Spring barley,precip2,-0.0341791872974042
IPSL-CM6A-LR,-2.5,-2.5023,10,FI,Spring barley,precip2,-0.0401973253236431
EC-Earth3,-3.5,-3.2771,5,FR,Spring barley,precip2,-0.0150035041579472
EC-Earth3,-2.5,-2.5562,17,FR,Spring barley,precip2,-0.0568054323832636
EC-Earth3,-1.5,-1.5166,7,FR,Spring barley,precip2,-0.0186299133469615
IPSL-CM6A-LR,-4.5,-4.291,5,FR,Spring barley,precip2,-0.0186116478405326
IPSL-CM6A-LR,-3.5,-3.4498,14,FR,Spring barley,precip2,-0.0733116626659181
IPSL-CM6A-LR,-2.5,-2.5023,10,FR,Spring barley,precip2,-0.0512208890864069
EC-Earth3,-3.5,-3.2771,5,HU,Spring barley,precip2,-0.0507531955357302
EC-Earth3,-2.5,-2.5562,17,HU,Spring barley,precip2,-0.0376862718760402
EC-Earth3,-1.5,-1.5166,7,HU,Spring barley,precip2,0.023821349673386
IPSL-CM6A-LR,-4.5,-4.291,5,HU,Spring barley,precip2,0.0245680307987184
IPSL-CM6A-LR,-3.5,-3.4498,14,HU,Spring barley,precip2,-0.00298626755804115
IPSL-CM6A-LR,-2.5,-2.5023,10,HU,Spring barley,precip2,0.0104930062590639
EC-Earth3,-3.5,-3.2771,5,LT,Spring barley,precip2,-0.0330962840005059
EC-Earth3,-2.5,-2.5562,17,LT,Spring barley,precip2,-0.0570972698683003
EC-Earth3,-1.5,-1.5166,7,LT,Spring barley,precip2,-0.0578568678642842
IPSL-CM6A-LR,-4.5,-4.291,5,LT,Spring barley,precip2,-0.0216251472375178
IPSL-CM6A-LR,-3.5,-3.4498,14,LT,Spring barley,precip2,-0.0391660968362695
IPSL-CM6A-LR,-2.5,-2.5023,10,LT,Spring barley,precip2,-0.0512481357953532
EC-Earth3,-3.5,-3.2771,5,LV,Spring barley,precip2,-0.035040452303861
EC-Earth3,-2.5,-2.5562,17,LV,Spring barley,precip2,-0.051178474727715
EC-Earth3,-1.5,-1.5166,7,LV,Spring barley,precip2,-0.0624262205554676
IPSL-CM6A-LR,-4.5,-4.291,5,LV,Spring barley,precip2,-0.0319226361793103
IPSL-CM6A-LR,-3.5,-3.4498,14,LV,Spring barley,precip2,-0.0452079760182416
IPSL-CM6A-LR,-2.5,-2.5023,10,LV,Spring barley,precip2,-0.0450201756331005
EC-Earth3,-3.5,-3.2771,5,SE,Spring barley,precip2,-0.0912366596099398
EC-Earth3,-2.5,-2.5562,17,SE,Spring barley,precip2,-0.0731721711365141
EC-Earth3,-1.5,-1.5166,7,SE,Spring barley,precip2,-0.0391364034368044
IPSL-CM6A-LR,-4.5,-4.291,5,SE,Spring barley,precip2,-0.023034704279236
IPSL-CM6A-LR,-3.5,-3.4498,14,SE,Spring barley,precip2,-0.085113263006658
IPSL-CM6A-LR,-2.5,-2.5023,10,SE,Spring barley,precip2,-0.0966716470825982
EC-Earth3,-3.5,-3.2771,5,SK,Spring barley,precip2,-0.101176171450483
EC-Earth3,-2.5,-2.5562,17,SK,Spring barley,precip2,-0.0576310583961894
EC-Earth3,-1.5,-1.5166,7,SK,Spring barley,precip2,0.016305356049519
IPSL-CM6A-LR,-4.5,-4.291,5,SK,Spring barley,precip2,0.0174949245380089
IPSL-CM6A-LR,-3.5,-3.4498,14,SK,Spring barley,precip2,-0.0285229337804803
IPSL-CM6A-LR,-2.5,-2.5023,10,SK,Spring barley,precip2,0.00132078075107348
EC-Earth3,-3.5,-3.2771,5,CZ,Winter barley,precip2,-0.0549962354962815
EC-Earth3,-2.5,-2.5562,17,CZ,Winter barley,precip2,-0.00874173570743214
EC-Earth3,-1.5,-1.5166,7,CZ,Winter barley,precip2,0.00284038379839827
IPSL-CM6A-LR,-4.5,-4.291,5,CZ,Winter barley,precip2,0.0308414663894768
IPSL-CM6A-LR,-3.5,-3.4498,14,CZ,Winter barley,precip2,-0.0105829358237191
IPSL-CM6A-LR,-2.5,-2.5023,10,CZ,Winter barley,precip2,-0.0118376226416374
EC-Earth3,-3.5,-3.2771,5,DE,Winter barley,precip2,-0.0190355783363629
EC-Earth3,-2.5,-2.5562,17,DE,Winter barley,precip2,-0.0126544241631628
EC-Earth3,-1.5,-1.5166,7,DE,Winter barley,precip2,-0.0127375639558064
IPSL-CM6A-LR,-4.5,-4.291,5,DE,Winter barley,precip2,0.0030603030999845
IPSL-CM6A-LR,-3.5,-3.4498,14,DE,Winter barley,precip2,-0.0355209237209898
IPSL-CM6A-LR,-2.5,-2.5023,10,DE,Winter barley,precip2,-0.050778187160254
EC-Earth3,-3.5,-3.2771,5,DK,Winter barley,precip2,-0.0367108668179445
EC-Earth3,-2.5,-2.5562,17,DK,Winter barley,precip2,-0.0322280429551189
EC-Earth3,-1.5,-1.5166,7,DK,Winter barley,precip2,-0.0282233831466287
IPSL-CM6A-LR,-4.5,-4.291,5,DK,Winter barley,precip2,-5.25627165413197e-05
IPSL-CM6A-LR,-3.5,-3.4498,14,DK,Winter barley,precip2,-0.0563304893091432
IPSL-CM6A-LR,-2.5,-2.5023,10,DK,Winter barley,precip2,-0.085471856491765
EC-Earth3,-3.5,-3.2771,5,EE,Winter barley,precip2,-0.0522617090026298
EC-Earth3,-2.5,-2.5562,17,EE,Winter barley,precip2,-0.0231638692419179
EC-Earth3,-1.5,-1.5166,7,EE,Winter barley,precip2,-0.0281693075995573
IPSL-CM6A-LR,-4.5,-4.291,5,EE,Winter barley,precip2,-0.0360434493885322
IPSL-CM6A-LR,-3.5,-3.4498,14,EE,Winter barley,precip2,-0.0396697297000504
IPSL-CM6A-LR,-2.5,-2.5023,10,EE,Winter barley,precip2,-0.0329055662928086
EC-Earth3,-3.5,-3.2771,5,EL,Winter barley,precip2,-0.0145790481651366
EC-Earth3,-2.5,-2.5562,17,EL,Winter barley,precip2,-0.012263977797521
EC-Earth3,-1.5,-1.5166,7,EL,Winter barley,precip2,-0.0220008926471906
IPSL-CM6A-LR,-4.5,-4.291,5,EL,Winter barley,precip2,-0.0179012782540352
IPSL-CM6A-LR,-3.5,-3.4498,14,EL,Winter barley,precip2,-0.00651910767682426
IPSL-CM6A-LR,-2.5,-2.5023,10,EL,Winter barley,precip2,0.00587314754392501
EC-Earth3,-3.5,-3.2771,5,ES,Winter barley,precip2,0.00272380676961641
EC-Earth3,-2.5,-2.5562,17,ES,Winter barley,precip2,-0.0143116186272909
EC-Earth3,-1.5,-1.5166,7,ES,Winter barley,precip2,0.0180124720519131
IPSL-CM6A-LR,-4.5,-4.291,5,ES,Winter barley,precip2,-0.0262652699651642
IPSL-CM6A-LR,-3.5,-3.4498,14,ES,Winter barley,precip2,-0.000174641584363329
IPSL-CM6A-LR,-2.5,-2.5023,10,ES,Winter barley,precip2,0.0106431054793157
EC-Earth3,-3.5,-3.2771,5,FR,Winter barley,precip2,-0.0123934499063821
EC-Earth3,-2.5,-2.5562,17,FR,Winter barley,precip2,-0.041323483980545
EC-Earth3,-1.5,-1.5166,7,FR,Winter barley,precip2,-0.00951351334686985
IPSL-CM6A-LR,-4.5,-4.291,5,FR,Winter barley,precip2,-0.0168408030907616
IPSL-CM6A-LR,-3.5,-3.4498,14,FR,Winter barley,precip2,-0.0535898925095397
IPSL-CM6A-LR,-2.5,-2.5023,10,FR,Winter barley,precip2,-0.0338969707881099
EC-Earth3,-3.5,-3.2771,5,HU,Winter barley,precip2,-0.0344795686862194
EC-Earth3,-2.5,-2.5562,17,HU,Winter barley,precip2,-0.0245659672859213
EC-Earth3,-1.5,-1.5166,7,HU,Winter barley,precip2,0.0178945482930522
IPSL-CM6A-LR,-4.5,-4.291,5,HU,Winter barley,precip2,0.0182930612814263
IPSL-CM6A-LR,-3.5,-3.4498,14,HU,Winter barley,precip2,0.000659850644058557
IPSL-CM6A-LR,-2.5,-2.5023,10,HU,Winter barley,precip2,0.00781338840486065
EC-Earth3,-3.5,-3.2771,5,IT,Winter barley,precip2,-0.0064875121336303
EC-Earth3,-2.5,-2.5562,17,IT,Winter barley,precip2,-0.0384648430210585
EC-Earth3,-1.5,-1.5166,7,IT,Winter barley,precip2,0.00169876261865994
IPSL-CM6A-LR,-4.5,-4.291,5,IT,Winter barley,precip2,-0.0559471651954942
IPSL-CM6A-LR,-3.5,-3.4498,14,IT,Winter barley,precip2,-0.013651688692885
IPSL-CM6A-LR,-2.5,-2.5023,10,IT,Winter barley,precip2,0.0197138400616564
EC-Earth3,-3.5,-3.2771,5,LT,Winter barley,precip2,-0.0244707075278161
EC-Earth3,-2.5,-2.5562,17,LT,Winter barley,precip2,-0.0429947637656537
EC-Earth3,-1.5,-1.5166,7,LT,Winter barley,precip2,-0.0420742563366956
IPSL-CM6A-LR,-4.5,-4.291,5,LT,Winter barley,precip2,-0.0156207064302369
IPSL-CM6A-LR,-3.5,-3.4498,14,LT,Winter barley,precip2,-0.0278617468973594
IPSL-CM6A-LR,-2.5,-2.5023,10,LT,Winter barley,precip2,-0.0373735162833686
EC-Earth3,-3.5,-3.2771,5,LV,Winter barley,precip2,-0.0256771360034484
EC-Earth3,-2.5,-2.5562,17,LV,Winter barley,precip2,-0.0383597033008101
EC-Earth3,-1.5,-1.5166,7,LV,Winter barley,precip2,-0.0460340973667518
IPSL-CM6A-LR,-4.5,-4.291,5,LV,Winter barley,precip2,-0.02248129419399
IPSL-CM6A-LR,-3.5,-3.4498,14,LV,Winter barley,precip2,-0.0351044566382198
IPSL-CM6A-LR,-2.5,-2.5023,10,LV,Winter barley,precip2,-0.0356045338111886
EC-Earth3,-3.5,-3.2771,5,SE,Winter barley,precip2,-0.056697554750466
EC-Earth3,-2.5,-2.5562,17,SE,Winter barley,precip2,-0.0487665188447077
EC-Earth3,-1.5,-1.5166,7,SE,Winter barley,precip2,-0.0312866254763639
IPSL-CM6A-LR,-4.5,-4.291,5,SE,Winter barley,precip2,-0.0100144285067656
IPSL-CM6A-LR,-3.5,-3.4498,14,SE,Winter barley,precip2,-0.0658175977462432
IPSL-CM6A-LR,-2.5,-2.5023,10,SE,Winter barley,precip2,-0.0705938366099993
EC-Earth3,-3.5,-3.2771,5,SK,Winter barley,precip2,-0.0785097163520826
EC-Earth3,-2.5,-2.5562,17,SK,Winter barley,precip2,-0.0454770668743464
EC-Earth3,-1.5,-1.5166,7,SK,Winter barley,precip2,0.0123349768648403
IPSL-CM6A-LR,-4.5,-4.291,5,SK,Winter barley,precip2,0.0150823277557278
IPSL-CM6A-LR,-3.5,-3.4498,14,SK,Winter barley,precip2,-0.0228456358302243
IPSL-CM6A-LR,-2.5,-2.5023,10,SK,Winter barley,precip2,0.0010032658116113
