model,cntr,year,hdd_calendar,hdd_octmar,cdd_jja
ec-earth3,AL,1990,1274.03,1186.35,554.46
ec-earth3,AL,1991,1546.34,1193.41,503.23
ec-earth3,AL,1992,1533.1,1482.64,570.69
ec-earth3,AL,1993,1500.31,1395.86,601.8
ec-earth3,AL,1994,1277.79,1090.17,615.63
ec-earth3,AL,1995,1441.8,1238.18,535.2
ec-earth3,AL,1996,1412.55,1321.73,574.82
ec-earth3,AL,1997,1366.24,1109.84,546.02
ec-earth3,AL,1998,1355.26,1165.66,761.88
ec-earth3,AL,1999,1321.2,1354.61,717.47
ec-earth3,AL,2000,1361.02,1304.61,723.77
ec-earth3,AL,2001,1285.3,928.22,755.89
ec-earth3,AL,2002,1159.68,1231.58,680.39
ec-earth3,AL,2003,1346.3,1218.29,843.06
ec-earth3,AL,2004,1284.07,1181.52,649.49
ec-earth3,AL,2005,1421.73,1243.33,605.86
ec-earth3,AL,2006,1405.37,1294.31,618.9
ec-earth3,AL,2007,1206.75,1075.58,749.19
ec-earth3,AL,2008,1186.69,1178.12,728.39
ec-earth3,AL,2009,1204.63,1158.54,610.14
ec-earth3,AL,2010,1133,1049.64,660.56
ec-earth3,AL,2011,1399.72,1018.74,648.07
ec-earth3,AL,2012,1499.81,1528.1,819.56
ec-earth3,AL,2013,1283.75,1168.25,670.9
ec-earth3,AL,2014,1192.44,1068.42,572.56
ec-earth3,AL,2015,1485.73,1285.29,656.51
ec-earth3,AL,2016,1322.38,1151.76,654.38
ec-earth3,AL,2017,1470.4,1372.87,739.9
ec-earth3,AL,2018,1262.92,1243.42,570.47
ec-earth3,AL,2019,1289.87,1261.87,727
ec-earth3,AL,2020,1384.98,1131.09,621.08
ec-earth3,AL,2021,1326.22,1155.75,784.38
ec-earth3,AL,2022,1389.51,1327.34,727.89
ec-earth3,AL,2023,1259.16,1095.29,684.79
ec-earth3,AL,2024,1163.9,970.55,889.32
ec-earth3,AT,1990,2091.69,1711.21,320.25
ec-earth3,AT,1991,2499.93,1978.32,326.39
ec-earth3,AT,1992,2159.48,1952.38,453.89
ec-earth3,AT,1993,2314.53,1999.87,311.48
ec-earth3,AT,1994,1973.2,1801.39,440.23
ec-earth3,AT,1995,2284.84,1792.71,341.07
ec-earth3,AT,1996,2596.75,2264.21,275.35
ec-earth3,AT,1997,2282.86,1911.73,295.62
ec-earth3,AT,1998,2177.82,1802.94,371.75
ec-earth3,AT,1999,2184.99,1994.29,305.34
ec-earth3,AT,2000,1945.82,1929.72,365.34
ec-earth3,AT,2001,2218.17,1650.89,359.5
ec-earth3,AT,2002,1981.14,1799.02,389.56
ec-earth3,AT,2003,2338.69,1973.45,525.53
ec-earth3,AT,2004,2272.21,2024.63,321.28
ec-earth3,AT,2005,2402.75,2001.39,307.15
ec-earth3,AT,2006,2268.78,2212.74,376.38
ec-earth3,AT,2007,1955.61,1430.88,399.51
ec-earth3,AT,2008,2005.51,1867.01,360.26
ec-earth3,AT,2009,2190.89,1937.54,368.51
ec-earth3,AT,2010,2442.75,2016.13,379.94
ec-earth3,AT,2011,2081.9,1988.35,357.31
ec-earth3,AT,2012,2189.97,1898.74,432.87
ec-earth3,AT,2013,2236.11,1989.87,431.66
ec-earth3,AT,2014,1735.98,1580.39,331.61
ec-earth3,AT,2015,1913.75,1619.06,514.44
ec-earth3,AT,2016,2035.51,1590,384.77
ec-earth3,AT,2017,2109.46,1862.02,477.94
ec-earth3,AT,2018,1956.53,1883.45,477.79
ec-earth3,AT,2019,1898.22,1631.16,516.59
ec-earth3,AT,2020,1919.4,1561.11,390.52
ec-earth3,AT,2021,2195.66,1785.89,414.8
ec-earth3,AT,2022,1880.94,1720.91,478.55
ec-earth3,AT,2023,1833.34,1550.55,450.02
ec-earth3,AT,2024,1698.57,1405.91,543.12
ec-earth3,BE,1990,1712.38,1308.54,244.46
ec-earth3,BE,1991,2107.79,1619.83,213.55
ec-earth3,BE,1992,1881.53,1636.54,229.58
ec-earth3,BE,1993,1924.84,1614.88,152.77
ec-earth3,BE,1994,1696.01,1650.79,312.01
ec-earth3,BE,1995,1875.26,1348.46,340.7
ec-earth3,BE,1996,2301.94,1846.68,205.45
ec-earth3,BE,1997,1887.79,1667.75,271.96
ec-earth3,BE,1998,1821.24,1456.06,167.55
ec-earth3,BE,1999,1667.92,1574.62,250.58
ec-earth3,BE,2000,1589.76,1471.4,185.37
ec-earth3,BE,2001,1837.78,1416.45,261.93
ec-earth3,BE,2002,1584.38,1369.87,231.35
ec-earth3,BE,2003,1877.6,1516.1,357.77
ec-earth3,BE,2004,1798.67,1566.58,241.25
ec-earth3,BE,2005,1761.16,1538.79,244.78
ec-earth3,BE,2006,1747.47,1649.15,323.79
ec-earth3,BE,2007,1459.5,1095.21,192.07
ec-earth3,BE,2008,1759.43,1430.95,196.76
ec-earth3,BE,2009,1815.34,1737.68,258.3
ec-earth3,BE,2010,2253.86,1663.48,274.37
ec-earth3,BE,2011,1545.39,1681.75,168.71
ec-earth3,BE,2012,1862.43,1450.3,218.43
ec-earth3,BE,2013,2097.9,1752.08,275.22
ec-earth3,BE,2014,1452.86,1290.52,212.55
ec-earth3,BE,2015,1637.39,1443.41,291.47
ec-earth3,BE,2016,1799.11,1256.8,254.26
ec-earth3,BE,2017,1692.89,1502.52,295.75
ec-earth3,BE,2018,1721.03,1521.22,374.42
ec-earth3,BE,2019,1654.81,1358.7,339.85
ec-earth3,BE,2020,1461.9,1273.85,329.41
ec-earth3,BE,2021,1838.11,1364.26,237.58
ec-earth3,BE,2022,1561.73,1343.48,385.29
ec-earth3,BE,2023,1499.74,1289.37,317.17
ec-earth3,BE,2024,1465.56,1161.99,298.16
ec-earth3,BG,1990,1703.44,1647.71,604.21
ec-earth3,BG,1991,2106.35,1676.04,551.83
ec-earth3,BG,1992,1931.88,1824.53,611.82
ec-earth3,BG,1993,2015.57,1819.96,635.61
ec-earth3,BG,1994,1675.99,1550.75,650.13
ec-earth3,BG,1995,1956.11,1612.81,579.67
ec-earth3,BG,1996,2099.45,2085.09,644.48
ec-earth3,BG,1997,2068.63,1611.37,528.41
ec-earth3,BG,1998,1895.45,1699.61,694.15
ec-earth3,BG,1999,1714.62,1769.62,673.12
ec-earth3,BG,2000,1745.74,1704.5,732.37
ec-earth3,BG,2001,1828.95,1311.27,687.54
ec-earth3,BG,2002,1703.16,1693.2,634.58
ec-earth3,BG,2003,2071.46,1842.66,738.2
ec-earth3,BG,2004,1784.03,1711.72,553.08
ec-earth3,BG,2005,1903.53,1617.62,538.64
ec-earth3,BG,2006,1891.73,1790.67,614.39
ec-earth3,BG,2007,1625.46,1320.48,799.89
ec-earth3,BG,2008,1687.24,1690.84,702.59
ec-earth3,BG,2009,1692.24,1565.05,662.6
ec-earth3,BG,2010,1716.13,1542.16,688.44
ec-earth3,BG,2011,1976.46,1589.03,649.96
ec-earth3,BG,2012,1927.6,1927.7,847.93
ec-earth3,BG,2013,1650.22,1510.36,678.79
ec-earth3,BG,2014,1524.94,1353.44,610.32
ec-earth3,BG,2015,1589.15,1530.29,699.73
ec-earth3,BG,2016,1632.52,1290.07,727.73
ec-earth3,BG,2017,1736.75,1699.93,742.1
ec-earth3,BG,2018,1625.73,1464.69,668.7
ec-earth3,BG,2019,1437.43,1484.06,727.5
ec-earth3,BG,2020,1490.46,1214.27,681.13
ec-earth3,BG,2021,1653.88,1369.66,759.36
ec-earth3,BG,2022,1553.59,1512.65,767.97
ec-earth3,BG,2023,1344.87,1150.41,791.29
ec-earth3,BG,2024,1267.79,1077.37,959.43
ec-earth3,CH,1990,2155.75,1694.71,260.24
ec-earth3,CH,1991,2505.75,1937.09,293.88
ec-earth3,CH,1992,2270.93,2024.55,294.89
ec-earth3,CH,1993,2304.35,1891.68,227.31
ec-earth3,CH,1994,1993.04,1793.07,350.73
ec-earth3,CH,1995,2308.18,1743.62,268.96
ec-earth3,CH,1996,2511.75,2003.32,207.24
ec-earth3,CH,1997,2187.42,1840.78,230.21
ec-earth3,CH,1998,2293.5,1805.13,277.72
ec-earth3,CH,1999,2284.28,2016.53,227
ec-earth3,CH,2000,2038.61,1921.99,249.27
ec-earth3,CH,2001,2244.92,1641.05,265.88
ec-earth3,CH,2002,2025.97,1794.17,257.04
ec-earth3,CH,2003,2334.72,1834.92,492.23
ec-earth3,CH,2004,2324.55,1994.23,246.06
ec-earth3,CH,2005,2434.31,2002.83,248.49
ec-earth3,CH,2006,2252.03,2140.82,306.7
ec-earth3,CH,2007,2073.18,1513.23,219.91
ec-earth3,CH,2008,2227.57,1902.08,253.06
ec-earth3,CH,2009,2258.58,2076.59,288.16
ec-earth3,CH,2010,2533.39,2002.91,274.82
ec-earth3,CH,2011,1989.72,1912.99,246.8
ec-earth3,CH,2012,2267.11,1867.63,287.04
ec-earth3,CH,2013,2445.15,2017.27,308.26
ec-earth3,CH,2014,1873.41,1686.53,206.67
ec-earth3,CH,2015,2061.31,1704.68,401.68
ec-earth3,CH,2016,2183.15,1661.74,284.91
ec-earth3,CH,2017,2207.98,1847.94,354.14
ec-earth3,CH,2018,2010.53,1910.02,380.51
ec-earth3,CH,2019,2077.74,1705.64,371.98
ec-earth3,CH,2020,1948.18,1577.33,312
ec-earth3,CH,2021,2269.5,1781.89,240.77
ec-earth3,CH,2022,1869,1772.34,415.56
ec-earth3,CH,2023,1908.78,1546.59,386.94
ec-earth3,CH,2024,1875.76,1469.09,354.22
ec-earth3,CY,1990,592.61,553.39,737.34
ec-earth3,CY,1991,564.32,450.82,710.33
ec-earth3,CY,1992,892.85,790.56,678.66
ec-earth3,CY,1993,680.73,724.24,768.86
ec-earth3,CY,1994,524.78,419.14,781.11
ec-earth3,CY,1995,599.28,518.88,796.88
ec-earth3,CY,1996,506.11,563.19,816.44
ec-earth3,CY,1997,602.42,494.75,748.97
ec-earth3,CY,1998,502.35,488.66,869.26
ec-earth3,CY,1999,418.37,372.57,828.99
ec-earth3,CY,2000,582.4,537.58,892.84
ec-earth3,CY,2001,422.05,371.54,845.38
ec-earth3,CY,2002,509.79,464.51,854.38
ec-earth3,CY,2003,567.58,522.26,826.1
ec-earth3,CY,2004,545.58,480.06,799.98
ec-earth3,CY,2005,517.8,495.97,782.6
ec-earth3,CY,2006,543.75,477.3,827.57
ec-earth3,CY,2007,472.77,492.02,954.9
ec-earth3,CY,2008,451.28,440.72,987.2
ec-earth3,CY,2009,376.32,372.56,949.35
ec-earth3,CY,2010,273.31,272.69,940.42
ec-earth3,CY,2011,427.69,304.18,906.79
ec-earth3,CY,2012,464.66,503.53,1034.6
ec-earth3,CY,2013,377.59,301.51,938.86
ec-earth3,CY,2014,158.64,224.39,892.06
ec-earth3,CY,2015,310,263.92,888.56
ec-earth3,CY,2016,358.12,281.33,928.25
ec-earth3,CY,2017,308.83,398.8,956.92
ec-earth3,CY,2018,174.07,147.63,918.49
ec-earth3,CY,2019,268.06,260.49,936.28
ec-earth3,CY,2020,241.02,256.7,909.44
ec-earth3,CY,2021,190.2,147.95,1028.11
ec-earth3,CY,2022,282.63,299.99,1009.26
ec-earth3,CY,2023,145.11,137.88,1020.72
ec-earth3,CY,2024,93.67,62.24,1089.17
ec-earth3,CZ,1990,2110.17,1742.1,299.38
ec-earth3,CZ,1991,2572.56,1993.96,296.72
ec-earth3,CZ,1992,2278.67,2008.24,437.44
ec-earth3,CZ,1993,2423.44,2125.74,262.24
ec-earth3,CZ,1994,2126.16,1879.39,429.15
ec-earth3,CZ,1995,2380.36,1860.64,342.35
ec-earth3,CZ,1996,2801.82,2433.35,244
ec-earth3,CZ,1997,2491.66,2069.97,291.68
ec-earth3,CZ,1998,2243.82,1886.05,307.22
ec-earth3,CZ,1999,2225.77,2051.17,293.44
ec-earth3,CZ,2000,1991.76,1939.83,318.67
ec-earth3,CZ,2001,2364.9,1765.6,303.39
ec-earth3,CZ,2002,2175.25,1884.45,363.49
ec-earth3,CZ,2003,2443.21,2158.34,456.3
ec-earth3,CZ,2004,2346.15,2081.13,299.73
ec-earth3,CZ,2005,2438.12,2041.68,278.43
ec-earth3,CZ,2006,2374.32,2303.87,370.77
ec-earth3,CZ,2007,2013.76,1459.46,368.04
ec-earth3,CZ,2008,2055.26,1892.34,334.06
ec-earth3,CZ,2009,2247.29,1957.37,322.58
ec-earth3,CZ,2010,2596.9,2093.69,361.72
ec-earth3,CZ,2011,2180.41,2102.87,300.87
ec-earth3,CZ,2012,2317.65,1963.78,370.65
ec-earth3,CZ,2013,2354.66,2114.03,379.87
ec-earth3,CZ,2014,1805.58,1615.08,321.24
ec-earth3,CZ,2015,1946.83,1624.29,496.15
ec-earth3,CZ,2016,2154.32,1640.73,344.95
ec-earth3,CZ,2017,2164.09,1965.23,412.66
ec-earth3,CZ,2018,2031.94,1891.93,484.39
ec-earth3,CZ,2019,1917.95,1684.5,476.77
ec-earth3,CZ,2020,1954.87,1556.02,345.8
ec-earth3,CZ,2021,2331.6,1848.19,349.74
ec-earth3,CZ,2022,1996.79,1741.41,429.61
ec-earth3,CZ,2023,1886.8,1622.46,412.33
ec-earth3,CZ,2024,1759.59,1450.28,466.45
ec-earth3,DE,1990,1857.78,1501.75,257.02
ec-earth3,DE,1991,2296.01,1784.44,280.54
ec-earth3,DE,1992,2049.66,1796.4,329.08
ec-earth3,DE,1993,2164.08,1831.58,194.71
ec-earth3,DE,1994,1878.54,1783.92,370.23
ec-earth3,DE,1995,2155.63,1602.55,331.48
ec-earth3,DE,1996,2587.96,2159.5,219.49
ec-earth3,DE,1997,2163.71,1851.76,291.66
ec-earth3,DE,1998,1988.67,1656.75,223.75
ec-earth3,DE,1999,1956.81,1797.88,268.57
ec-earth3,DE,2000,1752.73,1672.72,235.67
ec-earth3,DE,2001,2061.28,1571.44,293.8
ec-earth3,DE,2002,1893.8,1605.9,288.16
ec-earth3,DE,2003,2154.03,1838.75,440.66
ec-earth3,DE,2004,2092.02,1800.47,252.67
ec-earth3,DE,2005,2105.82,1811.87,248.16
ec-earth3,DE,2006,2054.49,1979.94,347.48
ec-earth3,DE,2007,1781.2,1270.71,245.63
ec-earth3,DE,2008,1959.26,1673.79,275.5
ec-earth3,DE,2009,2077.12,1895.27,284.05
ec-earth3,DE,2010,2510.89,1918.85,317.31
ec-earth3,DE,2011,1895.03,1923.68,234.75
ec-earth3,DE,2012,2092.49,1705.13,271.42
ec-earth3,DE,2013,2237.29,1962.81,322.74
ec-earth3,DE,2014,1653.9,1455.33,264.3
ec-earth3,DE,2015,1823.98,1564.79,374.94
ec-earth3,DE,2016,2015.99,1484.12,293.76
ec-earth3,DE,2017,1940.59,1732.2,306.93
ec-earth3,DE,2018,1883.47,1714.1,425
ec-earth3,DE,2019,1834.09,1519.07,407
ec-earth3,DE,2020,1709.39,1431.57,347.76
ec-earth3,DE,2021,2088.66,1613.44,278.9
ec-earth3,DE,2022,1757.7,1539.44,422.02
ec-earth3,DE,2023,1702.15,1439.52,350
ec-earth3,DE,2024,1623.15,1327.7,350.3
ec-earth3,DK,1990,1790.73,1454.13,95.84
ec-earth3,DK,1991,2207.82,1770.16,111.05
ec-earth3,DK,1992,2081.39,1641.89,147.43
ec-earth3,DK,1993,2273.25,1831.78,24.98
ec-earth3,DK,1994,2103.54,1956.63,185.63
ec-earth3,DK,1995,2337.54,1697.69,174.78
ec-earth3,DK,1996,2698.48,2266.8,104.81
ec-earth3,DK,1997,2333.6,1893.5,206.77
ec-earth3,DK,1998,2166.5,1734.6,29.34
ec-earth3,DK,1999,2114.05,1945.48,100.14
ec-earth3,DK,2000,1818.69,1675,52.07
ec-earth3,DK,2001,2223.8,1702.54,121.54
ec-earth3,DK,2002,2086.55,1605.59,187.52
ec-earth3,DK,2003,2211.51,2066.81,163.38
ec-earth3,DK,2004,2067.79,1824.13,97.81
ec-earth3,DK,2005,2062.16,1755.06,88.62
ec-earth3,DK,2006,2031.34,1898.66,192.82
ec-earth3,DK,2007,1780.75,1250.74,102.37
ec-earth3,DK,2008,1874.49,1585.97,120.89
ec-earth3,DK,2009,2069.3,1733.74,143.02
ec-earth3,DK,2010,2687.78,2043.54,148
ec-earth3,DK,2011,2084.27,2152.19,88.09
ec-earth3,DK,2012,2280.73,1676.63,86.81
ec-earth3,DK,2013,2306.42,2086.53,131.92
ec-earth3,DK,2014,1793.18,1499,161.03
ec-earth3,DK,2015,1940.96,1529.86,104.13
ec-earth3,DK,2016,2148.61,1607.13,106.6
ec-earth3,DK,2017,2036.02,1742.51,65.15
ec-earth3,DK,2018,2113.99,1824.5,230.77
ec-earth3,DK,2019,1935.33,1560.96,153.38
ec-earth3,DK,2020,1798.05,1472.35,149.32
ec-earth3,DK,2021,2215.29,1682.06,134.71
ec-earth3,DK,2022,1921.39,1570.02,159.85
ec-earth3,DK,2023,2030.75,1553.54,110.35
ec-earth3,DK,2024,1857.68,1695.06,117.02
ec-earth3,EE,1990,2455.44,2029.44,63.87
ec-earth3,EE,1991,2656.53,2229.28,96.85
ec-earth3,EE,1992,2670.57,1931.54,128.8
ec-earth3,EE,1993,3002.95,2276.95,38.39
ec-earth3,EE,1994,3063.73,2791.59,146.9
ec-earth3,EE,1995,2767.95,2161.09,114.85
ec-earth3,EE,1996,3256.69,2790.81,101.61
ec-earth3,EE,1997,2956.79,2186.99,196.79
ec-earth3,EE,1998,2957.01,2397.4,39.64
ec-earth3,EE,1999,2732.11,2544.4,171.97
ec-earth3,EE,2000,2412.02,2117.09,65.32
ec-earth3,EE,2001,2882.03,2082.47,165.25
ec-earth3,EE,2002,2916.09,2216.72,201.28
ec-earth3,EE,2003,2978.88,2901.22,149.38
ec-earth3,EE,2004,2814.87,2355.27,92.73
ec-earth3,EE,2005,2843.29,2394.49,119.89
ec-earth3,EE,2006,2734.05,2541.74,188.86
ec-earth3,EE,2007,2586.95,1964.54,141.83
ec-earth3,EE,2008,2314.86,1943.03,68.13
ec-earth3,EE,2009,2817.81,2107.01,89.35
ec-earth3,EE,2010,3397.49,2805.11,257.72
ec-earth3,EE,2011,2639.76,2759.32,201.13
ec-earth3,EE,2012,3043.7,2224.32,83.55
ec-earth3,EE,2013,2719.86,2611.07,154.76
ec-earth3,EE,2014,2658.47,1981.89,181.1
ec-earth3,EE,2015,2270.3,2002.04,90.56
ec-earth3,EE,2016,2735.89,2114.16,104.08
ec-earth3,EE,2017,2652.78,2230.78,73.04
ec-earth3,EE,2018,2692.4,2334.31,228.99
ec-earth3,EE,2019,2414.68,2111.93,140.76
ec-earth3,EE,2020,2090.59,1698.21,120.03
ec-earth3,EE,2021,2811.84,2102.38,246.86
ec-earth3,EE,2022,2589.94,2125.33,225.55
ec-earth3,EE,2023,2625.63,2091.02,147.03
ec-earth3,EE,2024,2379.86,2357.59,175.27
ec-earth3,EL,1990,781.44,793.78,835.07
ec-earth3,EL,1991,1018.64,783.85,799.69
ec-earth3,EL,1992,998.68,1008.72,805.69
ec-earth3,EL,1993,961.31,947.59,866.44
ec-earth3,EL,1994,749.99,661.27,894.57
ec-earth3,EL,1995,846.73,746.93,872.84
ec-earth3,EL,1996,923.22,921.63,854.61
ec-earth3,EL,1997,885.77,706.98,835.07
ec-earth3,EL,1998,891.5,789.5,1009.52
ec-earth3,EL,1999,791.44,830.58,983.96
ec-earth3,EL,2000,898.2,873.91,957.69
ec-earth3,EL,2001,839.23,568.08,983.9
ec-earth3,EL,2002,809.47,905.16,929.48
ec-earth3,EL,2003,975.25,884.5,1019.4
ec-earth3,EL,2004,903.77,839.13,859.91
ec-earth3,EL,2005,942.45,834.3,819.52
ec-earth3,EL,2006,995.02,913.01,858.97
ec-earth3,EL,2007,817.34,749.3,964.84
ec-earth3,EL,2008,811.1,837.65,920.83
ec-earth3,EL,2009,765.4,746.15,859.3
ec-earth3,EL,2010,711.94,644.32,917.48
ec-earth3,EL,2011,957.59,735.8,851.27
ec-earth3,EL,2012,958.83,1024.22,1011.09
ec-earth3,EL,2013,747.24,663.35,868.63
ec-earth3,EL,2014,645.91,635.45,829.48
ec-earth3,EL,2015,897.37,773.54,839.45
ec-earth3,EL,2016,797.6,676.63,914.97
ec-earth3,EL,2017,890.46,897.52,905.58
ec-earth3,EL,2018,715.83,663.92,858.76
ec-earth3,EL,2019,770.88,803.02,923.22
ec-earth3,EL,2020,773.77,675.84,837.29
ec-earth3,EL,2021,791.04,653.58,960.75
ec-earth3,EL,2022,861.04,869.7,924.21
ec-earth3,EL,2023,703.16,613.85,933.26
ec-earth3,EL,2024,605,539.21,1097.9
ec-earth3,ES,1990,861.12,572.5,764.73
ec-earth3,ES,1991,1018.97,909.39,759.42
ec-earth3,ES,1992,943.12,918.73,628.08
ec-earth3,ES,1993,988.04,821.13,670.97
ec-earth3,ES,1994,824.23,813,807.49
ec-earth3,ES,1995,736.56,686.92,728.92
ec-earth3,ES,1996,845.53,697.26,687.55
ec-earth3,ES,1997,701.38,676.18,637.67
ec-earth3,ES,1998,829.1,642.46,756.09
ec-earth3,ES,1999,924.77,852.07,755.95
ec-earth3,ES,2000,843.57,842.19,718.86
ec-earth3,ES,2001,856,652.57,758.09
ec-earth3,ES,2002,732.47,803.65,683.93
ec-earth3,ES,2003,839.99,713.02,900.96
ec-earth3,ES,2004,903.07,770.49,782.18
ec-earth3,ES,2005,1030.18,926.15,808.8
ec-earth3,ES,2006,839.44,889.35,792.89
ec-earth3,ES,2007,860.01,697.55,685.32
ec-earth3,ES,2008,870.94,759.93,713.19
ec-earth3,ES,2009,872.32,899.47,823.24
ec-earth3,ES,2010,984.82,815.56,776.48
ec-earth3,ES,2011,761.12,832.72,732.24
ec-earth3,ES,2012,937.45,808.7,817.15
ec-earth3,ES,2013,931.7,780.32,741.97
ec-earth3,ES,2014,737.92,759.14,707.39
ec-earth3,ES,2015,785.54,776.81,855.41
ec-earth3,ES,2016,777.72,644.8,815.11
ec-earth3,ES,2017,832.75,716.34,856.07
ec-earth3,ES,2018,856.94,838.43,777.25
ec-earth3,ES,2019,782.66,710.15,798.85
ec-earth3,ES,2020,704.71,639.15,808.18
ec-earth3,ES,2021,792.92,717,778.81
ec-earth3,ES,2022,686.21,704.46,938.06
ec-earth3,ES,2023,742.64,642.22,894.48
ec-earth3,ES,2024,638.8,579.58,856.88
ec-earth3,FI,1990,2862.29,2395.27,64.88
ec-earth3,FI,1991,3042.88,2579.5,85.72
ec-earth3,FI,1992,3027.4,2156.8,80.59
ec-earth3,FI,1993,3275.32,2519.86,35.27
ec-earth3,FI,1994,3412.38,3017.67,133.55
ec-earth3,FI,1995,3124.71,2309.05,99.12
ec-earth3,FI,1996,3473.55,2993.64,80.76
ec-earth3,FI,1997,3280.16,2480.2,181.45
ec-earth3,FI,1998,3324.04,2705.53,37.18
ec-earth3,FI,1999,3161.72,2788.21,137.74
ec-earth3,FI,2000,2663.83,2374.69,60.58
ec-earth3,FI,2001,3246.96,2318.1,120.43
ec-earth3,FI,2002,3328.71,2505.24,167.86
ec-earth3,FI,2003,3275.34,3178.34,154.72
ec-earth3,FI,2004,3085.23,2572.73,68.28
ec-earth3,FI,2005,2964.22,2538.51,112.73
ec-earth3,FI,2006,3041.36,2700.49,179.48
ec-earth3,FI,2007,2860.24,2284.05,114.35
ec-earth3,FI,2008,2628.31,2119.17,51.71
ec-earth3,FI,2009,3167.89,2330.32,88.75
ec-earth3,FI,2010,3755.65,3042.07,211.27
ec-earth3,FI,2011,2846.61,3092.87,173.45
ec-earth3,FI,2012,3250.53,2311.67,67.09
ec-earth3,FI,2013,2902.8,2738.47,123.88
ec-earth3,FI,2014,2795.46,2142.61,181.22
ec-earth3,FI,2015,2449.61,2145.18,66.18
ec-earth3,FI,2016,2978.93,2295.26,77.88
ec-earth3,FI,2017,2881.17,2385.1,52.26
ec-earth3,FI,2018,2983.95,2546.29,211.46
ec-earth3,FI,2019,2845.27,2344.23,117.25
ec-earth3,FI,2020,2310.43,2007.55,121.45
ec-earth3,FI,2021,3151.51,2294.44,206.64
ec-earth3,FI,2022,2851.62,2403.04,175.37
ec-earth3,FI,2023,3020.42,2294.1,126.18
ec-earth3,FI,2024,2850.01,2789.08,148.14
ec-earth3,FR,1990,1477.96,1169.37,429.63
ec-earth3,FR,1991,1822.14,1447.56,402.18
ec-earth3,FR,1992,1630.1,1513.27,383.91
ec-earth3,FR,1993,1669.33,1365.93,335.94
ec-earth3,FR,1994,1385.41,1352.71,471.01
ec-earth3,FR,1995,1560.24,1159.49,455.99
ec-earth3,FR,1996,1808.59,1456.53,362.51
ec-earth3,FR,1997,1519.75,1389.38,410.37
ec-earth3,FR,1998,1614.18,1269.67,377.01
ec-earth3,FR,1999,1527.51,1399.83,402.41
ec-earth3,FR,2000,1411.62,1371.43,366.33
ec-earth3,FR,2001,1585.25,1148.54,415.15
ec-earth3,FR,2002,1334.25,1293.78,357.27
ec-earth3,FR,2003,1609.06,1279.71,625.49
ec-earth3,FR,2004,1650.84,1406.89,403.24
ec-earth3,FR,2005,1715.65,1460.17,429.83
ec-earth3,FR,2006,1583.14,1555.1,478.8
ec-earth3,FR,2007,1420.47,1084.14,318.75
ec-earth3,FR,2008,1566.08,1356.93,359.7
ec-earth3,FR,2009,1588.98,1537.7,444.69
ec-earth3,FR,2010,1912.65,1469.24,419.72
ec-earth3,FR,2011,1318.95,1455.02,345.83
ec-earth3,FR,2012,1594.33,1270.11,398.75
ec-earth3,FR,2013,1759.31,1463.01,431.9
ec-earth3,FR,2014,1254.88,1174.51,357.43
ec-earth3,FR,2015,1383.29,1255.11,505.09
ec-earth3,FR,2016,1541.09,1118.67,428.93
ec-earth3,FR,2017,1513.15,1327.61,487.75
ec-earth3,FR,2018,1434.87,1356.08,531.01
ec-earth3,FR,2019,1418.79,1206.28,531.04
ec-earth3,FR,2020,1241.38,1085.77,481.13
ec-earth3,FR,2021,1576.28,1217.33,389.45
ec-earth3,FR,2022,1322.62,1258.33,610.08
ec-earth3,FR,2023,1291.02,1126.96,512.74
ec-earth3,FR,2024,1272.14,1027.4,471.85
ec-earth3,HR,1990,1457.06,1323.35,589.73
ec-earth3,HR,1991,1838.88,1508.11,644.39
ec-earth3,HR,1992,1514.51,1557.53,730.08
ec-earth3,HR,1993,1718.92,1523.06,663.12
ec-earth3,HR,1994,1361.04,1331.45,773.96
ec-earth3,HR,1995,1607.91,1363.98,616.26
ec-earth3,HR,1996,1843.31,1737.98,584.54
ec-earth3,HR,1997,1669.89,1435.62,601.57
ec-earth3,HR,1998,1641.75,1382.51,721.17
ec-earth3,HR,1999,1604.25,1626.92,652.53
ec-earth3,HR,2000,1348.08,1533.49,751.62
ec-earth3,HR,2001,1543.73,1047.91,694.14
ec-earth3,HR,2002,1354.94,1470.33,682.39
ec-earth3,HR,2003,1763.84,1541.49,911.54
ec-earth3,HR,2004,1656.31,1546.33,618.93
ec-earth3,HR,2005,1832.63,1610.25,583.44
ec-earth3,HR,2006,1618.37,1656.83,664.89
ec-earth3,HR,2007,1366.48,1028.64,753.7
ec-earth3,HR,2008,1389.44,1468.01,704.09
ec-earth3,HR,2009,1509.42,1422.38,700.74
ec-earth3,HR,2010,1670.56,1474.18,695.03
ec-earth3,HR,2011,1602.14,1481.55,727.36
ec-earth3,HR,2012,1585.61,1559.58,870.95
ec-earth3,HR,2013,1532.91,1435.14,746.6
ec-earth3,HR,2014,1124.99,1081.58,616.93
ec-earth3,HR,2015,1412.69,1229.73,812.52
ec-earth3,HR,2016,1458.98,1223.34,698.68
ec-earth3,HR,2017,1529.39,1498.2,853.86
ec-earth3,HR,2018,1442.31,1408.31,770.3
ec-earth3,HR,2019,1294.15,1266.78,841.19
ec-earth3,HR,2020,1369.57,1108.38,703.18
ec-earth3,HR,2021,1533.74,1291.95,824.13
ec-earth3,HR,2022,1313.1,1337.3,877.95
ec-earth3,HR,2023,1196.71,1077.09,781.26
ec-earth3,HR,2024,1111.8,921.57,963.44
ec-earth3,HU,1990,1632.99,1480.31,563.61
ec-earth3,HU,1991,2070.74,1734.14,605.46
ec-earth3,HU,1992,1788.68,1753.1,763.22
ec-earth3,HU,1993,1990.25,1842.07,587
ec-earth3,HU,1994,1633.3,1536.58,729.07
ec-earth3,HU,1995,1870.38,1589.9,631.66
ec-earth3,HU,1996,2083.42,2057.14,552.98
ec-earth3,HU,1997,1946.89,1684.24,567.03
ec-earth3,HU,1998,1807.67,1528.1,647.09
ec-earth3,HU,1999,1834.18,1835.95,586.52
ec-earth3,HU,2000,1584.39,1738.07,681.23
ec-earth3,HU,2001,1845.3,1340.61,624.62
ec-earth3,HU,2002,1710.65,1715.02,675.64
ec-earth3,HU,2003,2180.5,1985.2,777.36
ec-earth3,HU,2004,1927.51,1837.3,547.59
ec-earth3,HU,2005,2086.98,1847.38,522.62
ec-earth3,HU,2006,1937.36,1961.11,600.89
ec-earth3,HU,2007,1607.86,1261.04,740.6
ec-earth3,HU,2008,1613.43,1676.41,618.38
ec-earth3,HU,2009,1797.42,1645.56,643.06
ec-earth3,HU,2010,1961.14,1714.92,623.22
ec-earth3,HU,2011,1934.7,1794.26,624.28
ec-earth3,HU,2012,1887.52,1818.78,768.5
ec-earth3,HU,2013,1781.75,1715.66,692.92
ec-earth3,HU,2014,1407.5,1316.83,596.13
ec-earth3,HU,2015,1643.7,1436.18,766.69
ec-earth3,HU,2016,1760.38,1463.24,632.16
ec-earth3,HU,2017,1820.1,1804.21,747.98
ec-earth3,HU,2018,1695.31,1631.71,738.69
ec-earth3,HU,2019,1497.85,1476.46,774.34
ec-earth3,HU,2020,1617.26,1354.09,662.31
ec-earth3,HU,2021,1841.17,1501.27,754.68
ec-earth3,HU,2022,1620.75,1575.15,826.37
ec-earth3,HU,2023,1492.63,1318.69,713.5
ec-earth3,HU,2024,1385.14,1191.9,889.23
ec-earth3,IE,1990,1809.52,1323.06,60.07
ec-earth3,IE,1991,2003.95,1547.86,40.28
ec-earth3,IE,1992,1964.03,1430.11,17.71
ec-earth3,IE,1993,1992.83,1501.5,13.6
ec-earth3,IE,1994,1861.84,1584.2,13.65
ec-earth3,IE,1995,1872.64,1353.49,126.12
ec-earth3,IE,1996,2092.06,1499.16,29.79
ec-earth3,IE,1997,1688.45,1451.95,52
ec-earth3,IE,1998,1714.66,1221.83,19.71
ec-earth3,IE,1999,1761.87,1366.91,41.47
ec-earth3,IE,2000,1927.61,1398.95,41.48
ec-earth3,IE,2001,1935.52,1609.91,33.6
ec-earth3,IE,2002,1724.2,1262.98,23.55
ec-earth3,IE,2003,1796.85,1391.02,60.89
ec-earth3,IE,2004,1792.19,1443.81,33.55
ec-earth3,IE,2005,1744.82,1344.83,45.64
ec-earth3,IE,2006,1780.05,1441.61,71.19
ec-earth3,IE,2007,1625.65,1308.34,15.76
ec-earth3,IE,2008,1918.39,1313.27,16.8
ec-earth3,IE,2009,1919.42,1555.97,23.72
ec-earth3,IE,2010,2312.78,1696.11,15.8
ec-earth3,IE,2011,1675.95,1670.12,8.31
ec-earth3,IE,2012,1872.24,1144.72,20.01
ec-earth3,IE,2013,2011.2,1630.22,72.14
ec-earth3,IE,2014,1767.68,1399.88,36.4
ec-earth3,IE,2015,1865,1498.44,12.43
ec-earth3,IE,2016,1880.85,1316.94,34.74
ec-earth3,IE,2017,1710.28,1352.74,27.81
ec-earth3,IE,2018,1895.12,1549.05,81.89
ec-earth3,IE,2019,1822.46,1275.99,41.48
ec-earth3,IE,2020,1824.04,1481.26,28.39
ec-earth3,IE,2021,1823.3,1462.1,57.93
ec-earth3,IE,2022,1684.34,1265.18,75.95
ec-earth3,IE,2023,1596.35,1309.55,33.34
ec-earth3,IE,2024,1651.15,1306.63,28.59
ec-earth3,IT,1990,1142.85,1000.36,745.26
ec-earth3,IT,1991,1360.96,1136.8,776.86
ec-earth3,IT,1992,1188.01,1218.29,734.98
ec-earth3,IT,1993,1276.9,1140.13,769.29
ec-earth3,IT,1994,1032.63,995.11,853.92
ec-earth3,IT,1995,1215.88,1030.92,713.07
ec-earth3,IT,1996,1211.18,1132.85,716.83
ec-earth3,IT,1997,1106.37,955.39,743.1
ec-earth3,IT,1998,1212.41,1010.5,869.6
ec-earth3,IT,1999,1197.9,1190,798.68
ec-earth3,IT,2000,1052.81,1101.55,808.3
ec-earth3,IT,2001,1096.11,835.79,813.56
ec-earth3,IT,2002,973.79,1053.01,783.43
ec-earth3,IT,2003,1151.29,987.47,1051.83
ec-earth3,IT,2004,1126.05,1057.49,781.77
ec-earth3,IT,2005,1285.14,1090.32,771.54
ec-earth3,IT,2006,1110.75,1167.52,804.12
ec-earth3,IT,2007,966.89,771.8,805.36
ec-earth3,IT,2008,1047.65,1018.55,802.53
ec-earth3,IT,2009,1133.06,1054.06,836.21
ec-earth3,IT,2010,1227.79,1094.91,783.98
ec-earth3,IT,2011,1088.1,1082.33,774.54
ec-earth3,IT,2012,1194.7,1097.21,920.15
ec-earth3,IT,2013,1141.31,1090.36,795.75
ec-earth3,IT,2014,847.04,840.56,695.67
ec-earth3,IT,2015,1048.35,890.12,905.93
ec-earth3,IT,2016,1030.64,921.45,762.36
ec-earth3,IT,2017,1163.21,1023.22,921.38
ec-earth3,IT,2018,1056.29,1096.55,827.71
ec-earth3,IT,2019,1030.5,982.98,930.25
ec-earth3,IT,2020,999.08,842.61,791.83
ec-earth3,IT,2021,1140.16,986.02,863.71
ec-earth3,IT,2022,1049.93,1040.66,957.31
ec-earth3,IT,2023,969.01,858.07,850.74
ec-earth3,IT,2024,915.83,772.73,929.07
ec-earth3,LI,1990,2520.15,1779.12,125.72
ec-earth3,LI,1991,2925.9,2164.86,146.18
ec-earth3,LI,1992,2653.16,2264.76,176.6
ec-earth3,LI,1993,2739.27,2149.38,107.92
ec-earth3,LI,1994,2384.83,2080.99,190.75
ec-earth3,LI,1995,2753.07,2015.98,126.09
ec-earth3,LI,1996,2893.19,2186,88.13
ec-earth3,LI,1997,2493.92,2011.09,109.68
ec-earth3,LI,1998,2686.12,1986.97,149.48
ec-earth3,LI,1999,2671.77,2276.34,98.2
ec-earth3,LI,2000,2418.96,2222.33,139.37
ec-earth3,LI,2001,2724.43,1854.38,141.63
ec-earth3,LI,2002,2395.68,2060.24,130.48
ec-earth3,LI,2003,2637.15,2122.41,300.39
ec-earth3,LI,2004,2744.69,2189.91,127.83
ec-earth3,LI,2005,2896.06,2289.83,118.25
ec-earth3,LI,2006,2609.26,2441.71,180.05
ec-earth3,LI,2007,2479.92,1716.6,124.63
ec-earth3,LI,2008,2562.35,2152.97,140.06
ec-earth3,LI,2009,2631.2,2299.59,153
ec-earth3,LI,2010,2990.54,2280.41,156.61
ec-earth3,LI,2011,2301.57,2127.49,139.57
ec-earth3,LI,2012,2678.36,2132.84,167.66
ec-earth3,LI,2013,2816.08,2248.92,178.81
ec-earth3,LI,2014,2148.14,1849.39,100.86
ec-earth3,LI,2015,2391.74,1900.77,255.76
ec-earth3,LI,2016,2478.79,1862.29,152.45
ec-earth3,LI,2017,2589.98,1987.81,213.17
ec-earth3,LI,2018,2311.64,2192.2,212.4
ec-earth3,LI,2019,2450.06,1960.83,215.62
ec-earth3,LI,2020,2312.84,1802.16,159.62
ec-earth3,LI,2021,2676.01,2043.28,130.44
ec-earth3,LI,2022,2268.67,2053.17,226.2
ec-earth3,LI,2023,2325.18,1804.15,222.18
ec-earth3,LI,2024,2227.66,1711.26,213.95
ec-earth3,LT,1990,2150.8,1814.78,94.38
ec-earth3,LT,1991,2593.96,2107.23,164.05
ec-earth3,LT,1992,2559.17,1992.38,240.35
ec-earth3,LT,1993,2801.68,2244.47,65.25
ec-earth3,LT,1994,2741.43,2459.63,233.93
ec-earth3,LT,1995,2725.95,2130.45,192.55
ec-earth3,LT,1996,3183.65,2857.81,159.46
ec-earth3,LT,1997,2820.67,2224.12,223.98
ec-earth3,LT,1998,2703.44,2165.7,94.42
ec-earth3,LT,1999,2546.47,2445.67,252.13
ec-earth3,LT,2000,2201.96,2060.67,100.36
ec-earth3,LT,2001,2664.89,1930.38,219.57
ec-earth3,LT,2002,2582.08,2051.47,296.52
ec-earth3,LT,2003,2754.9,2643.78,190.53
ec-earth3,LT,2004,2668.22,2277.27,136.63
ec-earth3,LT,2005,2707.3,2242.24,168.8
ec-earth3,LT,2006,2629.08,2526.87,256.69
ec-earth3,LT,2007,2400.98,1744.73,197.47
ec-earth3,LT,2008,2208.19,1918.49,163.95
ec-earth3,LT,2009,2620.01,2086.47,155.26
ec-earth3,LT,2010,3076.22,2564.78,309.12
ec-earth3,LT,2011,2545.35,2577.25,223.1
ec-earth3,LT,2012,2792.66,2233.14,175.18
ec-earth3,LT,2013,2636.26,2487.68,221.97
ec-earth3,LT,2014,2455.75,1862.28,227.14
ec-earth3,LT,2015,2233.12,1940.05,223.1
ec-earth3,LT,2016,2567.71,2034.41,199.32
ec-earth3,LT,2017,2461.14,2165.92,150.36
ec-earth3,LT,2018,2538.68,2221.38,313.85
ec-earth3,LT,2019,2189.02,2021.51,260.31
ec-earth3,LT,2020,2022.18,1561.83,235.07
ec-earth3,LT,2021,2729.19,2057.98,300.67
ec-earth3,LT,2022,2428.35,1986.6,278.69
ec-earth3,LT,2023,2277.52,1918.84,259.06
ec-earth3,LT,2024,2085.93,1945.41,290.23
ec-earth3,LU,1990,1927.26,1523.62,293.06
ec-earth3,LU,1991,2301.85,1784.56,308.48
ec-earth3,LU,1992,2043.32,1809.77,301.12
ec-earth3,LU,1993,2113.97,1791.13,227.08
ec-earth3,LU,1994,1835.53,1752.38,391.91
ec-earth3,LU,1995,2051.66,1531.3,374.74
ec-earth3,LU,1996,2473.49,1975.97,248.55
ec-earth3,LU,1997,2075.7,1831.3,312.42
ec-earth3,LU,1998,2057.36,1648.93,233.15
ec-earth3,LU,1999,1981.81,1803.63,288.17
ec-earth3,LU,2000,1754.08,1712.57,264.05
ec-earth3,LU,2001,1933.76,1451.08,332.37
ec-earth3,LU,2002,1713.61,1550.44,320.86
ec-earth3,LU,2003,2030.01,1602.26,601.22
ec-earth3,LU,2004,2056.37,1757.02,348.75
ec-earth3,LU,2005,2015.92,1771.27,323.3
ec-earth3,LU,2006,1950.64,1825.79,387.23
ec-earth3,LU,2007,1713.5,1291.46,266.01
ec-earth3,LU,2008,1915.17,1636.05,298.98
ec-earth3,LU,2009,1957.75,1844.33,341.81
ec-earth3,LU,2010,2345.83,1779.37,349.33
ec-earth3,LU,2011,1737.86,1776.36,265.21
ec-earth3,LU,2012,2070.66,1621.09,260.9
ec-earth3,LU,2013,2298.81,1922.41,333.28
ec-earth3,LU,2014,1709.85,1506.92,270.86
ec-earth3,LU,2015,1909.87,1633.26,410.8
ec-earth3,LU,2016,2108.78,1514.89,295.77
ec-earth3,LU,2017,2048.97,1776.26,333.85
ec-earth3,LU,2018,1993.21,1765.37,420.87
ec-earth3,LU,2019,1984.35,1631.41,400.61
ec-earth3,LU,2020,1780.72,1514.35,371.85
ec-earth3,LU,2021,2143.75,1607.54,256.03
ec-earth3,LU,2022,1881.35,1639.19,423.56
ec-earth3,LU,2023,1826.01,1510.32,323.77
ec-earth3,LU,2024,1751.64,1423.35,338.03
ec-earth3,LV,1990,2186.05,1855.33,80.39
ec-earth3,LV,1991,2544.15,2092.51,131.33
ec-earth3,LV,1992,2559.12,1910.64,192.83
ec-earth3,LV,1993,2851.88,2237.81,54.59
ec-earth3,LV,1994,2856.81,2601.46,176.79
ec-earth3,LV,1995,2720.3,2129.75,156.71
ec-earth3,LV,1996,3186.07,2834.06,136.84
ec-earth3,LV,1997,2838.84,2175.67,231.94
ec-earth3,LV,1998,2770.93,2229.56,72.33
ec-earth3,LV,1999,2581.98,2496.93,219.12
ec-earth3,LV,2000,2243.48,2060.04,82.45
ec-earth3,LV,2001,2723.74,1963.73,200.44
ec-earth3,LV,2002,2723.97,2114.09,259.83
ec-earth3,LV,2003,2803.93,2725.33,181.47
ec-earth3,LV,2004,2735.55,2288.33,122.82
ec-earth3,LV,2005,2803.4,2341.31,150.01
ec-earth3,LV,2006,2641.1,2549.81,230.02
ec-earth3,LV,2007,2525.37,1827.29,166.43
ec-earth3,LV,2008,2240.99,1930.09,133.21
ec-earth3,LV,2009,2651.43,2082.33,136.52
ec-earth3,LV,2010,3118.25,2624.91,310.83
ec-earth3,LV,2011,2486.01,2577.8,228.49
ec-earth3,LV,2012,2773.33,2162.9,138
ec-earth3,LV,2013,2632.58,2491.4,200.28
ec-earth3,LV,2014,2475.56,1874.9,213.23
ec-earth3,LV,2015,2190.18,1936.34,158.06
ec-earth3,LV,2016,2565.28,2029.78,168.09
ec-earth3,LV,2017,2483.25,2155.67,115.35
ec-earth3,LV,2018,2531.79,2228.96,283.17
ec-earth3,LV,2019,2182.03,2002.61,202.59
ec-earth3,LV,2020,1957.03,1552.31,184.56
ec-earth3,LV,2021,2676.21,2004.36,291.74
ec-earth3,LV,2022,2432.99,2008.86,261.87
ec-earth3,LV,2023,2342.88,1976.77,199.65
ec-earth3,LV,2024,2143.26,2074.83,230.99
ec-earth3,MT,1990,430.87,322.37,944.26
ec-earth3,MT,1991,555.61,463.07,922.99
ec-earth3,MT,1992,536.13,627.29,835.17
ec-earth3,MT,1993,575.88,534.42,943.74
ec-earth3,MT,1994,401.12,383.39,986.57
ec-earth3,MT,1995,485.2,449.9,948.05
ec-earth3,MT,1996,474.77,424.04,935.44
ec-earth3,MT,1997,445.05,395.4,991.32
ec-earth3,MT,1998,530.24,442.9,1076.26
ec-earth3,MT,1999,425.01,511.09,987.48
ec-earth3,MT,2000,396.85,405.21,969.85
ec-earth3,MT,2001,388.29,247.63,863.5
ec-earth3,MT,2002,347.61,399.4,907.54
ec-earth3,MT,2003,481.21,435.04,1062.19
ec-earth3,MT,2004,431.98,430,814.39
ec-earth3,MT,2005,598.33,492.48,788.66
ec-earth3,MT,2006,421.98,498.81,835.84
ec-earth3,MT,2007,326.43,224.15,841.29
ec-earth3,MT,2008,365.7,402.71,798.71
ec-earth3,MT,2009,421.38,400.32,884.62
ec-earth3,MT,2010,362.15,331.51,812.06
ec-earth3,MT,2011,428.08,423.63,806.77
ec-earth3,MT,2012,494.47,459.03,955.19
ec-earth3,MT,2013,409.08,410.76,829
ec-earth3,MT,2014,,283.45,829.72
ec-earth3,MT,2015,370.59,,943.33
ec-earth3,MT,2016,,,800.48
ec-earth3,MT,2017,410.39,409.64,981.15
ec-earth3,MT,2018,314.62,326.29,841.25
ec-earth3,MT,2019,473.4,455.92,947.15
ec-earth3,MT,2020,344.84,345.22,849.66
ec-earth3,MT,2021,374.91,304.82,1008.67
ec-earth3,MT,2022,465.71,455.39,881.42
ec-earth3,MT,2023,481.25,385.75,739.59
ec-earth3,MT,2024,512.26,424.88,838.14
ec-earth3,NL,1990,1653.71,1283.67,184.14
ec-earth3,NL,1991,2113.83,1613.77,183.91
ec-earth3,NL,1992,1841.05,1590.93,196.93
ec-earth3,NL,1993,1972.94,1604.13,100.25
ec-earth3,NL,1994,1745.39,1678.81,260
ec-earth3,NL,1995,1932.54,1363.76,279.92
ec-earth3,NL,1996,2415.04,1988.85,159.11
ec-earth3,NL,1997,1961.59,1700.91,235.37
ec-earth3,NL,1998,1762.68,1429.58,120.49
ec-earth3,NL,1999,1717.06,1579.46,196.95
ec-earth3,NL,2000,1613.26,1439.08,143.88
ec-earth3,NL,2001,1866.19,1493.81,210.4
ec-earth3,NL,2002,1699.59,1339.46,196.56
ec-earth3,NL,2003,1936.37,1634.88,284.53
ec-earth3,NL,2004,1846.62,1582.3,186.14
ec-earth3,NL,2005,1796.31,1556.68,171.71
ec-earth3,NL,2006,1782.03,1671.23,275.88
ec-earth3,NL,2007,1536.09,1100.54,150.76
ec-earth3,NL,2008,1792.6,1458.53,172.91
ec-earth3,NL,2009,1846.51,1719.65,213.58
ec-earth3,NL,2010,2342.84,1712.09,226.37
ec-earth3,NL,2011,1655.01,1750.63,128.97
ec-earth3,NL,2012,1878.04,1475.1,174.54
ec-earth3,NL,2013,2094.47,1769.14,224.21
ec-earth3,NL,2014,1439.36,1264.77,190.92
ec-earth3,NL,2015,1638.27,1417.51,222.19
ec-earth3,NL,2016,1831.6,1275.38,199.24
ec-earth3,NL,2017,1696.72,1537.29,210.65
ec-earth3,NL,2018,1749.58,1527.17,303.95
ec-earth3,NL,2019,1663.04,1355,281.99
ec-earth3,NL,2020,1494.74,1289.42,266.48
ec-earth3,NL,2021,1852.99,1408.64,188.16
ec-earth3,NL,2022,1558.02,1293.85,293.54
ec-earth3,NL,2023,1506.89,1292.06,244.98
ec-earth3,NL,2024,1441.23,1166.31,228.96
ec-earth3,NO,1990,2595.14,2007.82,45.44
ec-earth3,NO,1991,2948.86,2331.76,62.2
ec-earth3,NO,1992,2872.33,2074.52,51.41
ec-earth3,NO,1993,3125.71,2318.14,12.51
ec-earth3,NO,1994,3176.95,2727.37,93.69
ec-earth3,NO,1995,3131.84,2253.78,77.9
ec-earth3,NO,1996,3408.78,2669.7,60.98
ec-earth3,NO,1997,2965.24,2389.38,134.2
ec-earth3,NO,1998,2964.94,2275.89,13.04
ec-earth3,NO,1999,2863.41,2419.54,47.15
ec-earth3,NO,2000,2585.95,2182.91,21.58
ec-earth3,NO,2001,3119.64,2266.44,49.4
ec-earth3,NO,2002,2979.19,2197.3,114.22
ec-earth3,NO,2003,2898.85,2638.78,87.5
ec-earth3,NO,2004,2842.14,2339.79,66.9
ec-earth3,NO,2005,2726.5,2198.1,58.42
ec-earth3,NO,2006,2721.07,2349.56,106.93
ec-earth3,NO,2007,2762.23,1964.33,62.05
ec-earth3,NO,2008,2726.22,2142.59,80.05
ec-earth3,NO,2009,2962.75,2348.78,69.4
ec-earth3,NO,2010,3702.45,2770.7,42.81
ec-earth3,NO,2011,2711.51,2829.39,43.96
ec-earth3,NO,2012,3083.73,2058.19,23.57
ec-earth3,NO,2013,3055.14,2699.1,55.18
ec-earth3,NO,2014,2558.16,2023.92,107.99
ec-earth3,NO,2015,2646.69,2036.96,45.32
ec-earth3,NO,2016,2887.99,2216.26,46.53
ec-earth3,NO,2017,2859.98,2214.23,29.49
ec-earth3,NO,2018,3061.98,2557.01,135.82
ec-earth3,NO,2019,2922.66,2230.49,72.98
ec-earth3,NO,2020,2495.55,2114.92,93.44
ec-earth3,NO,2021,3014.1,2225.88,88.34
ec-earth3,NO,2022,2736.33,2161.31,70.02
ec-earth3,NO,2023,3050.54,2242.83,65.98
ec-earth3,NO,2024,2742.8,2591.65,52.79
ec-earth3,PL,1990,1972.53,1595.13,231.25
ec-earth3,PL,1991,2502.9,1968.92,257.33
ec-earth3,PL,1992,2336.39,1977.15,414.22
ec-earth3,PL,1993,2466.64,2088.07,195.94
ec-earth3,PL,1994,2212.59,1995.53,366.07
ec-earth3,PL,1995,2465.55,1869.66,323.63
ec-earth3,PL,1996,2908.54,2623.46,225.81
ec-earth3,PL,1997,2540.16,2099.86,261.83
ec-earth3,PL,1998,2340.14,1913.91,235.68
ec-earth3,PL,1999,2240.21,2124.35,294.42
ec-earth3,PL,2000,1977.41,1926.42,248.05
ec-earth3,PL,2001,2408.82,1754.18,292.77
ec-earth3,PL,2002,2241.4,1873.38,366.42
ec-earth3,PL,2003,2513.17,2345.3,346.81
ec-earth3,PL,2004,2343.03,2075.01,251.73
ec-earth3,PL,2005,2456.22,1999.57,273.14
ec-earth3,PL,2006,2431.84,2374.4,370.99
ec-earth3,PL,2007,2086.97,1490.66,320.27
ec-earth3,PL,2008,2023.28,1857.8,309.55
ec-earth3,PL,2009,2349.9,1944.68,289.89
ec-earth3,PL,2010,2719.44,2223.06,362.1
ec-earth3,PL,2011,2268.57,2221.75,285.69
ec-earth3,PL,2012,2446.3,2046.45,326.14
ec-earth3,PL,2013,2377.29,2224.68,333.47
ec-earth3,PL,2014,2002.61,1656.62,314.65
ec-earth3,PL,2015,1979.17,1706.74,409.58
ec-earth3,PL,2016,2184.3,1720.06,316.15
ec-earth3,PL,2017,2169.3,1973.37,317.98
ec-earth3,PL,2018,2145.83,1929.6,405.6
ec-earth3,PL,2019,1899.31,1711.47,432.63
ec-earth3,PL,2020,1898.37,1503.05,331.99
ec-earth3,PL,2021,2363.44,1841.32,357.44
ec-earth3,PL,2022,2072.7,1767.64,400.83
ec-earth3,PL,2023,1934.88,1648.32,370.06
ec-earth3,PL,2024,1748.19,1527.04,416.58
ec-earth3,PT,1990,697.17,450.32,410.81
ec-earth3,PT,1991,819.55,742.7,402.62
ec-earth3,PT,1992,758.36,698.32,321.68
ec-earth3,PT,1993,778.34,613.29,350.39
ec-earth3,PT,1994,701.92,651.23,314.73
ec-earth3,PT,1995,561.77,517.43,394.15
ec-earth3,PT,1996,717.12,558.17,363.29
ec-earth3,PT,1997,499.67,524.21,284.08
ec-earth3,PT,1998,628.83,418.58,384.84
ec-earth3,PT,1999,758.05,692.83,348.61
ec-earth3,PT,2000,711.12,660.41,355
ec-earth3,PT,2001,705.93,510.84,327.61
ec-earth3,PT,2002,611.92,638.05,309.64
ec-earth3,PT,2003,688.17,562.75,419.06
ec-earth3,PT,2004,746.34,606.59,397.32
ec-earth3,PT,2005,819.98,759.56,450.5
ec-earth3,PT,2006,719.55,715.9,445.61
ec-earth3,PT,2007,731.54,574.5,292.04
ec-earth3,PT,2008,695.96,560.43,327.59
ec-earth3,PT,2009,721.11,724.23,368.53
ec-earth3,PT,2010,745.82,621.9,471.81
ec-earth3,PT,2011,604.65,634.13,388.95
ec-earth3,PT,2012,723.19,624.08,389.86
ec-earth3,PT,2013,795.72,638.85,438.74
ec-earth3,PT,2014,645.78,628.63,332.38
ec-earth3,PT,2015,671.71,688.25,416.73
ec-earth3,PT,2016,690.38,532.84,488.16
ec-earth3,PT,2017,688.94,623.6,454.46
ec-earth3,PT,2018,734.89,682.99,386.17
ec-earth3,PT,2019,664.58,586.57,334.13
ec-earth3,PT,2020,576.24,491.63,455.87
ec-earth3,PT,2021,724.53,620.57,340.23
ec-earth3,PT,2022,606.76,619.96,459.81
ec-earth3,PT,2023,679.4,547.27,481.5
ec-earth3,PT,2024,602.34,526.69,414.05
ec-earth3,RO,1990,1850.49,1690.83,555.05
ec-earth3,RO,1991,2272.12,1826.79,523.45
ec-earth3,RO,1992,2159.46,2009.37,633.2
ec-earth3,RO,1993,2313.67,2037.17,547.64
ec-earth3,RO,1994,1855.67,1728.56,620.66
ec-earth3,RO,1995,2168.12,1774.61,588.53
ec-earth3,RO,1996,2365.59,2366.45,563.09
ec-earth3,RO,1997,2289.17,1849.69,487.89
ec-earth3,RO,1998,2170.75,1845.33,616.39
ec-earth3,RO,1999,1993.84,2008.01,640.67
ec-earth3,RO,2000,1925.99,1936.02,670.89
ec-earth3,RO,2001,2065.76,1513.12,620.51
ec-earth3,RO,2002,1933.63,1838.49,632.66
ec-earth3,RO,2003,2335.54,2153.6,681.66
ec-earth3,RO,2004,2032.31,1939.64,532.12
ec-earth3,RO,2005,2173.44,1860.68,510.43
ec-earth3,RO,2006,2136.93,2053.24,574.24
ec-earth3,RO,2007,1794.78,1422.75,757.04
ec-earth3,RO,2008,1834.01,1832.05,649.36
ec-earth3,RO,2009,1886,1708.81,640.52
ec-earth3,RO,2010,2038.12,1815.4,669.92
ec-earth3,RO,2011,2195.56,1903.59,618.93
ec-earth3,RO,2012,2183.44,2102.86,821.29
ec-earth3,RO,2013,1894.4,1806.74,648.85
ec-earth3,RO,2014,1781.92,1554.25,583.66
ec-earth3,RO,2015,1797.78,1696.5,715.65
ec-earth3,RO,2016,1894.7,1525.83,669.27
ec-earth3,RO,2017,1938.62,1907.56,697.24
ec-earth3,RO,2018,1907.94,1705.99,660.83
ec-earth3,RO,2019,1640.56,1676.52,697.52
ec-earth3,RO,2020,1683.74,1387.24,661.13
ec-earth3,RO,2021,1911.12,1577.19,684.46
ec-earth3,RO,2022,1769.23,1648.09,756.4
ec-earth3,RO,2023,1559.44,1366.97,732.57
ec-earth3,RO,2024,1541.95,1289.95,887.91
ec-earth3,RS,1990,1592.85,1528.74,620.06
ec-earth3,RS,1991,2052.86,1642.89,621.68
ec-earth3,RS,1992,1800.49,1774.72,767.34
ec-earth3,RS,1993,2014.55,1838.95,707.46
ec-earth3,RS,1994,1607.09,1487.86,748.83
ec-earth3,RS,1995,1881.28,1583.97,668.4
ec-earth3,RS,1996,2040.33,2045.82,675.62
ec-earth3,RS,1997,1950,1598.7,595.74
ec-earth3,RS,1998,1867.47,1580.47,744.39
ec-earth3,RS,1999,1755.52,1787.93,679.36
ec-earth3,RS,2000,1554.74,1711.33,840.47
ec-earth3,RS,2001,1727.71,1196.18,708.55
ec-earth3,RS,2002,1551.99,1615.06,767.91
ec-earth3,RS,2003,1965.04,1786.78,883.51
ec-earth3,RS,2004,1753.64,1686.73,663.94
ec-earth3,RS,2005,1956.4,1718.3,612.24
ec-earth3,RS,2006,1788.18,1749.31,679.5
ec-earth3,RS,2007,1505.09,1185.26,867.93
ec-earth3,RS,2008,1516.6,1591.08,769.12
ec-earth3,RS,2009,1633.86,1527.51,741.34
ec-earth3,RS,2010,1681.02,1510.5,752.27
ec-earth3,RS,2011,1874.47,1635.95,760.63
ec-earth3,RS,2012,1835.59,1830.25,931.05
ec-earth3,RS,2013,1568.7,1486.67,782.99
ec-earth3,RS,2014,1351.04,1231.58,678.04
ec-earth3,RS,2015,1553.26,1394.94,880.58
ec-earth3,RS,2016,1620.18,1331.52,731.54
ec-earth3,RS,2017,1687.95,1690.96,903.85
ec-earth3,RS,2018,1521.68,1462.73,781.34
ec-earth3,RS,2019,1362.88,1416.75,861.43
ec-earth3,RS,2020,1461.09,1197.9,742.74
ec-earth3,RS,2021,1630.09,1358.64,868.16
ec-earth3,RS,2022,1437.39,1438.13,922.27
ec-earth3,RS,2023,1252.53,1090.81,828.61
ec-earth3,RS,2024,1235.02,995.99,1058.15
ec-earth3,SE,1990,2229.84,1826.17,82.53
ec-earth3,SE,1991,2610,2119.22,110.76
ec-earth3,SE,1992,2526.31,1902.28,124.01
ec-earth3,SE,1993,2715.97,2153.53,29.78
ec-earth3,SE,1994,2725.2,2414.1,189.78
ec-earth3,SE,1995,2807.7,2034.52,149.27
ec-earth3,SE,1996,3096.12,2608.74,108.57
ec-earth3,SE,1997,2745.27,2173.87,217.46
ec-earth3,SE,1998,2701.9,2140.4,28.72
ec-earth3,SE,1999,2572.27,2314.76,127.92
ec-earth3,SE,2000,2215.93,2022.29,55.49
ec-earth3,SE,2001,2710.54,1979.39,130.19
ec-earth3,SE,2002,2666.59,1986.93,206.41
ec-earth3,SE,2003,2705.93,2521.4,161.46
ec-earth3,SE,2004,2631.85,2228.23,96.51
ec-earth3,SE,2005,2550.97,2162.48,113.2
ec-earth3,SE,2006,2531.16,2331.77,207.98
ec-earth3,SE,2007,2377.07,1733.86,117.36
ec-earth3,SE,2008,2319,1903.31,116.86
ec-earth3,SE,2009,2651.23,2142.29,122.2
ec-earth3,SE,2010,3326.88,2563.2,151.01
ec-earth3,SE,2011,2411.61,2631.21,127.43
ec-earth3,SE,2012,2703.23,1936.02,74.05
ec-earth3,SE,2013,2645.68,2452.79,123.97
ec-earth3,SE,2014,2226.55,1784.95,170.54
ec-earth3,SE,2015,2193.71,1803.22,98.93
ec-earth3,SE,2016,2513.32,1969.59,113.48
ec-earth3,SE,2017,2421.09,2010.83,74
ec-earth3,SE,2018,2531.54,2203.17,256.03
ec-earth3,SE,2019,2351.29,1950.83,156.61
ec-earth3,SE,2020,1975.33,1733.99,162.82
ec-earth3,SE,2021,2583.91,1876.52,172.74
ec-earth3,SE,2022,2290.18,1939.58,176.9
ec-earth3,SE,2023,2542.26,1929.9,113.66
ec-earth3,SE,2024,2336.66,2225.22,130.14
ec-earth3,SI,1990,1964.13,1687.26,384.2
ec-earth3,SI,1991,2365.86,1920.04,445.11
ec-earth3,SI,1992,2010.21,1933.9,517.47
ec-earth3,SI,1993,2145.6,1871.6,433.55
ec-earth3,SI,1994,1812.36,1690.93,528.33
ec-earth3,SI,1995,2098.07,1757.26,393.86
ec-earth3,SI,1996,2340.76,2113.23,363.37
ec-earth3,SI,1997,2137.43,1800.53,379.36
ec-earth3,SI,1998,2082.89,1739.21,492.79
ec-earth3,SI,1999,2067.7,1969.14,412.1
ec-earth3,SI,2000,1745.57,1907.85,490.2
ec-earth3,SI,2001,1992.98,1397.64,488.67
ec-earth3,SI,2002,1767,1784.45,474.24
ec-earth3,SI,2003,2192.98,1832.44,683.49
ec-earth3,SI,2004,2152.14,1923.35,420.88
ec-earth3,SI,2005,2253.12,1928.87,391.73
ec-earth3,SI,2006,2065.38,2061.22,478.12
ec-earth3,SI,2007,1796.57,1350.14,499.5
ec-earth3,SI,2008,1863.87,1791.51,478.53
ec-earth3,SI,2009,1961.05,1810.43,481.95
ec-earth3,SI,2010,2167.45,1877.56,500.59
ec-earth3,SI,2011,2014.1,1839.28,496.63
ec-earth3,SI,2012,1989.42,1876.71,592.71
ec-earth3,SI,2013,2016.58,1845.22,560.83
ec-earth3,SI,2014,1539.16,1427.79,413.36
ec-earth3,SI,2015,1823.06,1547.64,593.24
ec-earth3,SI,2016,1897.98,1588.47,493.13
ec-earth3,SI,2017,1966.51,1792.39,612.76
ec-earth3,SI,2018,1850.76,1831.62,540.71
ec-earth3,SI,2019,1755.82,1576.01,618.25
ec-earth3,SI,2020,1819.5,1467.06,487.35
ec-earth3,SI,2021,2072.86,1701.62,572.67
ec-earth3,SI,2022,1803.09,1764.95,640.2
ec-earth3,SI,2023,1671.39,1484.04,535.3
ec-earth3,SI,2024,1526.94,1277.71,707.04
ec-earth3,SK,1990,2146.96,1816.31,355.59
ec-earth3,SK,1991,2556.25,2020.88,382.17
ec-earth3,SK,1992,2329.2,2072.89,523.81
ec-earth3,SK,1993,2444.58,2173.74,355.86
ec-earth3,SK,1994,2102.78,1817,489.21
ec-earth3,SK,1995,2361.54,1903.82,406.57
ec-earth3,SK,1996,2615.52,2371.81,330.5
ec-earth3,SK,1997,2481.32,2050.5,347
ec-earth3,SK,1998,2284.03,1876.12,419.1
ec-earth3,SK,1999,2259.63,2114.22,375.6
ec-earth3,SK,2000,2028.4,2064.35,420.25
ec-earth3,SK,2001,2335.87,1636.99,408.12
ec-earth3,SK,2002,2142.44,1997.62,459.4
ec-earth3,SK,2003,2460.96,2174.85,517.84
ec-earth3,SK,2004,2336.95,2091.24,351.61
ec-earth3,SK,2005,2481.65,2087.78,353.83
ec-earth3,SK,2006,2360.65,2283.6,428.76
ec-earth3,SK,2007,2024.76,1485.2,494.35
ec-earth3,SK,2008,1965.58,1927.25,413.86
ec-earth3,SK,2009,2199.26,1873.74,436.42
ec-earth3,SK,2010,2377.83,2002.34,436.89
ec-earth3,SK,2011,2249.86,2035.29,402.17
ec-earth3,SK,2012,2281.56,2067.87,508.94
ec-earth3,SK,2013,2200.36,2014.98,484.77
ec-earth3,SK,2014,1715.24,1514.47,400.59
ec-earth3,SK,2015,2002.22,1659.91,574.48
ec-earth3,SK,2016,2124.98,1683.26,434.17
ec-earth3,SK,2017,2209.64,2029.31,521.52
ec-earth3,SK,2018,2011.01,1916.17,523.51
ec-earth3,SK,2019,1885.46,1725.32,559.79
ec-earth3,SK,2020,1974.34,1573.64,450.37
ec-earth3,SK,2021,2259.87,1776.62,496.71
ec-earth3,SK,2022,1967.09,1795.23,555.09
ec-earth3,SK,2023,1848.05,1552.13,485.24
ec-earth3,SK,2024,1662.18,1402.66,610.24
ec-earth3,UK,1990,2099.74,1533.42,33.16
ec-earth3,UK,1991,2276.46,1711.16,26.42
ec-earth3,UK,1992,2261.98,1589.41,7.29
ec-earth3,UK,1993,2266.04,1670.33,3.34
ec-earth3,UK,1994,2176.39,1789.54,8.09
ec-earth3,UK,1995,2147.58,1537.11,100.34
ec-earth3,UK,1996,2342.37,1649.69,20.19
ec-earth3,UK,1997,1964.73,1598.76,42.67
ec-earth3,UK,1998,1997.83,1378.11,9.42
ec-earth3,UK,1999,2040.55,1560.41,28.15
ec-earth3,UK,2000,2189.48,1537.98,29.07
ec-earth3,UK,2001,2198.17,1791.22,14.22
ec-earth3,UK,2002,2060.66,1433.66,14.19
ec-earth3,UK,2003,2103.56,1628.65,41.8
ec-earth3,UK,2004,2047.79,1632.69,22.6
ec-earth3,UK,2005,1975.3,1498.66,25.33
ec-earth3,UK,2006,2035.17,1599.53,61.93
ec-earth3,UK,2007,1872.17,1478.6,10.98
ec-earth3,UK,2008,2192.24,1473.24,10.65
ec-earth3,UK,2009,2154.08,1717.86,10.11
ec-earth3,UK,2010,2556.32,1829.65,6.86
ec-earth3,UK,2011,1926.32,1865.48,3.44
ec-earth3,UK,2012,2149.09,1296.58,16.44
ec-earth3,UK,2013,2225.46,1794.92,48.85
ec-earth3,UK,2014,1995.71,1537.25,21.32
ec-earth3,UK,2015,2169.67,1632,7.08
ec-earth3,UK,2016,2098.35,1486.5,20.91
ec-earth3,UK,2017,1890.98,1482.08,11.11
ec-earth3,UK,2018,2130.18,1637.31,46.13
ec-earth3,UK,2019,2043.88,1425.71,28.42
ec-earth3,UK,2020,2060.48,1616.17,18.51
ec-earth3,UK,2021,2025.98,1591.66,43.96
ec-earth3,UK,2022,1900.21,1375.66,42.9
ec-earth3,UK,2023,1827.39,1472.61,27.71
ec-earth3,UK,2024,1897.64,1447.54,10.71
ipsl-cm6a-lr,AL,1990,1396.78,1283.42,532.21
ipsl-cm6a-lr,AL,1991,1680.99,1287.39,483.41
ipsl-cm6a-lr,AL,1992,1660.57,1579.15,549.34
ipsl-cm6a-lr,AL,1993,1627.4,1487.02,582.1
ipsl-cm6a-lr,AL,1994,1402.55,1184.72,592.16
ipsl-cm6a-lr,AL,1995,1573.89,1335.44,513.4
ipsl-cm6a-lr,AL,1996,1534.04,1424.06,551.38
ipsl-cm6a-lr,AL,1997,1486.14,1202.19,523.76
ipsl-cm6a-lr,AL,1998,1476.64,1260.06,729.07
ipsl-cm6a-lr,AL,1999,1431.08,1448.74,684.21
ipsl-cm6a-lr,AL,2000,1469.46,1397.59,692.53
ipsl-cm6a-lr,AL,2001,1397.71,1019.73,722.54
ipsl-cm6a-lr,AL,2002,1278.53,1321.9,641.28
ipsl-cm6a-lr,AL,2003,1448.75,1312.57,797.59
ipsl-cm6a-lr,AL,2004,1410.75,1273.65,618.22
ipsl-cm6a-lr,AL,2005,1537.83,1333.49,569.07
ipsl-cm6a-lr,AL,2006,1525.34,1388.71,587.57
ipsl-cm6a-lr,AL,2007,1318.55,1165.48,713.31
ipsl-cm6a-lr,AL,2008,1308.58,1272.89,689.65
ipsl-cm6a-lr,AL,2009,1314.91,1252.54,581.15
ipsl-cm6a-lr,AL,2010,1246.25,1141.95,626.98
ipsl-cm6a-lr,AL,2011,1525.15,1106.44,617.63
ipsl-cm6a-lr,AL,2012,1625.78,1627.8,784.15
ipsl-cm6a-lr,AL,2013,1398.8,1261.86,643.6
ipsl-cm6a-lr,AL,2014,1323.38,1159.2,552.31
ipsl-cm6a-lr,AL,2015,1605.59,1380.46,630.37
ipsl-cm6a-lr,AL,2016,1449.51,1244.32,625.53
ipsl-cm6a-lr,AL,2017,1599.57,1468.15,713.46
ipsl-cm6a-lr,AL,2018,1373.83,1341.57,547.32
ipsl-cm6a-lr,AL,2019,1419.87,1354.39,699.51
ipsl-cm6a-lr,AL,2020,1509.58,1224.2,599.16
ipsl-cm6a-lr,AL,2021,1457.46,1250.34,753.13
ipsl-cm6a-lr,AL,2022,1508.78,1423.79,695.96
ipsl-cm6a-lr,AL,2023,1377.99,1185.59,654.29
ipsl-cm6a-lr,AL,2024,1280.5,1057.7,849.48
ipsl-cm6a-lr,AT,1990,2204.39,1791.66,307.26
ipsl-cm6a-lr,AT,1991,2607.88,2062.06,310.67
ipsl-cm6a-lr,AT,1992,2277.23,2040.09,440
ipsl-cm6a-lr,AT,1993,2426.36,2085.64,298.79
ipsl-cm6a-lr,AT,1994,2083.54,1884.44,425.76
ipsl-cm6a-lr,AT,1995,2393.86,1880.54,322.41
ipsl-cm6a-lr,AT,1996,2715.3,2350.1,264.15
ipsl-cm6a-lr,AT,1997,2398.53,1996.19,283.53
ipsl-cm6a-lr,AT,1998,2285.68,1884.49,358.93
ipsl-cm6a-lr,AT,1999,2291.31,2079.1,289.92
ipsl-cm6a-lr,AT,2000,2054.35,2017.02,355.5
ipsl-cm6a-lr,AT,2001,2330.3,1733.61,344.73
ipsl-cm6a-lr,AT,2002,2100.1,1880.93,377.19
ipsl-cm6a-lr,AT,2003,2453.91,2058.81,516.89
ipsl-cm6a-lr,AT,2004,2381.07,2109.94,308.06
ipsl-cm6a-lr,AT,2005,2511.99,2084.33,293.21
ipsl-cm6a-lr,AT,2006,2373.83,2299.15,360.87
ipsl-cm6a-lr,AT,2007,2067.35,1515.26,387.05
ipsl-cm6a-lr,AT,2008,2123.14,1953.22,348.47
ipsl-cm6a-lr,AT,2009,2294.83,2023.7,354.3
ipsl-cm6a-lr,AT,2010,2553.29,2098.13,365.25
ipsl-cm6a-lr,AT,2011,2186.44,2073.81,344.91
ipsl-cm6a-lr,AT,2012,2301.79,1982.8,420.27
ipsl-cm6a-lr,AT,2013,2343.82,2077.81,416.59
ipsl-cm6a-lr,AT,2014,1836.45,1662.12,316.6
ipsl-cm6a-lr,AT,2015,2025.39,1703.21,500.67
ipsl-cm6a-lr,AT,2016,2146.7,1675.86,370.29
ipsl-cm6a-lr,AT,2017,2224.7,1947.6,467.17
ipsl-cm6a-lr,AT,2018,2057.31,1970.29,465.16
ipsl-cm6a-lr,AT,2019,2007.09,1711.99,506.44
ipsl-cm6a-lr,AT,2020,2023.58,1645.11,376.72
ipsl-cm6a-lr,AT,2021,2308.17,1869.68,402.02
ipsl-cm6a-lr,AT,2022,1995.55,1805.68,467.96
ipsl-cm6a-lr,AT,2023,1938.5,1631.66,436.89
ipsl-cm6a-lr,AT,2024,1805.31,1484.29,529.79
ipsl-cm6a-lr,BE,1990,1764.76,1296.8,212
ipsl-cm6a-lr,BE,1991,2148.48,1608.5,175.1
ipsl-cm6a-lr,BE,1992,1922.97,1629.95,192.52
ipsl-cm6a-lr,BE,1993,1972.76,1606.86,126.59
ipsl-cm6a-lr,BE,1994,1742.94,1645.01,268.36
ipsl-cm6a-lr,BE,1995,1908.93,1340.16,295.35
ipsl-cm6a-lr,BE,1996,2355.8,1832.4,176.4
ipsl-cm6a-lr,BE,1997,1930.9,1661.13,234.45
ipsl-cm6a-lr,BE,1998,1862.49,1444.09,141.19
ipsl-cm6a-lr,BE,1999,1695.89,1569.29,209.69
ipsl-cm6a-lr,BE,2000,1627.1,1464.08,159.8
ipsl-cm6a-lr,BE,2001,1877.86,1410.98,223.64
ipsl-cm6a-lr,BE,2002,1625.35,1353,196.94
ipsl-cm6a-lr,BE,2003,1914.79,1510.85,319.09
ipsl-cm6a-lr,BE,2004,1829.39,1560.75,205.63
ipsl-cm6a-lr,BE,2005,1783.42,1526.5,208.82
ipsl-cm6a-lr,BE,2006,1765.95,1633.96,280.22
ipsl-cm6a-lr,BE,2007,1489.95,1071.83,160.89
ipsl-cm6a-lr,BE,2008,1800.67,1420.85,163.02
ipsl-cm6a-lr,BE,2009,1851.45,1731.84,219.89
ipsl-cm6a-lr,BE,2010,2292.05,1655.54,235.03
ipsl-cm6a-lr,BE,2011,1572.38,1669.27,141.41
ipsl-cm6a-lr,BE,2012,1907.07,1436.2,185.85
ipsl-cm6a-lr,BE,2013,2136.1,1742.22,236.54
ipsl-cm6a-lr,BE,2014,1482.19,1274.08,178.4
ipsl-cm6a-lr,BE,2015,1685.36,1432.3,254.59
ipsl-cm6a-lr,BE,2016,1834.55,1248.73,216.69
ipsl-cm6a-lr,BE,2017,1727.54,1496.11,258.51
ipsl-cm6a-lr,BE,2018,1747.58,1507.91,334.97
ipsl-cm6a-lr,BE,2019,1693.09,1350.71,300.51
ipsl-cm6a-lr,BE,2020,1494.93,1260.19,291.05
ipsl-cm6a-lr,BE,2021,1870.56,1355.33,203.63
ipsl-cm6a-lr,BE,2022,1591.92,1332.29,347.09
ipsl-cm6a-lr,BE,2023,1523.42,1268.36,281.21
ipsl-cm6a-lr,BE,2024,1493.42,1145.93,259.85
ipsl-cm6a-lr,BG,1990,1924.49,1843.29,528.38
ipsl-cm6a-lr,BG,1991,2336.31,1876.2,475.55
ipsl-cm6a-lr,BG,1992,2157.36,2028.67,534.42
ipsl-cm6a-lr,BG,1993,2234.05,2017.52,560.19
ipsl-cm6a-lr,BG,1994,1891.85,1747.04,570.4
ipsl-cm6a-lr,BG,1995,2180.06,1813.69,500.38
ipsl-cm6a-lr,BG,1996,2323.62,2291.63,565.99
ipsl-cm6a-lr,BG,1997,2297.66,1815.27,453.13
ipsl-cm6a-lr,BG,1998,2114.64,1904.26,612.8
ipsl-cm6a-lr,BG,1999,1930.82,1969.28,589.25
ipsl-cm6a-lr,BG,2000,1963.4,1908.88,652.79
ipsl-cm6a-lr,BG,2001,2041.85,1503.71,606.64
ipsl-cm6a-lr,BG,2002,1921.57,1886.99,551.44
ipsl-cm6a-lr,BG,2003,2288.88,2046.4,654.03
ipsl-cm6a-lr,BG,2004,2004.42,1912.98,478.96
ipsl-cm6a-lr,BG,2005,2128.98,1816.2,465.04
ipsl-cm6a-lr,BG,2006,2112.77,1995.7,539.63
ipsl-cm6a-lr,BG,2007,1846.17,1522.72,714.62
ipsl-cm6a-lr,BG,2008,1908.95,1892.5,621.4
ipsl-cm6a-lr,BG,2009,1908.1,1765.4,582.63
ipsl-cm6a-lr,BG,2010,1929.17,1740.39,607.31
ipsl-cm6a-lr,BG,2011,2198.35,1783.15,570.56
ipsl-cm6a-lr,BG,2012,2138.37,2132.94,761.15
ipsl-cm6a-lr,BG,2013,1866.24,1707.15,599
ipsl-cm6a-lr,BG,2014,1747.22,1548.65,532.29
ipsl-cm6a-lr,BG,2015,1800.91,1737.6,618.16
ipsl-cm6a-lr,BG,2016,1854.76,1485.14,642.75
ipsl-cm6a-lr,BG,2017,1954.97,1899.86,659.99
ipsl-cm6a-lr,BG,2018,1835.1,1667.99,583.28
ipsl-cm6a-lr,BG,2019,1642.7,1679.27,642.45
ipsl-cm6a-lr,BG,2020,1706.22,1405.32,600.91
ipsl-cm6a-lr,BG,2021,1875.16,1568.35,674.66
ipsl-cm6a-lr,BG,2022,1762.06,1716.41,681.42
ipsl-cm6a-lr,BG,2023,1544.67,1341.75,705.77
ipsl-cm6a-lr,BG,2024,1476.38,1261,865.01
ipsl-cm6a-lr,CH,1990,2280.06,1785.48,261.92
ipsl-cm6a-lr,CH,1991,2626.17,2030.17,294.03
ipsl-cm6a-lr,CH,1992,2404.86,2124.18,299.01
ipsl-cm6a-lr,CH,1993,2436.79,1987.37,236.64
ipsl-cm6a-lr,CH,1994,2120.44,1888.11,355.42
ipsl-cm6a-lr,CH,1995,2436.13,1842.01,267.69
ipsl-cm6a-lr,CH,1996,2651.18,2098.56,216.63
ipsl-cm6a-lr,CH,1997,2314.77,1935.21,235.77
ipsl-cm6a-lr,CH,1998,2424.83,1897.51,286.08
ipsl-cm6a-lr,CH,1999,2404.81,2113.33,230.11
ipsl-cm6a-lr,CH,2000,2172.96,2020.48,262.35
ipsl-cm6a-lr,CH,2001,2379.4,1739.62,268.26
ipsl-cm6a-lr,CH,2002,2159.38,1886.6,270.48
ipsl-cm6a-lr,CH,2003,2466.11,1928.9,510.53
ipsl-cm6a-lr,CH,2004,2449.89,2089.53,252.63
ipsl-cm6a-lr,CH,2005,2560.28,2094.22,259.58
ipsl-cm6a-lr,CH,2006,2371.4,2235.45,314.73
ipsl-cm6a-lr,CH,2007,2202.23,1609.31,230.64
ipsl-cm6a-lr,CH,2008,2365.63,1997.76,261.17
ipsl-cm6a-lr,CH,2009,2381.1,2173.38,294.68
ipsl-cm6a-lr,CH,2010,2660.85,2096.02,279.94
ipsl-cm6a-lr,CH,2011,2113.18,2008.36,255.93
ipsl-cm6a-lr,CH,2012,2394.39,1958.37,295.56
ipsl-cm6a-lr,CH,2013,2569.7,2113.25,311.17
ipsl-cm6a-lr,CH,2014,1994.3,1777.68,219.29
ipsl-cm6a-lr,CH,2015,2192.83,1797.98,408.19
ipsl-cm6a-lr,CH,2016,2309.86,1757.07,290.49
ipsl-cm6a-lr,CH,2017,2339.47,1940.64,368.08
ipsl-cm6a-lr,CH,2018,2134.49,2006.82,391.34
ipsl-cm6a-lr,CH,2019,2208.57,1800.88,383.13
ipsl-cm6a-lr,CH,2020,2064.42,1670.24,315.51
ipsl-cm6a-lr,CH,2021,2397.25,1875.66,253.88
ipsl-cm6a-lr,CH,2022,1997.09,1866.13,427.18
ipsl-cm6a-lr,CH,2023,2034.96,1638.45,399.07
ipsl-cm6a-lr,CH,2024,2007.17,1566.47,361.95
ipsl-cm6a-lr,CY,1990,712.22,672.59,729.98
ipsl-cm6a-lr,CY,1991,690.66,555.78,701.74
ipsl-cm6a-lr,CY,1992,1035.14,928.63,672
ipsl-cm6a-lr,CY,1993,812.22,852.56,760.79
ipsl-cm6a-lr,CY,1994,650.32,532.48,771.78
ipsl-cm6a-lr,CY,1995,726.41,637.88,788.33
ipsl-cm6a-lr,CY,1996,620.72,691.3,807.33
ipsl-cm6a-lr,CY,1997,725.1,606.23,740.48
ipsl-cm6a-lr,CY,1998,618.35,606.72,860.51
ipsl-cm6a-lr,CY,1999,519.56,474.71,819.49
ipsl-cm6a-lr,CY,2000,707.44,652.69,883.9
ipsl-cm6a-lr,CY,2001,530.3,475.11,835.65
ipsl-cm6a-lr,CY,2002,622.86,574.57,845.26
ipsl-cm6a-lr,CY,2003,687.97,645.3,817.08
ipsl-cm6a-lr,CY,2004,660.85,591.74,790.4
ipsl-cm6a-lr,CY,2005,636.16,608.44,773.86
ipsl-cm6a-lr,CY,2006,665.26,592.52,818.96
ipsl-cm6a-lr,CY,2007,576.38,603.69,947.51
ipsl-cm6a-lr,CY,2008,547.02,537.46,978.84
ipsl-cm6a-lr,CY,2009,481.5,470.37,938.77
ipsl-cm6a-lr,CY,2010,358.57,364.06,932.01
ipsl-cm6a-lr,CY,2011,539.76,393.5,898.22
ipsl-cm6a-lr,CY,2012,568.17,622.38,1025.71
ipsl-cm6a-lr,CY,2013,462.28,385.42,929.78
ipsl-cm6a-lr,CY,2014,232.71,303.92,883.1
ipsl-cm6a-lr,CY,2015,398.58,348.59,878.79
ipsl-cm6a-lr,CY,2016,454.92,362.99,918.82
ipsl-cm6a-lr,CY,2017,397.89,505.71,946.88
ipsl-cm6a-lr,CY,2018,246.43,216.33,908.66
ipsl-cm6a-lr,CY,2019,360.5,352.87,926.52
ipsl-cm6a-lr,CY,2020,322.39,346.42,900.54
ipsl-cm6a-lr,CY,2021,255.96,208.15,1019.13
ipsl-cm6a-lr,CY,2022,356.93,382.48,999.64
ipsl-cm6a-lr,CY,2023,205.84,199.37,1011.22
ipsl-cm6a-lr,CY,2024,151.62,110.36,1080.47
ipsl-cm6a-lr,CZ,1990,2175.49,1787.76,293.4
ipsl-cm6a-lr,CZ,1991,2627.59,2040.35,288.48
ipsl-cm6a-lr,CZ,1992,2350.58,2056.77,434.46
ipsl-cm6a-lr,CZ,1993,2486.55,2174.57,256.18
ipsl-cm6a-lr,CZ,1994,2187,1926.62,423.37
ipsl-cm6a-lr,CZ,1995,2444.36,1911.84,334.09
ipsl-cm6a-lr,CZ,1996,2875.43,2481.77,238.29
ipsl-cm6a-lr,CZ,1997,2556.41,2120.18,286.45
ipsl-cm6a-lr,CZ,1998,2307.84,1932.98,303.93
ipsl-cm6a-lr,CZ,1999,2280.59,2099.46,285.88
ipsl-cm6a-lr,CZ,2000,2053.06,1990.73,315.8
ipsl-cm6a-lr,CZ,2001,2428.73,1810.88,293.95
ipsl-cm6a-lr,CZ,2002,2246.75,1927.82,358.66
ipsl-cm6a-lr,CZ,2003,2510.99,2206.63,455.85
ipsl-cm6a-lr,CZ,2004,2407.22,2130.65,293.13
ipsl-cm6a-lr,CZ,2005,2495.1,2089.08,273.15
ipsl-cm6a-lr,CZ,2006,2429.06,2350.96,366.76
ipsl-cm6a-lr,CZ,2007,2082.31,1503.31,365.95
ipsl-cm6a-lr,CZ,2008,2127.63,1942.08,331.15
ipsl-cm6a-lr,CZ,2009,2300.2,2005.92,314.7
ipsl-cm6a-lr,CZ,2010,2663.35,2140.24,356.83
ipsl-cm6a-lr,CZ,2011,2238.31,2152.12,298.59
ipsl-cm6a-lr,CZ,2012,2378.8,2010.52,365.72
ipsl-cm6a-lr,CZ,2013,2413.71,2162.8,372.72
ipsl-cm6a-lr,CZ,2014,1854.32,1660.99,315.51
ipsl-cm6a-lr,CZ,2015,2010.72,1670.01,490.66
ipsl-cm6a-lr,CZ,2016,2218.47,1691.21,342.51
ipsl-cm6a-lr,CZ,2017,2233.14,2015.41,410.71
ipsl-cm6a-lr,CZ,2018,2088.18,1940.31,481.35
ipsl-cm6a-lr,CZ,2019,1977.69,1729.7,478.62
ipsl-cm6a-lr,CZ,2020,2015.7,1602.24,340.28
ipsl-cm6a-lr,CZ,2021,2392.42,1894.88,349.09
ipsl-cm6a-lr,CZ,2022,2064.08,1787.76,428.92
ipsl-cm6a-lr,CZ,2023,1940.91,1667.38,410.57
ipsl-cm6a-lr,CZ,2024,1822.14,1494.17,463.72
ipsl-cm6a-lr,DE,1990,1869.17,1481.33,245.71
ipsl-cm6a-lr,DE,1991,2299.21,1765.22,263.9
ipsl-cm6a-lr,DE,1992,2065.55,1780.7,321
ipsl-cm6a-lr,DE,1993,2171.8,1813.79,186.59
ipsl-cm6a-lr,DE,1994,1887.68,1767.44,357.88
ipsl-cm6a-lr,DE,1995,2158.15,1587.07,315.75
ipsl-cm6a-lr,DE,1996,2605.1,2137.77,210.2
ipsl-cm6a-lr,DE,1997,2173.56,1837.51,281.22
ipsl-cm6a-lr,DE,1998,1999.41,1635.15,217.35
ipsl-cm6a-lr,DE,1999,1955.55,1783.04,256.53
ipsl-cm6a-lr,DE,2000,1758.63,1656.29,230
ipsl-cm6a-lr,DE,2001,2069.83,1555.33,280.32
ipsl-cm6a-lr,DE,2002,1907.48,1581.3,280.7
ipsl-cm6a-lr,DE,2003,2165.74,1823.02,435.86
ipsl-cm6a-lr,DE,2004,2098.4,1785.91,242.64
ipsl-cm6a-lr,DE,2005,2105.47,1793.29,239.84
ipsl-cm6a-lr,DE,2006,2048.85,1960.08,338.04
ipsl-cm6a-lr,DE,2007,1787.31,1242.76,239.85
ipsl-cm6a-lr,DE,2008,1972.28,1654.91,267.84
ipsl-cm6a-lr,DE,2009,2079.31,1879.22,272.68
ipsl-cm6a-lr,DE,2010,2520.18,1901.96,307.91
ipsl-cm6a-lr,DE,2011,1893.88,1904.97,228.44
ipsl-cm6a-lr,DE,2012,2101.05,1684.81,260.72
ipsl-cm6a-lr,DE,2013,2240.1,1945.45,310.62
ipsl-cm6a-lr,DE,2014,1646.5,1431.69,255.44
ipsl-cm6a-lr,DE,2015,1834.77,1542.86,363.75
ipsl-cm6a-lr,DE,2016,2022.75,1466.6,285.67
ipsl-cm6a-lr,DE,2017,1952.03,1717.87,301.01
ipsl-cm6a-lr,DE,2018,1883.28,1694.69,416.86
ipsl-cm6a-lr,DE,2019,1838.68,1500.16,402.02
ipsl-cm6a-lr,DE,2020,1711.03,1409.4,339.12
ipsl-cm6a-lr,DE,2021,2095.7,1595.16,273.71
ipsl-cm6a-lr,DE,2022,1761.85,1520.12,415.21
ipsl-cm6a-lr,DE,2023,1700.83,1413.57,343.95
ipsl-cm6a-lr,DE,2024,1622.96,1303.04,341.29
ipsl-cm6a-lr,DK,1990,1831.88,1446.31,93.24
ipsl-cm6a-lr,DK,1991,2252.16,1761.6,105.43
ipsl-cm6a-lr,DK,1992,2123.07,1634.31,147.52
ipsl-cm6a-lr,DK,1993,2321.28,1826.22,24.49
ipsl-cm6a-lr,DK,1994,2152.18,1952.43,182.15
ipsl-cm6a-lr,DK,1995,2374.35,1695.31,170.84
ipsl-cm6a-lr,DK,1996,2750.55,2253.35,100.03
ipsl-cm6a-lr,DK,1997,2377.61,1890.37,203.42
ipsl-cm6a-lr,DK,1998,2215.28,1727.28,27.7
ipsl-cm6a-lr,DK,1999,2155.59,1943.76,97.28
ipsl-cm6a-lr,DK,2000,1860.02,1669.39,49.05
ipsl-cm6a-lr,DK,2001,2264.28,1696.8,117.26
ipsl-cm6a-lr,DK,2002,2129.09,1592.63,183.63
ipsl-cm6a-lr,DK,2003,2251.64,2061.77,160.7
ipsl-cm6a-lr,DK,2004,2112.68,1819.08,93.09
ipsl-cm6a-lr,DK,2005,2097.8,1748.5,87.04
ipsl-cm6a-lr,DK,2006,2059.38,1887.08,188.99
ipsl-cm6a-lr,DK,2007,1820.21,1232.6,100.28
ipsl-cm6a-lr,DK,2008,1916.92,1580.92,117.66
ipsl-cm6a-lr,DK,2009,2108.99,1727.89,139.44
ipsl-cm6a-lr,DK,2010,2733.64,2039.37,144.15
ipsl-cm6a-lr,DK,2011,2125.26,2145.97,87.12
ipsl-cm6a-lr,DK,2012,2331.09,1670.34,82.64
ipsl-cm6a-lr,DK,2013,2350.24,2082.26,129.22
ipsl-cm6a-lr,DK,2014,1831.45,1490.91,160.67
ipsl-cm6a-lr,DK,2015,1991.29,1519.46,99.55
ipsl-cm6a-lr,DK,2016,2193.38,1603.14,105.16
ipsl-cm6a-lr,DK,2017,2077.98,1740.5,62.4
ipsl-cm6a-lr,DK,2018,2148.1,1814.75,229.51
ipsl-cm6a-lr,DK,2019,1975.94,1551.31,151.17
ipsl-cm6a-lr,DK,2020,1838.88,1465.46,147.66
ipsl-cm6a-lr,DK,2021,2257.05,1674.12,134.61
ipsl-cm6a-lr,DK,2022,1963.68,1561.4,156.85
ipsl-cm6a-lr,DK,2023,2067.74,1543.6,109.94
ipsl-cm6a-lr,DK,2024,1897.05,1685.82,113.77
ipsl-cm6a-lr,EE,1990,2511.88,2063.24,111.84
ipsl-cm6a-lr,EE,1991,2712.48,2262.42,147.98
ipsl-cm6a-lr,EE,1992,2727.79,1962.62,183.42
ipsl-cm6a-lr,EE,1993,3052.22,2309.2,73.14
ipsl-cm6a-lr,EE,1994,3115.83,2824.52,195.46
ipsl-cm6a-lr,EE,1995,2825.01,2193.81,172.72
ipsl-cm6a-lr,EE,1996,3309.37,2822.54,144.54
ipsl-cm6a-lr,EE,1997,3017.48,2218.65,259.09
ipsl-cm6a-lr,EE,1998,3012.62,2430.57,79.36
ipsl-cm6a-lr,EE,1999,2792.84,2577.59,239.06
ipsl-cm6a-lr,EE,2000,2463.66,2149.07,115.46
ipsl-cm6a-lr,EE,2001,2936.97,2113.35,228.84
ipsl-cm6a-lr,EE,2002,2978.86,2247.42,268.42
ipsl-cm6a-lr,EE,2003,3036.68,2933.63,202.16
ipsl-cm6a-lr,EE,2004,2870.23,2388.52,142.29
ipsl-cm6a-lr,EE,2005,2900.43,2426.6,177
ipsl-cm6a-lr,EE,2006,2791.02,2572.22,256.06
ipsl-cm6a-lr,EE,2007,2645.49,1994.05,201.27
ipsl-cm6a-lr,EE,2008,2374.48,1975.19,116.51
ipsl-cm6a-lr,EE,2009,2872.72,2139.79,140.59
ipsl-cm6a-lr,EE,2010,3457.84,2838.07,322.76
ipsl-cm6a-lr,EE,2011,2704.24,2791.48,269.39
ipsl-cm6a-lr,EE,2012,3099.25,2256.46,133
ipsl-cm6a-lr,EE,2013,2784.74,2642.72,222.92
ipsl-cm6a-lr,EE,2014,2711.37,2013.33,232.37
ipsl-cm6a-lr,EE,2015,2327.96,2033.69,140.06
ipsl-cm6a-lr,EE,2016,2799.16,2148.3,164.34
ipsl-cm6a-lr,EE,2017,2705.33,2263.32,117.02
ipsl-cm6a-lr,EE,2018,2751.21,2367.56,292.16
ipsl-cm6a-lr,EE,2019,2470.6,2143.14,199.05
ipsl-cm6a-lr,EE,2020,2148.95,1730.37,178.72
ipsl-cm6a-lr,EE,2021,2876.47,2132.66,317.83
ipsl-cm6a-lr,EE,2022,2652.11,2158.44,293.05
ipsl-cm6a-lr,EE,2023,2684.48,2122.04,214.41
ipsl-cm6a-lr,EE,2024,2441.17,2388.79,245.69
ipsl-cm6a-lr,EL,1990,929.55,931.99,781.02
ipsl-cm6a-lr,EL,1991,1186.38,916.23,746.73
ipsl-cm6a-lr,EL,1992,1153.7,1150.05,750.99
ipsl-cm6a-lr,EL,1993,1114.62,1080.38,810.49
ipsl-cm6a-lr,EL,1994,904.48,796.49,840.51
ipsl-cm6a-lr,EL,1995,1005.81,879.33,815.68
ipsl-cm6a-lr,EL,1996,1083.22,1069.98,798.13
ipsl-cm6a-lr,EL,1997,1051.76,844.94,780.9
ipsl-cm6a-lr,EL,1998,1039.35,931.86,950.86
ipsl-cm6a-lr,EL,1999,936.82,969.08,924.75
ipsl-cm6a-lr,EL,2000,1043.61,1005.78,901.9
ipsl-cm6a-lr,EL,2001,984.54,689.55,926.91
ipsl-cm6a-lr,EL,2002,954.37,1038.35,871.68
ipsl-cm6a-lr,EL,2003,1127.79,1021.82,960.16
ipsl-cm6a-lr,EL,2004,1051.36,973.42,802.95
ipsl-cm6a-lr,EL,2005,1095.9,962.64,764.01
ipsl-cm6a-lr,EL,2006,1157.63,1052.98,805.48
ipsl-cm6a-lr,EL,2007,971.16,890.04,908.92
ipsl-cm6a-lr,EL,2008,961.76,975.38,864.49
ipsl-cm6a-lr,EL,2009,914.43,880.28,802.66
ipsl-cm6a-lr,EL,2010,846.07,769.58,861.12
ipsl-cm6a-lr,EL,2011,1127.05,859.4,795.11
ipsl-cm6a-lr,EL,2012,1102.73,1173.3,954.19
ipsl-cm6a-lr,EL,2013,892.68,789.88,813.37
ipsl-cm6a-lr,EL,2014,798.03,766.53,773.89
ipsl-cm6a-lr,EL,2015,1045.71,912.4,786.42
ipsl-cm6a-lr,EL,2016,944.85,798.42,858.61
ipsl-cm6a-lr,EL,2017,1041.53,1031.63,849.76
ipsl-cm6a-lr,EL,2018,856.22,799.87,799.45
ipsl-cm6a-lr,EL,2019,914.86,935.32,865.04
ipsl-cm6a-lr,EL,2020,928.93,798.42,782.63
ipsl-cm6a-lr,EL,2021,939.42,783.37,908.05
ipsl-cm6a-lr,EL,2022,1009.2,1006.05,863.91
ipsl-cm6a-lr,EL,2023,837.39,736.28,877.83
ipsl-cm6a-lr,EL,2024,740.58,650.64,1038.89
ipsl-cm6a-lr,ES,1990,960.1,622.44,630.84
ipsl-cm6a-lr,ES,1991,1141.6,965.92,631.06
ipsl-cm6a-lr,ES,1992,1057.62,981.57,515.88
ipsl-cm6a-lr,ES,1993,1108.44,884.38,547.11
ipsl-cm6a-lr,ES,1994,926.66,873.07,675.13
ipsl-cm6a-lr,ES,1995,828.72,738.59,598.1
ipsl-cm6a-lr,ES,1996,956.56,748.37,558.16
ipsl-cm6a-lr,ES,1997,786.26,729.34,515.39
ipsl-cm6a-lr,ES,1998,931.64,689.67,623.98
ipsl-cm6a-lr,ES,1999,1019.39,911.57,621.32
ipsl-cm6a-lr,ES,2000,945.98,893.5,588.16
ipsl-cm6a-lr,ES,2001,948.76,706.35,625.68
ipsl-cm6a-lr,ES,2002,837.11,852.09,552.37
ipsl-cm6a-lr,ES,2003,934.7,766.23,759.43
ipsl-cm6a-lr,ES,2004,1013.87,830.35,646.84
ipsl-cm6a-lr,ES,2005,1122.92,980.84,668.94
ipsl-cm6a-lr,ES,2006,922.18,941.17,655.55
ipsl-cm6a-lr,ES,2007,963.3,747.26,557.29
ipsl-cm6a-lr,ES,2008,978.01,817.82,586.87
ipsl-cm6a-lr,ES,2009,967.01,954.61,686.44
ipsl-cm6a-lr,ES,2010,1088.1,865.32,646.16
ipsl-cm6a-lr,ES,2011,852.6,891.68,602.28
ipsl-cm6a-lr,ES,2012,1038.73,862.69,681.98
ipsl-cm6a-lr,ES,2013,1038.53,836.29,614.81
ipsl-cm6a-lr,ES,2014,825.33,809.9,577.84
ipsl-cm6a-lr,ES,2015,878.18,826.67,719.58
ipsl-cm6a-lr,ES,2016,880.96,701.88,680.48
ipsl-cm6a-lr,ES,2017,919.86,765.95,717.43
ipsl-cm6a-lr,ES,2018,958.87,894.68,645.21
ipsl-cm6a-lr,ES,2019,880.08,764.31,667.54
ipsl-cm6a-lr,ES,2020,801.3,690.89,676.56
ipsl-cm6a-lr,ES,2021,889.04,774.85,645.35
ipsl-cm6a-lr,ES,2022,774.72,761.04,798.71
ipsl-cm6a-lr,ES,2023,819.2,684.96,755.48
ipsl-cm6a-lr,ES,2024,729.7,628.64,721.96
ipsl-cm6a-lr,FI,1990,2966.13,2451.98,108.87
ipsl-cm6a-lr,FI,1991,3148.93,2636.47,126.5
ipsl-cm6a-lr,FI,1992,3131.07,2214.14,124.53
ipsl-cm6a-lr,FI,1993,3365.12,2576.9,64.07
ipsl-cm6a-lr,FI,1994,3514.38,3074.51,176.88
ipsl-cm6a-lr,FI,1995,3228.43,2365.91,147.99
ipsl-cm6a-lr,FI,1996,3573.57,3050.82,115.22
ipsl-cm6a-lr,FI,1997,3390.44,2537.52,241.54
ipsl-cm6a-lr,FI,1998,3425.52,2762.33,69.11
ipsl-cm6a-lr,FI,1999,3272.83,2845.38,192.94
ipsl-cm6a-lr,FI,2000,2768.8,2431.96,103.93
ipsl-cm6a-lr,FI,2001,3356,2376.19,174.64
ipsl-cm6a-lr,FI,2002,3441.47,2563.37,228.5
ipsl-cm6a-lr,FI,2003,3379.4,3235.42,201.42
ipsl-cm6a-lr,FI,2004,3188.25,2630,107.1
ipsl-cm6a-lr,FI,2005,3074.23,2595.56,164.82
ipsl-cm6a-lr,FI,2006,3151.96,2757.9,238.6
ipsl-cm6a-lr,FI,2007,2968.03,2342.73,164.42
ipsl-cm6a-lr,FI,2008,2729.65,2176.54,90.79
ipsl-cm6a-lr,FI,2009,3270.69,2387.37,137.28
ipsl-cm6a-lr,FI,2010,3860.83,3099.11,268.79
ipsl-cm6a-lr,FI,2011,2960.25,3150.02,232.62
ipsl-cm6a-lr,FI,2012,3356.04,2368.38,109.22
ipsl-cm6a-lr,FI,2013,3012.23,2795.87,182.17
ipsl-cm6a-lr,FI,2014,2897.4,2200.62,227.37
ipsl-cm6a-lr,FI,2015,2556.42,2202.97,102.26
ipsl-cm6a-lr,FI,2016,3088.94,2353.88,129.39
ipsl-cm6a-lr,FI,2017,2981.73,2442.36,90.72
ipsl-cm6a-lr,FI,2018,3091.39,2603.1,269.93
ipsl-cm6a-lr,FI,2019,2950.84,2401.74,168.61
ipsl-cm6a-lr,FI,2020,2422.8,2064.82,173.67
ipsl-cm6a-lr,FI,2021,3264.42,2352.17,271.4
ipsl-cm6a-lr,FI,2022,2962.54,2460.33,232.58
ipsl-cm6a-lr,FI,2023,3130.38,2351.29,181.89
ipsl-cm6a-lr,FI,2024,2961.18,2846.49,211.87
ipsl-cm6a-lr,FR,1990,1552.56,1194.2,363.36
ipsl-cm6a-lr,FR,1991,1894.14,1474.83,335.95
ipsl-cm6a-lr,FR,1992,1710.89,1547.02,320.24
ipsl-cm6a-lr,FR,1993,1746.01,1397.92,277.46
ipsl-cm6a-lr,FR,1994,1459.24,1384.66,398.58
ipsl-cm6a-lr,FR,1995,1631.77,1189.63,384.7
ipsl-cm6a-lr,FR,1996,1889.54,1479.67,302.2
ipsl-cm6a-lr,FR,1997,1589.3,1420.22,344.28
ipsl-cm6a-lr,FR,1998,1687.15,1295.52,314.45
ipsl-cm6a-lr,FR,1999,1589.92,1430.52,334.16
ipsl-cm6a-lr,FR,2000,1484.25,1401.23,307.59
ipsl-cm6a-lr,FR,2001,1656,1179.21,348.8
ipsl-cm6a-lr,FR,2002,1407.55,1315.59,295.59
ipsl-cm6a-lr,FR,2003,1674.51,1308.64,550.14
ipsl-cm6a-lr,FR,2004,1719.11,1437.9,338.21
ipsl-cm6a-lr,FR,2005,1772.01,1484.93,362.96
ipsl-cm6a-lr,FR,2006,1636.3,1577.01,406.77
ipsl-cm6a-lr,FR,2007,1488.82,1103.05,258.39
ipsl-cm6a-lr,FR,2008,1641.86,1385.77,296.67
ipsl-cm6a-lr,FR,2009,1655.33,1567.78,376.3
ipsl-cm6a-lr,FR,2010,1982.53,1497.55,351.51
ipsl-cm6a-lr,FR,2011,1379.57,1481.55,286.08
ipsl-cm6a-lr,FR,2012,1661.38,1293.87,334.31
ipsl-cm6a-lr,FR,2013,1822.22,1489.53,362.99
ipsl-cm6a-lr,FR,2014,1313.52,1194.12,294.16
ipsl-cm6a-lr,FR,2015,1456.37,1280.34,433.51
ipsl-cm6a-lr,FR,2016,1610.21,1149.63,361.48
ipsl-cm6a-lr,FR,2017,1577.22,1358.11,416.15
ipsl-cm6a-lr,FR,2018,1494.64,1381.53,456.99
ipsl-cm6a-lr,FR,2019,1483.81,1233.68,459.64
ipsl-cm6a-lr,FR,2020,1304.76,1110.83,412.17
ipsl-cm6a-lr,FR,2021,1638.76,1247.26,322.93
ipsl-cm6a-lr,FR,2022,1377,1286.75,534.27
ipsl-cm6a-lr,FR,2023,1345.08,1142.39,440.69
ipsl-cm6a-lr,FR,2024,1334.18,1052.39,400.73
ipsl-cm6a-lr,HR,1990,1537.05,1377.31,487.17
ipsl-cm6a-lr,HR,1991,1930.61,1563.4,532.03
ipsl-cm6a-lr,HR,1992,1596.51,1620.22,615.57
ipsl-cm6a-lr,HR,1993,1795.26,1580.36,554.6
ipsl-cm6a-lr,HR,1994,1443.89,1386.3,655.17
ipsl-cm6a-lr,HR,1995,1693.22,1429.14,500.77
ipsl-cm6a-lr,HR,1996,1929.87,1795.43,478.36
ipsl-cm6a-lr,HR,1997,1759.67,1491.77,489.44
ipsl-cm6a-lr,HR,1998,1718.95,1439.61,609.32
ipsl-cm6a-lr,HR,1999,1680.58,1683.66,535.27
ipsl-cm6a-lr,HR,2000,1418.48,1593.5,641.9
ipsl-cm6a-lr,HR,2001,1621.21,1097.03,579.57
ipsl-cm6a-lr,HR,2002,1432.88,1520.76,564.7
ipsl-cm6a-lr,HR,2003,1845.72,1597.62,789.59
ipsl-cm6a-lr,HR,2004,1739.2,1609.89,511.62
ipsl-cm6a-lr,HR,2005,1913.13,1662.36,476.08
ipsl-cm6a-lr,HR,2006,1697.61,1714.1,554.53
ipsl-cm6a-lr,HR,2007,1454.86,1082.78,639.84
ipsl-cm6a-lr,HR,2008,1472.52,1530.15,590.42
ipsl-cm6a-lr,HR,2009,1585.63,1480.72,589.16
ipsl-cm6a-lr,HR,2010,1758.75,1532.45,581.75
ipsl-cm6a-lr,HR,2011,1682.51,1543.49,615.06
ipsl-cm6a-lr,HR,2012,1661.53,1620.39,751.54
ipsl-cm6a-lr,HR,2013,1613.13,1494.27,633.1
ipsl-cm6a-lr,HR,2014,1198.52,1133.02,504.65
ipsl-cm6a-lr,HR,2015,1494.25,1284.93,694.69
ipsl-cm6a-lr,HR,2016,1544.76,1283.88,582.26
ipsl-cm6a-lr,HR,2017,1607.56,1559.02,736.61
ipsl-cm6a-lr,HR,2018,1509.02,1468.67,648.36
ipsl-cm6a-lr,HR,2019,1371.11,1316.72,718.9
ipsl-cm6a-lr,HR,2020,1448.71,1162.17,591.69
ipsl-cm6a-lr,HR,2021,1621.88,1349.14,706.03
ipsl-cm6a-lr,HR,2022,1385.06,1399.26,754.54
ipsl-cm6a-lr,HR,2023,1257.4,1127.97,661.64
ipsl-cm6a-lr,HR,2024,1172.32,960.95,841.62
ipsl-cm6a-lr,HU,1990,1724.47,1549.94,497.84
ipsl-cm6a-lr,HU,1991,2163.7,1807.96,532.98
ipsl-cm6a-lr,HU,1992,1886.72,1829.1,690.6
ipsl-cm6a-lr,HU,1993,2077.45,1918.88,520.35
ipsl-cm6a-lr,HU,1994,1724.76,1607.88,656.59
ipsl-cm6a-lr,HU,1995,1964.95,1670.14,557.91
ipsl-cm6a-lr,HU,1996,2176.44,2131.79,485.5
ipsl-cm6a-lr,HU,1997,2043.66,1755.73,496.23
ipsl-cm6a-lr,HU,1998,1892.73,1600.34,577.97
ipsl-cm6a-lr,HU,1999,1918.15,1907.19,512.72
ipsl-cm6a-lr,HU,2000,1664.51,1813.78,613.82
ipsl-cm6a-lr,HU,2001,1928.65,1405.53,552.61
ipsl-cm6a-lr,HU,2002,1804.21,1781.07,602.05
ipsl-cm6a-lr,HU,2003,2273.1,2060.67,705.33
ipsl-cm6a-lr,HU,2004,2020.55,1914.91,480.73
ipsl-cm6a-lr,HU,2005,2175.93,1918.56,455.68
ipsl-cm6a-lr,HU,2006,2023.46,2035.63,532
ipsl-cm6a-lr,HU,2007,1701.99,1331.09,670.95
ipsl-cm6a-lr,HU,2008,1708.93,1754.83,549.32
ipsl-cm6a-lr,HU,2009,1883.13,1718.96,573.37
ipsl-cm6a-lr,HU,2010,2057.58,1787.11,553.14
ipsl-cm6a-lr,HU,2011,2021.17,1870.34,556.2
ipsl-cm6a-lr,HU,2012,1972.53,1892.85,697.19
ipsl-cm6a-lr,HU,2013,1871.65,1790.21,624.7
ipsl-cm6a-lr,HU,2014,1486.88,1383.83,524.88
ipsl-cm6a-lr,HU,2015,1735.69,1505.93,694.87
ipsl-cm6a-lr,HU,2016,1857.16,1541.63,561.19
ipsl-cm6a-lr,HU,2017,1911.99,1881.16,677.55
ipsl-cm6a-lr,HU,2018,1772.05,1707.87,665.11
ipsl-cm6a-lr,HU,2019,1585.16,1542.75,702.32
ipsl-cm6a-lr,HU,2020,1705.48,1427.28,590.58
ipsl-cm6a-lr,HU,2021,1938.2,1573.51,682.62
ipsl-cm6a-lr,HU,2022,1708.39,1650.55,753.31
ipsl-cm6a-lr,HU,2023,1567.28,1385.58,640.73
ipsl-cm6a-lr,HU,2024,1464.3,1253.73,816.03
ipsl-cm6a-lr,IE,1990,1914.77,1377.08,58.79
ipsl-cm6a-lr,IE,1991,2105.22,1601.53,38.97
ipsl-cm6a-lr,IE,1992,2072.75,1484.85,20.83
ipsl-cm6a-lr,IE,1993,2099.29,1555,14.3
ipsl-cm6a-lr,IE,1994,1968.56,1639.29,14.43
ipsl-cm6a-lr,IE,1995,1968.7,1407.26,125.79
ipsl-cm6a-lr,IE,1996,2192.87,1546.93,30.68
ipsl-cm6a-lr,IE,1997,1789.99,1504.04,50.62
ipsl-cm6a-lr,IE,1998,1820.18,1276.41,19.64
ipsl-cm6a-lr,IE,1999,1862.54,1419.76,41.15
ipsl-cm6a-lr,IE,2000,2031.7,1451.88,42.45
ipsl-cm6a-lr,IE,2001,2036.4,1663.58,34.81
ipsl-cm6a-lr,IE,2002,1830.67,1314.74,23.34
ipsl-cm6a-lr,IE,2003,1894.98,1443.73,61.38
ipsl-cm6a-lr,IE,2004,1899.56,1497.99,35.56
ipsl-cm6a-lr,IE,2005,1841.72,1399.41,47.93
ipsl-cm6a-lr,IE,2006,1877.14,1491.81,73.6
ipsl-cm6a-lr,IE,2007,1725.27,1359.02,17.03
ipsl-cm6a-lr,IE,2008,2023.15,1363.24,17.6
ipsl-cm6a-lr,IE,2009,2020.72,1610.48,26.88
ipsl-cm6a-lr,IE,2010,2410.78,1747.77,18.89
ipsl-cm6a-lr,IE,2011,1776.7,1721.97,9.71
ipsl-cm6a-lr,IE,2012,1977.17,1195.63,20.15
ipsl-cm6a-lr,IE,2013,2106.42,1683.41,72.1
ipsl-cm6a-lr,IE,2014,1867.56,1450.39,38.36
ipsl-cm6a-lr,IE,2015,1968.68,1549.53,14.2
ipsl-cm6a-lr,IE,2016,1979.98,1369.46,36.4
ipsl-cm6a-lr,IE,2017,1819.37,1407.21,29.83
ipsl-cm6a-lr,IE,2018,1994.9,1599.39,84.75
ipsl-cm6a-lr,IE,2019,1921.05,1328.8,41.51
ipsl-cm6a-lr,IE,2020,1928.23,1534.8,29.23
ipsl-cm6a-lr,IE,2021,1917.39,1518.15,59.04
ipsl-cm6a-lr,IE,2022,1786.17,1314.12,75.68
ipsl-cm6a-lr,IE,2023,1695.2,1361.74,37.7
ipsl-cm6a-lr,IE,2024,1760.04,1359.95,29.33
ipsl-cm6a-lr,IT,1990,1245.31,1080.22,610.96
ipsl-cm6a-lr,IT,1991,1486.7,1213.82,647.47
ipsl-cm6a-lr,IT,1992,1299.18,1304.48,607.7
ipsl-cm6a-lr,IT,1993,1388.29,1221.73,636.95
ipsl-cm6a-lr,IT,1994,1141.05,1072.42,720.84
ipsl-cm6a-lr,IT,1995,1335.29,1116.89,584.83
ipsl-cm6a-lr,IT,1996,1327.5,1219.01,584.54
ipsl-cm6a-lr,IT,1997,1215.13,1034.26,608.53
ipsl-cm6a-lr,IT,1998,1319.75,1089.67,733.82
ipsl-cm6a-lr,IT,1999,1299.1,1273.01,659.66
ipsl-cm6a-lr,IT,2000,1152.21,1182.98,673.72
ipsl-cm6a-lr,IT,2001,1198.59,910.95,679.11
ipsl-cm6a-lr,IT,2002,1075.05,1126.8,645.54
ipsl-cm6a-lr,IT,2003,1253.03,1065.59,910.51
ipsl-cm6a-lr,IT,2004,1235.45,1139.89,648.27
ipsl-cm6a-lr,IT,2005,1391.12,1163.32,636.03
ipsl-cm6a-lr,IT,2006,1217.11,1250.09,673.56
ipsl-cm6a-lr,IT,2007,1071.44,848.87,672.1
ipsl-cm6a-lr,IT,2008,1155.46,1103.05,669.13
ipsl-cm6a-lr,IT,2009,1237.81,1132.82,700.84
ipsl-cm6a-lr,IT,2010,1337.5,1176.87,651.09
ipsl-cm6a-lr,IT,2011,1192.28,1164.96,640.84
ipsl-cm6a-lr,IT,2012,1295.54,1173.33,782.02
ipsl-cm6a-lr,IT,2013,1247.7,1170.78,664.43
ipsl-cm6a-lr,IT,2014,948.15,913.69,563.73
ipsl-cm6a-lr,IT,2015,1153.16,966.93,768.91
ipsl-cm6a-lr,IT,2016,1140.17,1002.04,630.81
ipsl-cm6a-lr,IT,2017,1268.85,1101.04,783.83
ipsl-cm6a-lr,IT,2018,1155.47,1182.56,691.01
ipsl-cm6a-lr,IT,2019,1138.59,1056.33,790.63
ipsl-cm6a-lr,IT,2020,1105.79,919,660.64
ipsl-cm6a-lr,IT,2021,1252.61,1067.77,727.31
ipsl-cm6a-lr,IT,2022,1150.7,1123.38,816.35
ipsl-cm6a-lr,IT,2023,1066.56,929.59,715.05
ipsl-cm6a-lr,IT,2024,1014.25,844.59,793.49
ipsl-cm6a-lr,LI,1990,2674.15,1911.51,154.19
ipsl-cm6a-lr,LI,1991,3081.95,2302.35,176.06
ipsl-cm6a-lr,LI,1992,2814.46,2403.72,210.76
ipsl-cm6a-lr,LI,1993,2894.95,2284.7,141.24
ipsl-cm6a-lr,LI,1994,2548.87,2219.03,234.29
ipsl-cm6a-lr,LI,1995,2901.72,2154.14,151.79
ipsl-cm6a-lr,LI,1996,3058.59,2324.52,123.74
ipsl-cm6a-lr,LI,1997,2654.49,2148.48,143.31
ipsl-cm6a-lr,LI,1998,2849.46,2120.82,192.9
ipsl-cm6a-lr,LI,1999,2830.03,2414.34,128.88
ipsl-cm6a-lr,LI,2000,2590.14,2361.02,180.87
ipsl-cm6a-lr,LI,2001,2876.12,1988.55,173.44
ipsl-cm6a-lr,LI,2002,2569.92,2198.33,175.57
ipsl-cm6a-lr,LI,2003,2819.82,2258.86,365.93
ipsl-cm6a-lr,LI,2004,2905.49,2326.83,162.04
ipsl-cm6a-lr,LI,2005,3062.13,2428.48,156.02
ipsl-cm6a-lr,LI,2006,2771.7,2577.37,223.63
ipsl-cm6a-lr,LI,2007,2641.08,1857.17,165.39
ipsl-cm6a-lr,LI,2008,2732.84,2290.54,180.08
ipsl-cm6a-lr,LI,2009,2788.93,2436.17,188.67
ipsl-cm6a-lr,LI,2010,3148.17,2417.71,193.83
ipsl-cm6a-lr,LI,2011,2452.07,2267.01,177.36
ipsl-cm6a-lr,LI,2012,2845,2273.24,207.92
ipsl-cm6a-lr,LI,2013,2969.65,2384.67,215.04
ipsl-cm6a-lr,LI,2014,2310.93,1987.34,137.84
ipsl-cm6a-lr,LI,2015,2565.16,2040.06,301.12
ipsl-cm6a-lr,LI,2016,2639.39,2001.09,180.91
ipsl-cm6a-lr,LI,2017,2772.66,2121.51,265.94
ipsl-cm6a-lr,LI,2018,2474.02,2331.35,261.47
ipsl-cm6a-lr,LI,2019,2630.1,2099.53,273.06
ipsl-cm6a-lr,LI,2020,2461.77,1940.45,193.36
ipsl-cm6a-lr,LI,2021,2850.54,2180.04,178.2
ipsl-cm6a-lr,LI,2022,2451.56,2189.01,281.33
ipsl-cm6a-lr,LI,2023,2499.13,1946,278.14
ipsl-cm6a-lr,LI,2024,2394.58,1853.34,261.39
ipsl-cm6a-lr,LT,1990,2149.2,1836.7,154.17
ipsl-cm6a-lr,LT,1991,2587.05,2126.53,234.53
ipsl-cm6a-lr,LT,1992,2562.39,2011.9,322.63
ipsl-cm6a-lr,LT,1993,2795.83,2266.68,112.57
ipsl-cm6a-lr,LT,1994,2733.73,2480.06,304.53
ipsl-cm6a-lr,LT,1995,2729.37,2152.52,268.16
ipsl-cm6a-lr,LT,1996,3178.6,2877.65,216.31
ipsl-cm6a-lr,LT,1997,2823.68,2244.84,300.73
ipsl-cm6a-lr,LT,1998,2704.25,2187.54,154.31
ipsl-cm6a-lr,LT,1999,2552.74,2467.91,340.04
ipsl-cm6a-lr,LT,2000,2197.16,2082.79,158.34
ipsl-cm6a-lr,LT,2001,2665.84,1947.79,298.58
ipsl-cm6a-lr,LT,2002,2596.68,2069.39,383.56
ipsl-cm6a-lr,LT,2003,2762.37,2665.87,267.77
ipsl-cm6a-lr,LT,2004,2659.24,2300.53,198.18
ipsl-cm6a-lr,LT,2005,2702.67,2262.05,238.97
ipsl-cm6a-lr,LT,2006,2632.22,2545.71,341.61
ipsl-cm6a-lr,LT,2007,2409.54,1760.59,274.13
ipsl-cm6a-lr,LT,2008,2213.92,1941.45,240.81
ipsl-cm6a-lr,LT,2009,2620.21,2106.76,225.6
ipsl-cm6a-lr,LT,2010,3091.48,2587.03,398.9
ipsl-cm6a-lr,LT,2011,2557.91,2600.06,311.21
ipsl-cm6a-lr,LT,2012,2794.63,2256.21,248.12
ipsl-cm6a-lr,LT,2013,2646.35,2507.95,306.23
ipsl-cm6a-lr,LT,2014,2452.95,1880.87,298.16
ipsl-cm6a-lr,LT,2015,2230.07,1959.91,296.71
ipsl-cm6a-lr,LT,2016,2581.26,2056.86,279.79
ipsl-cm6a-lr,LT,2017,2459.02,2188.4,219.39
ipsl-cm6a-lr,LT,2018,2550.01,2242.84,401.34
ipsl-cm6a-lr,LT,2019,2188,2040.58,341.76
ipsl-cm6a-lr,LT,2020,2023.2,1580.22,316.71
ipsl-cm6a-lr,LT,2021,2737.31,2076.19,393.99
ipsl-cm6a-lr,LT,2022,2430.36,2006.27,362.65
ipsl-cm6a-lr,LT,2023,2278.31,1936.39,342.29
ipsl-cm6a-lr,LT,2024,2100.29,1966.02,378.46
ipsl-cm6a-lr,LU,1990,1969.13,1520.78,265.17
ipsl-cm6a-lr,LU,1991,2326.37,1780.33,270.99
ipsl-cm6a-lr,LU,1992,2081.98,1808.9,271.9
ipsl-cm6a-lr,LU,1993,2150.26,1787.17,205.24
ipsl-cm6a-lr,LU,1994,1870.76,1751.27,357.4
ipsl-cm6a-lr,LU,1995,2078.53,1528.64,335.54
ipsl-cm6a-lr,LU,1996,2515.18,1965.64,226.23
ipsl-cm6a-lr,LU,1997,2106.04,1830.8,279.3
ipsl-cm6a-lr,LU,1998,2091.94,1642.32,211.32
ipsl-cm6a-lr,LU,1999,1999.24,1804.34,256.15
ipsl-cm6a-lr,LU,2000,1784.33,1710.76,244.14
ipsl-cm6a-lr,LU,2001,1968.26,1450.78,301.54
ipsl-cm6a-lr,LU,2002,1745.94,1539.41,293.82
ipsl-cm6a-lr,LU,2003,2059.86,1598.97,571.64
ipsl-cm6a-lr,LU,2004,2085.48,1753.66,320.45
ipsl-cm6a-lr,LU,2005,2030.9,1764.88,298.56
ipsl-cm6a-lr,LU,2006,1960.25,1815.71,358.41
ipsl-cm6a-lr,LU,2007,1741.14,1273.16,243.07
ipsl-cm6a-lr,LU,2008,1950.29,1628.85,272.15
ipsl-cm6a-lr,LU,2009,1983.52,1841.17,310.77
ipsl-cm6a-lr,LU,2010,2378.93,1776.12,321.63
ipsl-cm6a-lr,LU,2011,1755.58,1768.16,241.43
ipsl-cm6a-lr,LU,2012,2109,1611.17,235.04
ipsl-cm6a-lr,LU,2013,2324.23,1918.66,300.67
ipsl-cm6a-lr,LU,2014,1730.97,1493.25,245.01
ipsl-cm6a-lr,LU,2015,1947.14,1629.43,381.35
ipsl-cm6a-lr,LU,2016,2139.26,1511.09,269.54
ipsl-cm6a-lr,LU,2017,2085.27,1774.63,309.5
ipsl-cm6a-lr,LU,2018,2021.62,1761.55,392.45
ipsl-cm6a-lr,LU,2019,2015.81,1626.98,373.87
ipsl-cm6a-lr,LU,2020,1813.27,1507.87,344
ipsl-cm6a-lr,LU,2021,2170.24,1606.83,232.25
ipsl-cm6a-lr,LU,2022,1907.73,1633.72,397.78
ipsl-cm6a-lr,LU,2023,1854.83,1500.94,300.64
ipsl-cm6a-lr,LU,2024,1772.25,1418.77,308.61
ipsl-cm6a-lr,LV,1990,2184.19,1857.7,140.12
ipsl-cm6a-lr,LV,1991,2538.31,2093.63,202.12
ipsl-cm6a-lr,LV,1992,2557.09,1911.41,269.65
ipsl-cm6a-lr,LV,1993,2843.4,2239.66,103.47
ipsl-cm6a-lr,LV,1994,2847.99,2603.4,242.33
ipsl-cm6a-lr,LV,1995,2720.42,2131.62,230.92
ipsl-cm6a-lr,LV,1996,3178.69,2835.04,195.45
ipsl-cm6a-lr,LV,1997,2838.34,2176.9,312.21
ipsl-cm6a-lr,LV,1998,2769.81,2230.64,130.97
ipsl-cm6a-lr,LV,1999,2585.37,2499.09,304.71
ipsl-cm6a-lr,LV,2000,2239.25,2060.99,142.49
ipsl-cm6a-lr,LV,2001,2722.84,1963.39,282.44
ipsl-cm6a-lr,LV,2002,2730.15,2113.88,341.62
ipsl-cm6a-lr,LV,2003,2803.88,2727.05,254.19
ipsl-cm6a-lr,LV,2004,2726.23,2291.01,186.2
ipsl-cm6a-lr,LV,2005,2797.83,2341.85,221.38
ipsl-cm6a-lr,LV,2006,2640.19,2549.55,312.75
ipsl-cm6a-lr,LV,2007,2523.89,1824.94,239.8
ipsl-cm6a-lr,LV,2008,2241.26,1932.34,208.85
ipsl-cm6a-lr,LV,2009,2646.3,2083.36,205.83
ipsl-cm6a-lr,LV,2010,3125.78,2626.9,399.17
ipsl-cm6a-lr,LV,2011,2493.55,2579.96,318.12
ipsl-cm6a-lr,LV,2012,2773.64,2164.02,213.64
ipsl-cm6a-lr,LV,2013,2638.36,2492.4,285.42
ipsl-cm6a-lr,LV,2014,2471.49,1874.98,285.52
ipsl-cm6a-lr,LV,2015,2187.08,1936.35,227.85
ipsl-cm6a-lr,LV,2016,2571.88,2031.93,250.38
ipsl-cm6a-lr,LV,2017,2477.83,2157.94,180.77
ipsl-cm6a-lr,LV,2018,2535.61,2230.46,368.81
ipsl-cm6a-lr,LV,2019,2181.19,2002.95,279.41
ipsl-cm6a-lr,LV,2020,1957,1552.32,263.58
ipsl-cm6a-lr,LV,2021,2683.22,2004.4,386.41
ipsl-cm6a-lr,LV,2022,2434.53,2008.67,346.8
ipsl-cm6a-lr,LV,2023,2345.59,1976.23,283.82
ipsl-cm6a-lr,LV,2024,2149.53,2074.97,320.4
ipsl-cm6a-lr,MT,1990,488.35,362.94,876.32
ipsl-cm6a-lr,MT,1991,631.28,514.32,853.55
ipsl-cm6a-lr,MT,1992,599.76,688.82,760.08
ipsl-cm6a-lr,MT,1993,646.05,589.73,870.42
ipsl-cm6a-lr,MT,1994,465.19,434.58,915.93
ipsl-cm6a-lr,MT,1995,556.64,498.39,875.19
ipsl-cm6a-lr,MT,1996,543.53,482.19,861
ipsl-cm6a-lr,MT,1997,511.73,447.63,920.16
ipsl-cm6a-lr,MT,1998,599.51,495.64,1003.54
ipsl-cm6a-lr,MT,1999,484.64,574.69,911.76
ipsl-cm6a-lr,MT,2000,451.88,451.55,892.84
ipsl-cm6a-lr,MT,2001,453.09,291,792.39
ipsl-cm6a-lr,MT,2002,400.76,448.79,840.24
ipsl-cm6a-lr,MT,2003,535.57,483.61,989.31
ipsl-cm6a-lr,MT,2004,502.38,468.27,745.48
ipsl-cm6a-lr,MT,2005,668.68,541.08,714.58
ipsl-cm6a-lr,MT,2006,472.87,550.04,776.08
ipsl-cm6a-lr,MT,2007,388.65,265.08,772.39
ipsl-cm6a-lr,MT,2008,429.27,455.69,729.75
ipsl-cm6a-lr,MT,2009,483.13,450.21,810.89
ipsl-cm6a-lr,MT,2010,412.74,373.07,741.08
ipsl-cm6a-lr,MT,2011,488.74,472.76,735.13
ipsl-cm6a-lr,MT,2012,555.12,503.52,887.74
ipsl-cm6a-lr,MT,2013,464.02,456.15,758.22
ipsl-cm6a-lr,MT,2014,,334.6,755.21
ipsl-cm6a-lr,MT,2015,428.02,,870.51
ipsl-cm6a-lr,MT,2016,,,727.75
ipsl-cm6a-lr,MT,2017,466.57,451.44,907.98
ipsl-cm6a-lr,MT,2018,370.05,379.45,765.29
ipsl-cm6a-lr,MT,2019,538.18,503.36,880.63
ipsl-cm6a-lr,MT,2020,399.26,393.38,777.62
ipsl-cm6a-lr,MT,2021,441.9,350.29,932.9
ipsl-cm6a-lr,MT,2022,527.2,508.64,805.33
ipsl-cm6a-lr,MT,2023,547.9,428.28,666.45
ipsl-cm6a-lr,MT,2024,582.71,472.08,772.73
ipsl-cm6a-lr,NL,1990,1701.57,1268.32,160.55
ipsl-cm6a-lr,NL,1991,2160.69,1601.32,154.78
ipsl-cm6a-lr,NL,1992,1881.14,1581.9,166.94
ipsl-cm6a-lr,NL,1993,2021.77,1594.18,81.46
ipsl-cm6a-lr,NL,1994,1792.21,1670.28,226.51
ipsl-cm6a-lr,NL,1995,1970.71,1354.5,246.67
ipsl-cm6a-lr,NL,1996,2469.47,1973,135.97
ipsl-cm6a-lr,NL,1997,2004.23,1691.62,203.96
ipsl-cm6a-lr,NL,1998,1805.53,1415.65,100.88
ipsl-cm6a-lr,NL,1999,1748.36,1570.02,167.75
ipsl-cm6a-lr,NL,2000,1653.16,1428.62,123.25
ipsl-cm6a-lr,NL,2001,1901.36,1483.46,180.69
ipsl-cm6a-lr,NL,2002,1740.47,1316.33,169.43
ipsl-cm6a-lr,NL,2003,1978.54,1627.24,254.85
ipsl-cm6a-lr,NL,2004,1884.59,1574.79,160.03
ipsl-cm6a-lr,NL,2005,1825,1540.84,146.32
ipsl-cm6a-lr,NL,2006,1806.15,1654.55,242.11
ipsl-cm6a-lr,NL,2007,1568.3,1075.95,125.99
ipsl-cm6a-lr,NL,2008,1830.91,1445.71,144.87
ipsl-cm6a-lr,NL,2009,1880.67,1710.21,183.76
ipsl-cm6a-lr,NL,2010,2386.01,1701.5,195.1
ipsl-cm6a-lr,NL,2011,1686.47,1737.35,108.16
ipsl-cm6a-lr,NL,2012,1920.23,1460.91,150
ipsl-cm6a-lr,NL,2013,2133.71,1756.52,193.98
ipsl-cm6a-lr,NL,2014,1466.57,1247.08,162.22
ipsl-cm6a-lr,NL,2015,1685.72,1401.84,193.8
ipsl-cm6a-lr,NL,2016,1866.08,1263.42,169.58
ipsl-cm6a-lr,NL,2017,1730.49,1528.61,180.55
ipsl-cm6a-lr,NL,2018,1775.72,1511.38,271.18
ipsl-cm6a-lr,NL,2019,1700.3,1343.1,251.05
ipsl-cm6a-lr,NL,2020,1527.2,1273.74,235.42
ipsl-cm6a-lr,NL,2021,1885.77,1397.24,157.5
ipsl-cm6a-lr,NL,2022,1587.48,1278.39,261.17
ipsl-cm6a-lr,NL,2023,1529.36,1270.98,213.19
ipsl-cm6a-lr,NL,2024,1467.07,1146.66,199.47
ipsl-cm6a-lr,NO,1990,2834.27,2129.93,53.86
ipsl-cm6a-lr,NO,1991,3193.95,2452,70.62
ipsl-cm6a-lr,NO,1992,3107.87,2195.44,63.31
ipsl-cm6a-lr,NO,1993,3360.24,2438.7,16.24
ipsl-cm6a-lr,NO,1994,3420.56,2847.74,106.21
ipsl-cm6a-lr,NO,1995,3371.51,2374.67,85.28
ipsl-cm6a-lr,NO,1996,3653.47,2788.24,67.31
ipsl-cm6a-lr,NO,1997,3207.84,2510.95,145.47
ipsl-cm6a-lr,NO,1998,3209.24,2396.4,17.3
ipsl-cm6a-lr,NO,1999,3106.54,2540.22,56.3
ipsl-cm6a-lr,NO,2000,2826.23,2305.48,28.05
ipsl-cm6a-lr,NO,2001,3361.97,2386.29,59.08
ipsl-cm6a-lr,NO,2002,3213.73,2317.27,121.78
ipsl-cm6a-lr,NO,2003,3138.58,2759.33,99.09
ipsl-cm6a-lr,NO,2004,3081.14,2460.75,71.53
ipsl-cm6a-lr,NO,2005,2975.87,2320.04,69.8
ipsl-cm6a-lr,NO,2006,2960.33,2469.23,119.3
ipsl-cm6a-lr,NO,2007,3004.27,2086.1,68.57
ipsl-cm6a-lr,NO,2008,2962.27,2264.4,89.81
ipsl-cm6a-lr,NO,2009,3197.73,2469.36,75.88
ipsl-cm6a-lr,NO,2010,3945.24,2891.11,54.83
ipsl-cm6a-lr,NO,2011,2948.09,2949.66,53.93
ipsl-cm6a-lr,NO,2012,3323.12,2178.36,28.65
ipsl-cm6a-lr,NO,2013,3292.62,2819.6,65.89
ipsl-cm6a-lr,NO,2014,2790.77,2144.51,120.56
ipsl-cm6a-lr,NO,2015,2893.83,2157.28,51.71
ipsl-cm6a-lr,NO,2016,3128.22,2339.75,58.45
ipsl-cm6a-lr,NO,2017,3102.17,2334.4,39.18
ipsl-cm6a-lr,NO,2018,3289.48,2677.04,150.62
ipsl-cm6a-lr,NO,2019,3153.69,2349.99,82.39
ipsl-cm6a-lr,NO,2020,2730.17,2235.98,99.36
ipsl-cm6a-lr,NO,2021,3257.1,2345.95,102.61
ipsl-cm6a-lr,NO,2022,2975.21,2281.47,80.85
ipsl-cm6a-lr,NO,2023,3286.02,2363.36,74.18
ipsl-cm6a-lr,NO,2024,2969.1,2712.02,61.06
ipsl-cm6a-lr,PL,1990,1970.1,1593.64,244.83
ipsl-cm6a-lr,PL,1991,2493.14,1966.93,270.09
ipsl-cm6a-lr,PL,1992,2344.03,1977.16,436.93
ipsl-cm6a-lr,PL,1993,2459.88,2089.23,205.21
ipsl-cm6a-lr,PL,1994,2207.8,1994.8,382.59
ipsl-cm6a-lr,PL,1995,2463.62,1873.83,340.86
ipsl-cm6a-lr,PL,1996,2914.84,2621.67,237.75
ipsl-cm6a-lr,PL,1997,2541.22,2100.96,277.17
ipsl-cm6a-lr,PL,1998,2342.14,1915.45,252.56
ipsl-cm6a-lr,PL,1999,2235.57,2125.96,312.49
ipsl-cm6a-lr,PL,2000,1973.13,1928.88,261.79
ipsl-cm6a-lr,PL,2001,2405.41,1749.33,306.34
ipsl-cm6a-lr,PL,2002,2249,1868.58,387.64
ipsl-cm6a-lr,PL,2003,2518.62,2346.65,367.76
ipsl-cm6a-lr,PL,2004,2339.18,2078.14,266.6
ipsl-cm6a-lr,PL,2005,2447.63,1997.99,286.73
ipsl-cm6a-lr,PL,2006,2424.64,2373,390.84
ipsl-cm6a-lr,PL,2007,2091.47,1484.54,341.6
ipsl-cm6a-lr,PL,2008,2030.08,1860.65,328.99
ipsl-cm6a-lr,PL,2009,2343.44,1944.58,304.43
ipsl-cm6a-lr,PL,2010,2723.67,2223.62,383.82
ipsl-cm6a-lr,PL,2011,2267.74,2224.99,306.23
ipsl-cm6a-lr,PL,2012,2444.27,2046.58,343.74
ipsl-cm6a-lr,PL,2013,2377.76,2224.69,352.47
ipsl-cm6a-lr,PL,2014,1991.88,1654.4,331.12
ipsl-cm6a-lr,PL,2015,1977.8,1703.49,429.76
ipsl-cm6a-lr,PL,2016,2188.74,1723.47,337.78
ipsl-cm6a-lr,PL,2017,2168.8,1976.41,338.67
ipsl-cm6a-lr,PL,2018,2143.18,1928.3,430.1
ipsl-cm6a-lr,PL,2019,1897.81,1710.44,460.77
ipsl-cm6a-lr,PL,2020,1895.08,1501.01,352.79
ipsl-cm6a-lr,PL,2021,2365,1839.02,382.23
ipsl-cm6a-lr,PL,2022,2074.19,1766.43,426
ipsl-cm6a-lr,PL,2023,1928.73,1644.95,394.46
ipsl-cm6a-lr,PL,2024,1748.58,1524.56,443.35
ipsl-cm6a-lr,PT,1990,741.28,465.32,397.77
ipsl-cm6a-lr,PT,1991,873.63,757.25,390.47
ipsl-cm6a-lr,PT,1992,814.29,718.7,312.46
ipsl-cm6a-lr,PT,1993,839.12,635.62,339.4
ipsl-cm6a-lr,PT,1994,752.11,668.68,304.66
ipsl-cm6a-lr,PT,1995,602.26,535.41,381.53
ipsl-cm6a-lr,PT,1996,767.89,571.85,350.8
ipsl-cm6a-lr,PT,1997,536.66,539.9,274
ipsl-cm6a-lr,PT,1998,679.08,432.55,372.28
ipsl-cm6a-lr,PT,1999,802.89,711.28,336.47
ipsl-cm6a-lr,PT,2000,761.82,673.03,343.75
ipsl-cm6a-lr,PT,2001,748.14,528.35,316.59
ipsl-cm6a-lr,PT,2002,662.09,651.04,299.52
ipsl-cm6a-lr,PT,2003,734.51,576.03,406.25
ipsl-cm6a-lr,PT,2004,796.68,626.36,384.43
ipsl-cm6a-lr,PT,2005,861.72,775.01,435.97
ipsl-cm6a-lr,PT,2006,756.82,728.73,432.07
ipsl-cm6a-lr,PT,2007,784.08,588.28,284.03
ipsl-cm6a-lr,PT,2008,749.57,582.68,316.86
ipsl-cm6a-lr,PT,2009,762.87,736.25,357.21
ipsl-cm6a-lr,PT,2010,786.76,635.01,457.08
ipsl-cm6a-lr,PT,2011,638.03,650.01,378.01
ipsl-cm6a-lr,PT,2012,769.48,638.01,379.02
ipsl-cm6a-lr,PT,2013,845.1,656.51,427.75
ipsl-cm6a-lr,PT,2014,689.68,642.08,323.04
ipsl-cm6a-lr,PT,2015,718.78,700.48,405.21
ipsl-cm6a-lr,PT,2016,748.66,556.17,475.78
ipsl-cm6a-lr,PT,2017,733.35,641.73,442.69
ipsl-cm6a-lr,PT,2018,789.93,704.42,376.53
ipsl-cm6a-lr,PT,2019,713.32,604.14,325.26
ipsl-cm6a-lr,PT,2020,628.36,510.47,443.94
ipsl-cm6a-lr,PT,2021,774.62,641.68,332.01
ipsl-cm6a-lr,PT,2022,658.8,641.11,447.29
ipsl-cm6a-lr,PT,2023,719.4,563.09,469.21
ipsl-cm6a-lr,PT,2024,655.47,546.99,402.62
ipsl-cm6a-lr,RO,1990,2019.79,1847.55,507.77
ipsl-cm6a-lr,RO,1991,2445.72,1989.25,473.26
ipsl-cm6a-lr,RO,1992,2335.66,2174.15,582.45
ipsl-cm6a-lr,RO,1993,2486.67,2200.32,501.71
ipsl-cm6a-lr,RO,1994,2020.72,1889.06,568.18
ipsl-cm6a-lr,RO,1995,2342.69,1937.7,536.98
ipsl-cm6a-lr,RO,1996,2543.85,2533.65,516
ipsl-cm6a-lr,RO,1997,2464.63,2014.73,439.95
ipsl-cm6a-lr,RO,1998,2343.92,2007.55,568.36
ipsl-cm6a-lr,RO,1999,2163.12,2171.11,588.15
ipsl-cm6a-lr,RO,2000,2097.85,2101.98,622.17
ipsl-cm6a-lr,RO,2001,2232.81,1670.36,568.96
ipsl-cm6a-lr,RO,2002,2102.23,1996.94,579.11
ipsl-cm6a-lr,RO,2003,2506.56,2317.73,629.81
ipsl-cm6a-lr,RO,2004,2205.86,2103.74,483.64
ipsl-cm6a-lr,RO,2005,2344.92,2023.71,461.1
ipsl-cm6a-lr,RO,2006,2306.83,2218.02,524.56
ipsl-cm6a-lr,RO,2007,1969.98,1586.24,704.96
ipsl-cm6a-lr,RO,2008,2007.51,1997.13,598.79
ipsl-cm6a-lr,RO,2009,2055.08,1871.53,588.72
ipsl-cm6a-lr,RO,2010,2205.58,1977.36,617.32
ipsl-cm6a-lr,RO,2011,2364.45,2062.81,568.64
ipsl-cm6a-lr,RO,2012,2347.92,2267.01,767.4
ipsl-cm6a-lr,RO,2013,2066.2,1969.28,597.38
ipsl-cm6a-lr,RO,2014,1949.53,1712.48,532.24
ipsl-cm6a-lr,RO,2015,1965.08,1861.71,663.21
ipsl-cm6a-lr,RO,2016,2070.46,1688.97,617.2
ipsl-cm6a-lr,RO,2017,2108.88,2070.87,646.26
ipsl-cm6a-lr,RO,2018,2074.42,1872.38,606.5
ipsl-cm6a-lr,RO,2019,1802,1833.39,645.88
ipsl-cm6a-lr,RO,2020,1851.69,1544.36,609.3
ipsl-cm6a-lr,RO,2021,2084.79,1739.47,631.82
ipsl-cm6a-lr,RO,2022,1937.18,1812.35,702.91
ipsl-cm6a-lr,RO,2023,1716.25,1526.24,679.39
ipsl-cm6a-lr,RO,2024,1705.18,1442.26,832.56
ipsl-cm6a-lr,RS,1990,1774.17,1688.57,511.77
ipsl-cm6a-lr,RS,1991,2244.36,1803.31,498.71
ipsl-cm6a-lr,RS,1992,1986.36,1938.31,644.43
ipsl-cm6a-lr,RS,1993,2189.23,2003.68,594.42
ipsl-cm6a-lr,RS,1994,1787,1641.65,622.11
ipsl-cm6a-lr,RS,1995,2067.77,1748.99,541.39
ipsl-cm6a-lr,RS,1996,2226.73,2215.04,559.09
ipsl-cm6a-lr,RS,1997,2142.66,1759.81,477.74
ipsl-cm6a-lr,RS,1998,2041.24,1743.56,622.8
ipsl-cm6a-lr,RS,1999,1934.81,1947.75,551.53
ipsl-cm6a-lr,RS,2000,1723,1878.11,721
ipsl-cm6a-lr,RS,2001,1899.09,1341.65,583.29
ipsl-cm6a-lr,RS,2002,1722.91,1768.46,632.82
ipsl-cm6a-lr,RS,2003,2144.44,1948.53,750.67
ipsl-cm6a-lr,RS,2004,1933.6,1854.63,543.48
ipsl-cm6a-lr,RS,2005,2138.64,1876.51,493.55
ipsl-cm6a-lr,RS,2006,1967.6,1911.54,559.95
ipsl-cm6a-lr,RS,2007,1689.36,1345.59,741.65
ipsl-cm6a-lr,RS,2008,1696.15,1758.24,643.74
ipsl-cm6a-lr,RS,2009,1807.88,1687.3,616.56
ipsl-cm6a-lr,RS,2010,1860.44,1669.31,625.23
ipsl-cm6a-lr,RS,2011,2057.2,1798.2,639.71
ipsl-cm6a-lr,RS,2012,2010.07,1999.02,797.19
ipsl-cm6a-lr,RS,2013,1745.18,1648.08,661.8
ipsl-cm6a-lr,RS,2014,1523.77,1384.12,551.63
ipsl-cm6a-lr,RS,2015,1728.24,1555.65,750.84
ipsl-cm6a-lr,RS,2016,1807.59,1493.6,602.87
ipsl-cm6a-lr,RS,2017,1863.73,1855.89,775.14
ipsl-cm6a-lr,RS,2018,1684.37,1630.1,643.77
ipsl-cm6a-lr,RS,2019,1530.68,1568.29,726.75
ipsl-cm6a-lr,RS,2020,1636.28,1350.96,611.43
ipsl-cm6a-lr,RS,2021,1818.76,1517.55,739.56
ipsl-cm6a-lr,RS,2022,1605.5,1605.92,791.52
ipsl-cm6a-lr,RS,2023,1405.65,1242.64,698.44
ipsl-cm6a-lr,RS,2024,1388.92,1130.55,926.28
ipsl-cm6a-lr,SE,1990,2368.6,1910.67,100.62
ipsl-cm6a-lr,SE,1991,2746,2202.79,124.96
ipsl-cm6a-lr,SE,1992,2664.78,1985.38,150.19
ipsl-cm6a-lr,SE,1993,2851.3,2237.2,40.97
ipsl-cm6a-lr,SE,1994,2863.37,2497.91,210.66
ipsl-cm6a-lr,SE,1995,2940.63,2119.07,168.79
ipsl-cm6a-lr,SE,1996,3233.24,2688.09,122.92
ipsl-cm6a-lr,SE,1997,2884.79,2258.76,241.74
ipsl-cm6a-lr,SE,1998,2837.52,2223.47,39.22
ipsl-cm6a-lr,SE,1999,2708.8,2399.32,150.34
ipsl-cm6a-lr,SE,2000,2349.06,2106.23,68.69
ipsl-cm6a-lr,SE,2001,2846.1,2061.05,150.18
ipsl-cm6a-lr,SE,2002,2804.13,2067.14,229.39
ipsl-cm6a-lr,SE,2003,2843.25,2604.89,184.75
ipsl-cm6a-lr,SE,2004,2768.23,2311.84,111.29
ipsl-cm6a-lr,SE,2005,2684.9,2246.43,134.61
ipsl-cm6a-lr,SE,2006,2665.86,2413.27,234.16
ipsl-cm6a-lr,SE,2007,2512.51,1814.68,136.87
ipsl-cm6a-lr,SE,2008,2456.88,1986.62,138.24
ipsl-cm6a-lr,SE,2009,2780.48,2226.01,140.54
ipsl-cm6a-lr,SE,2010,3466.99,2646.45,173.98
ipsl-cm6a-lr,SE,2011,2544.97,2715.67,151.36
ipsl-cm6a-lr,SE,2012,2839.21,2018.78,90.19
ipsl-cm6a-lr,SE,2013,2781.68,2535.89,147.86
ipsl-cm6a-lr,SE,2014,2358.98,1866.92,192.06
ipsl-cm6a-lr,SE,2015,2332.85,1885.08,113.14
ipsl-cm6a-lr,SE,2016,2651.81,2056.69,137.03
ipsl-cm6a-lr,SE,2017,2558.13,2094.89,92.8
ipsl-cm6a-lr,SE,2018,2662.38,2284.91,284.39
ipsl-cm6a-lr,SE,2019,2483.41,2032.4,180.73
ipsl-cm6a-lr,SE,2020,2110.15,1818,184.97
ipsl-cm6a-lr,SE,2021,2722.82,1959.27,202.81
ipsl-cm6a-lr,SE,2022,2426.89,2021.31,200.95
ipsl-cm6a-lr,SE,2023,2674.65,2010.57,138.23
ipsl-cm6a-lr,SE,2024,2469.45,2307.72,152.01
ipsl-cm6a-lr,SI,1990,2078.55,1753,311.33
ipsl-cm6a-lr,SI,1991,2476.31,1986.73,359.25
ipsl-cm6a-lr,SI,1992,2121.59,2004.61,429.84
ipsl-cm6a-lr,SI,1993,2252.91,1942.18,355.28
ipsl-cm6a-lr,SI,1994,1917.5,1755.67,437.44
ipsl-cm6a-lr,SI,1995,2211.83,1828.71,310.79
ipsl-cm6a-lr,SI,1996,2462.04,2180.94,290.44
ipsl-cm6a-lr,SI,1997,2245.1,1870.14,301.65
ipsl-cm6a-lr,SI,1998,2188.42,1804.11,405.29
ipsl-cm6a-lr,SI,1999,2165.91,2036.97,326.48
ipsl-cm6a-lr,SI,2000,1851.28,1976.67,409.4
ipsl-cm6a-lr,SI,2001,2100.37,1462.21,402.99
ipsl-cm6a-lr,SI,2002,1873.93,1845.7,385.37
ipsl-cm6a-lr,SI,2003,2296.17,1899.93,586.05
ipsl-cm6a-lr,SI,2004,2261.1,1993.79,342.44
ipsl-cm6a-lr,SI,2005,2360.76,1991.52,310.93
ipsl-cm6a-lr,SI,2006,2167.55,2128.32,391.19
ipsl-cm6a-lr,SI,2007,1907.74,1414.4,413.51
ipsl-cm6a-lr,SI,2008,1974.55,1861.65,392.29
ipsl-cm6a-lr,SI,2009,2061.07,1879.88,398.08
ipsl-cm6a-lr,SI,2010,2280.4,1945.61,412.83
ipsl-cm6a-lr,SI,2011,2114.16,1909.45,412.81
ipsl-cm6a-lr,SI,2012,2089.83,1945.57,500.39
ipsl-cm6a-lr,SI,2013,2124.19,1914.93,472.76
ipsl-cm6a-lr,SI,2014,1633.89,1490.94,331.4
ipsl-cm6a-lr,SI,2015,1929.39,1611.48,498.31
ipsl-cm6a-lr,SI,2016,1999.63,1659.37,403.41
ipsl-cm6a-lr,SI,2017,2069.65,1860.46,520.97
ipsl-cm6a-lr,SI,2018,1940.21,1899.17,449.76
ipsl-cm6a-lr,SI,2019,1856.11,1638.87,520.2
ipsl-cm6a-lr,SI,2020,1920.34,1534.08,400.18
ipsl-cm6a-lr,SI,2021,2184.47,1768.63,478.09
ipsl-cm6a-lr,SI,2022,1900.68,1834.31,543.25
ipsl-cm6a-lr,SI,2023,1757.25,1547.55,442.73
ipsl-cm6a-lr,SI,2024,1618.9,1334.42,602.73
ipsl-cm6a-lr,SK,1990,2270.61,1911.12,319.57
ipsl-cm6a-lr,SK,1991,2672.44,2118.58,342.31
ipsl-cm6a-lr,SK,1992,2455.85,2172.81,484.07
ipsl-cm6a-lr,SK,1993,2563.96,2273.61,320.48
ipsl-cm6a-lr,SK,1994,2217.78,1913.52,449.1
ipsl-cm6a-lr,SK,1995,2483.45,2006.11,366.98
ipsl-cm6a-lr,SK,1996,2745.94,2470.17,295.35
ipsl-cm6a-lr,SK,1997,2604.65,2149.96,310.64
ipsl-cm6a-lr,SK,1998,2401.44,1973.49,382.25
ipsl-cm6a-lr,SK,1999,2372.24,2211.65,336.67
ipsl-cm6a-lr,SK,2000,2143.81,2165.29,385.09
ipsl-cm6a-lr,SK,2001,2454.69,1731.31,367.02
ipsl-cm6a-lr,SK,2002,2269.51,2091.64,418.31
ipsl-cm6a-lr,SK,2003,2583.21,2274.44,478.85
ipsl-cm6a-lr,SK,2004,2455.9,2191.74,313.7
ipsl-cm6a-lr,SK,2005,2597.28,2183.39,315.2
ipsl-cm6a-lr,SK,2006,2473.74,2382.37,390.17
ipsl-cm6a-lr,SK,2007,2149.16,1580.88,456.72
ipsl-cm6a-lr,SK,2008,2091.84,2029.29,375.97
ipsl-cm6a-lr,SK,2009,2312.05,1971.82,396.27
ipsl-cm6a-lr,SK,2010,2499.66,2098.77,398.16
ipsl-cm6a-lr,SK,2011,2363.46,2135.14,366.26
ipsl-cm6a-lr,SK,2012,2395.73,2165.89,469.55
ipsl-cm6a-lr,SK,2013,2319.49,2114.26,446.25
ipsl-cm6a-lr,SK,2014,1820.54,1608.64,360.31
ipsl-cm6a-lr,SK,2015,2119.12,1755.07,533.66
ipsl-cm6a-lr,SK,2016,2245.24,1784.83,395.98
ipsl-cm6a-lr,SK,2017,2328.66,2128.49,483.08
ipsl-cm6a-lr,SK,2018,2120.1,2015.79,483.12
ipsl-cm6a-lr,SK,2019,2001.48,1818.68,521.73
ipsl-cm6a-lr,SK,2020,2088.82,1670.73,410.92
ipsl-cm6a-lr,SK,2021,2378.94,1873.37,457.82
ipsl-cm6a-lr,SK,2022,2084.69,1891.91,515.69
ipsl-cm6a-lr,SK,2023,1951.94,1645.22,444.11
ipsl-cm6a-lr,SK,2024,1771.37,1492.96,569.83
ipsl-cm6a-lr,UK,1990,2243.17,1605.17,30.24
ipsl-cm6a-lr,UK,1991,2415.65,1781.95,23.77
ipsl-cm6a-lr,UK,1992,2408.17,1660.48,7.6
ipsl-cm6a-lr,UK,1993,2413.49,1740.3,3.02
ipsl-cm6a-lr,UK,1994,2321.61,1858.79,7.49
ipsl-cm6a-lr,UK,1995,2280.01,1606.92,94.14
ipsl-cm6a-lr,UK,1996,2483.64,1715.43,18.52
ipsl-cm6a-lr,UK,1997,2105.81,1668.61,38.41
ipsl-cm6a-lr,UK,1998,2140.93,1447.93,7.92
ipsl-cm6a-lr,UK,1999,2181.14,1628.99,26.25
ipsl-cm6a-lr,UK,2000,2330.83,1608.98,25.82
ipsl-cm6a-lr,UK,2001,2338.76,1861.28,12.35
ipsl-cm6a-lr,UK,2002,2205.05,1503.52,11.55
ipsl-cm6a-lr,UK,2003,2240.48,1698.24,37.93
ipsl-cm6a-lr,UK,2004,2191.98,1703.81,19.59
ipsl-cm6a-lr,UK,2005,2113.39,1570.82,23.42
ipsl-cm6a-lr,UK,2006,2167.95,1667.51,59.2
ipsl-cm6a-lr,UK,2007,2013.79,1547.59,10.2
ipsl-cm6a-lr,UK,2008,2332.81,1540.21,10.02
ipsl-cm6a-lr,UK,2009,2291,1787.58,9.48
ipsl-cm6a-lr,UK,2010,2693.01,1898.42,7.08
ipsl-cm6a-lr,UK,2011,2069.2,1934.79,3.33
ipsl-cm6a-lr,UK,2012,2291.32,1365.94,13.03
ipsl-cm6a-lr,UK,2013,2358.44,1864.9,45.96
ipsl-cm6a-lr,UK,2014,2134.05,1604.63,20.46
ipsl-cm6a-lr,UK,2015,2313.75,1700.5,6.28
ipsl-cm6a-lr,UK,2016,2234.67,1556.31,19.13
ipsl-cm6a-lr,UK,2017,2038.62,1553.99,10.47
ipsl-cm6a-lr,UK,2018,2268.13,1705.16,44.19
ipsl-cm6a-lr,UK,2019,2180.51,1495.81,25.74
ipsl-cm6a-lr,UK,2020,2201.6,1687.24,16.47
ipsl-cm6a-lr,UK,2021,2157.23,1663.09,41.28
ipsl-cm6a-lr,UK,2022,2039.5,1441.91,39.55
ipsl-cm6a-lr,UK,2023,1962.08,1542.25,25.41
ipsl-cm6a-lr,UK,2024,2043.29,1517.47,9.05
